solid Uranium STLWriter Thu 28 May 2026 15:25:17
facet normal 0.0 0.0 0.0
  outer loop
    vertex -70.29936981201172 -79.03682708740234 2.000002861022949
    vertex -85.29936981201172 -79.03682708740234 2.86102294921875e-06
    vertex -85.29936981201172 -79.03682708740234 2.00000262260437
  endloop
endfacet
facet normal 0.0 0.0 0.0
  outer loop
    vertex -70.29936981201172 -79.03682708740234 2.000002861022949
    vertex -70.29936981201172 -79.03682708740234 2.86102294921875e-06
    vertex -85.29936981201172 -79.03682708740234 2.86102294921875e-06
  endloop
endfacet
facet normal 0.0 0.0 0.0
  outer loop
    vertex -70.29936981201172 -79.03682708740234 2.000002861022949
    vertex -70.29936981201172 -81.03682708740234 2.86102294921875e-06
    vertex -70.29936981201172 -79.03682708740234 2.86102294921875e-06
  endloop
endfacet
facet normal 0.0 0.0 0.0
  outer loop
    vertex -70.29936981201172 -79.03682708740234 2.000002861022949
    vertex -70.29936981201172 -81.03682708740234 2.000002861022949
    vertex -70.29936981201172 -81.03682708740234 2.86102294921875e-06
  endloop
endfacet
facet normal 0.0 0.0 0.0
  outer loop
    vertex -70.29936981201172 -79.03682708740234 2.86102294921875e-06
    vertex -85.29936981201172 -81.03682708740234 2.86102294921875e-06
    vertex -85.29936981201172 -79.03682708740234 2.86102294921875e-06
  endloop
endfacet
facet normal 0.0 0.0 0.0
  outer loop
    vertex -70.29936981201172 -79.03682708740234 2.86102294921875e-06
    vertex -70.29936981201172 -81.03682708740234 2.86102294921875e-06
    vertex -85.29936981201172 -81.03682708740234 2.86102294921875e-06
  endloop
endfacet
facet normal 0.0 0.0 0.0
  outer loop
    vertex -85.29936981201172 -79.03682708740234 2.00000262260437
    vertex -85.29936981201172 -79.03682708740234 2.86102294921875e-06
    vertex -85.29936981201172 -81.03682708740234 2.86102294921875e-06
  endloop
endfacet
facet normal 0.0 0.0 0.0
  outer loop
    vertex -85.29936981201172 -79.03682708740234 2.00000262260437
    vertex -85.29936981201172 -81.03682708740234 2.86102294921875e-06
    vertex -85.29936981201172 -81.03682708740234 2.00000262260437
  endloop
endfacet
facet normal 0.0 0.0 0.0
  outer loop
    vertex -70.29936981201172 -79.03682708740234 2.000002861022949
    vertex -85.29936981201172 -79.03682708740234 2.00000262260437
    vertex -85.29936981201172 -81.03682708740234 2.00000262260437
  endloop
endfacet
facet normal 0.0 0.0 0.0
  outer loop
    vertex -70.29936981201172 -79.03682708740234 2.000002861022949
    vertex -85.29936981201172 -81.03682708740234 2.00000262260437
    vertex -70.29936981201172 -81.03682708740234 2.000002861022949
  endloop
endfacet
facet normal 0.0 0.0 0.0
  outer loop
    vertex -70.29936981201172 -81.03682708740234 2.000002861022949
    vertex -85.29936981201172 -81.03682708740234 2.00000262260437
    vertex -85.29936981201172 -81.03682708740234 2.86102294921875e-06
  endloop
endfacet
facet normal 0.0 0.0 0.0
  outer loop
    vertex -70.29936981201172 -81.03682708740234 2.000002861022949
    vertex -85.29936981201172 -81.03682708740234 2.86102294921875e-06
    vertex -70.29936981201172 -81.03682708740234 2.86102294921875e-06
  endloop
endfacet
facet normal 0.0 0.0 0.0
  outer loop
    vertex -29.299375534057617 -79.03682708740234 2.0000033378601074
    vertex -70.29936981201172 -79.03682708740234 2.86102294921875e-06
    vertex -70.29936981201172 -79.03682708740234 2.000002861022949
  endloop
endfacet
facet normal 0.0 0.0 0.0
  outer loop
    vertex -29.299375534057617 -79.03682708740234 2.0000033378601074
    vertex -29.299375534057617 -79.03682708740234 3.814697265625e-06
    vertex -70.29936981201172 -79.03682708740234 2.86102294921875e-06
  endloop
endfacet
facet normal 0.0 0.0 0.0
  outer loop
    vertex -29.299375534057617 -79.03682708740234 2.0000033378601074
    vertex -29.299375534057617 -81.03682708740234 3.814697265625e-06
    vertex -29.299375534057617 -79.03682708740234 3.814697265625e-06
  endloop
endfacet
facet normal 0.0 0.0 0.0
  outer loop
    vertex -29.299375534057617 -79.03682708740234 2.0000033378601074
    vertex -29.299375534057617 -81.03682708740234 2.0000033378601074
    vertex -29.299375534057617 -81.03682708740234 3.814697265625e-06
  endloop
endfacet
facet normal 0.0 0.0 0.0
  outer loop
    vertex -29.299375534057617 -79.03682708740234 3.814697265625e-06
    vertex -70.29936981201172 -81.03682708740234 2.86102294921875e-06
    vertex -70.29936981201172 -79.03682708740234 2.86102294921875e-06
  endloop
endfacet
facet normal 0.0 0.0 0.0
  outer loop
    vertex -29.299375534057617 -79.03682708740234 3.814697265625e-06
    vertex -29.299375534057617 -81.03682708740234 3.814697265625e-06
    vertex -70.29936981201172 -81.03682708740234 2.86102294921875e-06
  endloop
endfacet
facet normal 0.0 0.0 0.0
  outer loop
    vertex -70.29936981201172 -79.03682708740234 2.000002861022949
    vertex -70.29936981201172 -79.03682708740234 2.86102294921875e-06
    vertex -70.29936981201172 -81.03682708740234 2.86102294921875e-06
  endloop
endfacet
facet normal 0.0 0.0 0.0
  outer loop
    vertex -70.29936981201172 -79.03682708740234 2.000002861022949
    vertex -70.29936981201172 -81.03682708740234 2.86102294921875e-06
    vertex -70.29936981201172 -81.03682708740234 2.000002861022949
  endloop
endfacet
facet normal 0.0 0.0 0.0
  outer loop
    vertex -29.299375534057617 -79.03682708740234 2.0000033378601074
    vertex -70.29936981201172 -79.03682708740234 2.000002861022949
    vertex -70.29936981201172 -81.03682708740234 2.000002861022949
  endloop
endfacet
facet normal 0.0 0.0 0.0
  outer loop
    vertex -29.299375534057617 -79.03682708740234 2.0000033378601074
    vertex -70.29936981201172 -81.03682708740234 2.000002861022949
    vertex -29.299375534057617 -81.03682708740234 2.0000033378601074
  endloop
endfacet
facet normal 0.0 0.0 0.0
  outer loop
    vertex -29.299375534057617 -81.03682708740234 2.0000033378601074
    vertex -70.29936981201172 -81.03682708740234 2.000002861022949
    vertex -70.29936981201172 -81.03682708740234 2.86102294921875e-06
  endloop
endfacet
facet normal 0.0 0.0 0.0
  outer loop
    vertex -29.299375534057617 -81.03682708740234 2.0000033378601074
    vertex -70.29936981201172 -81.03682708740234 2.86102294921875e-06
    vertex -29.299375534057617 -81.03682708740234 3.814697265625e-06
  endloop
endfacet
facet normal 0.0 0.0 0.0
  outer loop
    vertex -29.299375534057617 -43.036834716796875 2.000004291534424
    vertex -70.29936981201172 -43.036834716796875 3.814697265625e-06
    vertex -70.29936981201172 -43.036834716796875 2.0000038146972656
  endloop
endfacet
facet normal 0.0 0.0 0.0
  outer loop
    vertex -29.299375534057617 -43.036834716796875 2.000004291534424
    vertex -29.299375534057617 -43.036834716796875 4.76837158203125e-06
    vertex -70.29936981201172 -43.036834716796875 3.814697265625e-06
  endloop
endfacet
facet normal 0.0 0.0 0.0
  outer loop
    vertex -29.299375534057617 -43.036834716796875 2.000004291534424
    vertex -29.299375534057617 -45.036834716796875 4.76837158203125e-06
    vertex -29.299375534057617 -43.036834716796875 4.76837158203125e-06
  endloop
endfacet
facet normal 0.0 0.0 0.0
  outer loop
    vertex -29.299375534057617 -43.036834716796875 2.000004291534424
    vertex -29.299375534057617 -45.036834716796875 2.000004291534424
    vertex -29.299375534057617 -45.036834716796875 4.76837158203125e-06
  endloop
endfacet
facet normal 0.0 0.0 0.0
  outer loop
    vertex -29.299375534057617 -43.036834716796875 4.76837158203125e-06
    vertex -70.29936981201172 -45.036834716796875 3.814697265625e-06
    vertex -70.29936981201172 -43.036834716796875 3.814697265625e-06
  endloop
endfacet
facet normal 0.0 0.0 0.0
  outer loop
    vertex -29.299375534057617 -43.036834716796875 4.76837158203125e-06
    vertex -29.299375534057617 -45.036834716796875 4.76837158203125e-06
    vertex -70.29936981201172 -45.036834716796875 3.814697265625e-06
  endloop
endfacet
facet normal 0.0 0.0 0.0
  outer loop
    vertex -70.29936981201172 -43.036834716796875 2.0000038146972656
    vertex -70.29936981201172 -43.036834716796875 3.814697265625e-06
    vertex -70.29936981201172 -45.036834716796875 3.814697265625e-06
  endloop
endfacet
facet normal 0.0 0.0 0.0
  outer loop
    vertex -70.29936981201172 -43.036834716796875 2.0000038146972656
    vertex -70.29936981201172 -45.036834716796875 3.814697265625e-06
    vertex -70.29936981201172 -45.036834716796875 2.0000038146972656
  endloop
endfacet
facet normal 0.0 0.0 0.0
  outer loop
    vertex -29.299375534057617 -43.036834716796875 2.000004291534424
    vertex -70.29936981201172 -43.036834716796875 2.0000038146972656
    vertex -70.29936981201172 -45.036834716796875 2.0000038146972656
  endloop
endfacet
facet normal 0.0 0.0 0.0
  outer loop
    vertex -29.299375534057617 -43.036834716796875 2.000004291534424
    vertex -70.29936981201172 -45.036834716796875 2.0000038146972656
    vertex -29.299375534057617 -45.036834716796875 2.000004291534424
  endloop
endfacet
facet normal 0.0 0.0 0.0
  outer loop
    vertex -29.299375534057617 -45.036834716796875 2.000004291534424
    vertex -70.29936981201172 -45.036834716796875 2.0000038146972656
    vertex -70.29936981201172 -45.036834716796875 3.814697265625e-06
  endloop
endfacet
facet normal 0.0 0.0 0.0
  outer loop
    vertex -29.299375534057617 -45.036834716796875 2.000004291534424
    vertex -70.29936981201172 -45.036834716796875 3.814697265625e-06
    vertex -29.299375534057617 -45.036834716796875 4.76837158203125e-06
  endloop
endfacet
facet normal 0.0 0.0 0.0
  outer loop
    vertex -14.29937744140625 -45.036834716796875 2.000004529953003
    vertex -85.29936981201172 -45.036834716796875 3.814697265625e-06
    vertex -85.29936981201172 -45.036834716796875 2.0000035762786865
  endloop
endfacet
facet normal 0.0 0.0 0.0
  outer loop
    vertex -14.29937744140625 -45.036834716796875 2.000004529953003
    vertex -14.29937744140625 -45.036834716796875 4.76837158203125e-06
    vertex -85.29936981201172 -45.036834716796875 3.814697265625e-06
  endloop
endfacet
facet normal 0.0 0.0 0.0
  outer loop
    vertex -14.29937744140625 -45.036834716796875 2.000004529953003
    vertex -14.29937744140625 -79.03682708740234 3.814697265625e-06
    vertex -14.29937744140625 -45.036834716796875 4.76837158203125e-06
  endloop
endfacet
facet normal 0.0 0.0 0.0
  outer loop
    vertex -14.29937744140625 -45.036834716796875 2.000004529953003
    vertex -14.29937744140625 -79.03682708740234 2.0000035762786865
    vertex -14.29937744140625 -79.03682708740234 3.814697265625e-06
  endloop
endfacet
facet normal 0.0 0.0 0.0
  outer loop
    vertex -14.29937744140625 -45.036834716796875 4.76837158203125e-06
    vertex -85.29936981201172 -79.03682708740234 2.86102294921875e-06
    vertex -85.29936981201172 -45.036834716796875 3.814697265625e-06
  endloop
endfacet
facet normal 0.0 0.0 0.0
  outer loop
    vertex -14.29937744140625 -45.036834716796875 4.76837158203125e-06
    vertex -14.29937744140625 -79.03682708740234 3.814697265625e-06
    vertex -85.29936981201172 -79.03682708740234 2.86102294921875e-06
  endloop
endfacet
facet normal 0.0 0.0 0.0
  outer loop
    vertex -85.29936981201172 -45.036834716796875 2.0000035762786865
    vertex -85.29936981201172 -45.036834716796875 3.814697265625e-06
    vertex -85.29936981201172 -79.03682708740234 2.86102294921875e-06
  endloop
endfacet
facet normal 0.0 0.0 0.0
  outer loop
    vertex -85.29936981201172 -45.036834716796875 2.0000035762786865
    vertex -85.29936981201172 -79.03682708740234 2.86102294921875e-06
    vertex -85.29936981201172 -79.03682708740234 2.00000262260437
  endloop
endfacet
facet normal 0.0 0.0 0.0
  outer loop
    vertex -14.29937744140625 -45.036834716796875 2.000004529953003
    vertex -85.29936981201172 -45.036834716796875 2.0000035762786865
    vertex -85.29936981201172 -79.03682708740234 2.00000262260437
  endloop
endfacet
facet normal 0.0 0.0 0.0
  outer loop
    vertex -14.29937744140625 -45.036834716796875 2.000004529953003
    vertex -85.29936981201172 -79.03682708740234 2.00000262260437
    vertex -14.29937744140625 -79.03682708740234 2.0000035762786865
  endloop
endfacet
facet normal 0.0 0.0 0.0
  outer loop
    vertex -14.29937744140625 -79.03682708740234 2.0000035762786865
    vertex -85.29936981201172 -79.03682708740234 2.00000262260437
    vertex -85.29936981201172 -79.03682708740234 2.86102294921875e-06
  endloop
endfacet
facet normal 0.0 0.0 0.0
  outer loop
    vertex -14.29937744140625 -79.03682708740234 2.0000035762786865
    vertex -85.29936981201172 -79.03682708740234 2.86102294921875e-06
    vertex -14.29937744140625 -79.03682708740234 3.814697265625e-06
  endloop
endfacet
facet normal 0.0 0.0 0.0
  outer loop
    vertex -78.79936981201172 -50.53683090209961 7.500002861022949
    vertex -80.92069244384766 -48.41551208496094 7.500002861022949
    vertex -81.29377746582031 -48.870121002197266 7.500002861022949
  endloop
endfacet
facet normal 0.0 0.0 0.0
  outer loop
    vertex -78.79936981201172 -50.53683090209961 2.0000033378601074
    vertex -81.29377746582031 -48.87012481689453 2.0000035762786865
    vertex -80.92069244384766 -48.4155158996582 2.0000035762786865
  endloop
endfacet
facet normal 0.0 0.0 0.0
  outer loop
    vertex -78.79936981201172 -50.53683090209961 7.500002861022949
    vertex -81.29377746582031 -48.870121002197266 7.500002861022949
    vertex -81.57100677490234 -49.3887825012207 7.500002861022949
  endloop
endfacet
facet normal 0.0 0.0 0.0
  outer loop
    vertex -78.79936981201172 -50.53683090209961 2.0000033378601074
    vertex -81.57101440429688 -49.38878631591797 2.0000033378601074
    vertex -81.29377746582031 -48.87012481689453 2.0000035762786865
  endloop
endfacet
facet normal 0.0 0.0 0.0
  outer loop
    vertex -78.79936981201172 -50.53683090209961 7.500002861022949
    vertex -81.57100677490234 -49.3887825012207 7.500002861022949
    vertex -81.74172973632812 -49.951560974121094 7.500002861022949
  endloop
endfacet
facet normal 0.0 0.0 0.0
  outer loop
    vertex -78.79936981201172 -50.53683090209961 2.0000033378601074
    vertex -81.74172973632812 -49.951568603515625 2.0000033378601074
    vertex -81.57101440429688 -49.38878631591797 2.0000033378601074
  endloop
endfacet
facet normal 0.0 0.0 0.0
  outer loop
    vertex -78.79936981201172 -50.53683090209961 7.500002861022949
    vertex -81.74172973632812 -49.951560974121094 7.500002861022949
    vertex -81.79936981201172 -50.53683090209961 7.500002861022949
  endloop
endfacet
facet normal 0.0 0.0 0.0
  outer loop
    vertex -78.79936981201172 -50.53683090209961 2.0000033378601074
    vertex -81.79936981201172 -50.53683853149414 2.0000033378601074
    vertex -81.74172973632812 -49.951568603515625 2.0000033378601074
  endloop
endfacet
facet normal 0.0 0.0 0.0
  outer loop
    vertex -78.79936981201172 -50.53683090209961 7.500002861022949
    vertex -81.79936981201172 -50.53683090209961 7.500002861022949
    vertex -81.74172973632812 -51.122100830078125 7.500002861022949
  endloop
endfacet
facet normal 0.0 0.0 0.0
  outer loop
    vertex -78.79936981201172 -50.53683090209961 2.0000033378601074
    vertex -81.7417221069336 -51.122108459472656 2.0000033378601074
    vertex -81.79936981201172 -50.53683853149414 2.0000033378601074
  endloop
endfacet
facet normal 0.0 0.0 0.0
  outer loop
    vertex -78.79936981201172 -50.53683090209961 7.500002861022949
    vertex -81.74172973632812 -51.122100830078125 7.500002861022949
    vertex -81.57100677490234 -51.68488311767578 7.500002861022949
  endloop
endfacet
facet normal 0.0 0.0 0.0
  outer loop
    vertex -78.79936981201172 -50.53683090209961 2.0000033378601074
    vertex -81.57100677490234 -51.68488693237305 2.0000033378601074
    vertex -81.7417221069336 -51.122108459472656 2.0000033378601074
  endloop
endfacet
facet normal 0.0 0.0 0.0
  outer loop
    vertex -78.79936981201172 -50.53683090209961 7.500002861022949
    vertex -81.57100677490234 -51.68488311767578 7.500002861022949
    vertex -81.29377746582031 -52.20354080200195 7.500002861022949
  endloop
endfacet
facet normal 0.0 0.0 0.0
  outer loop
    vertex -78.79936981201172 -50.53683090209961 2.0000033378601074
    vertex -81.29377746582031 -52.20354461669922 2.0000033378601074
    vertex -81.57100677490234 -51.68488693237305 2.0000033378601074
  endloop
endfacet
facet normal 0.0 0.0 0.0
  outer loop
    vertex -78.79936981201172 -50.53683090209961 7.500002861022949
    vertex -81.29377746582031 -52.20354080200195 7.500002861022949
    vertex -80.92069244384766 -52.65814971923828 7.500002861022949
  endloop
endfacet
facet normal 0.0 0.0 0.0
  outer loop
    vertex -78.79936981201172 -50.53683090209961 2.0000033378601074
    vertex -80.92068481445312 -52.65815353393555 2.0000033378601074
    vertex -81.29377746582031 -52.20354461669922 2.0000033378601074
  endloop
endfacet
facet normal 0.0 0.0 0.0
  outer loop
    vertex -78.79936981201172 -50.53683090209961 7.500002861022949
    vertex -80.92069244384766 -52.65814971923828 7.500002861022949
    vertex -80.46607971191406 -53.0312385559082 7.500002861022949
  endloop
endfacet
facet normal 0.0 0.0 0.0
  outer loop
    vertex -78.79936981201172 -50.53683090209961 2.0000033378601074
    vertex -80.46607971191406 -53.03124237060547 2.0000033378601074
    vertex -80.92068481445312 -52.65815353393555 2.0000033378601074
  endloop
endfacet
facet normal 0.0 0.0 0.0
  outer loop
    vertex -78.79936981201172 -50.53683090209961 7.500002861022949
    vertex -80.46607971191406 -53.0312385559082 7.500002861022949
    vertex -79.94741821289062 -53.3084716796875 7.500002861022949
  endloop
endfacet
facet normal 0.0 0.0 0.0
  outer loop
    vertex -78.79936981201172 -50.53683090209961 2.0000033378601074
    vertex -79.94741821289062 -53.3084716796875 2.0000033378601074
    vertex -80.46607971191406 -53.03124237060547 2.0000033378601074
  endloop
endfacet
facet normal 0.0 0.0 0.0
  outer loop
    vertex -78.79936981201172 -50.53683090209961 7.500002861022949
    vertex -79.94741821289062 -53.3084716796875 7.500002861022949
    vertex -79.3846435546875 -53.47918701171875 7.500002861022949
  endloop
endfacet
facet normal 0.0 0.0 0.0
  outer loop
    vertex -78.79936981201172 -50.53683090209961 2.0000033378601074
    vertex -79.3846435546875 -53.47918701171875 2.0000033378601074
    vertex -79.94741821289062 -53.3084716796875 2.0000033378601074
  endloop
endfacet
facet normal 0.0 0.0 0.0
  outer loop
    vertex -78.79936981201172 -50.53683090209961 7.500002861022949
    vertex -79.3846435546875 -53.47918701171875 7.500002861022949
    vertex -78.79936981201172 -53.53683090209961 7.500002861022949
  endloop
endfacet
facet normal 0.0 0.0 0.0
  outer loop
    vertex -78.79936981201172 -50.53683090209961 2.0000033378601074
    vertex -78.79936981201172 -53.53683090209961 2.0000033378601074
    vertex -79.3846435546875 -53.47918701171875 2.0000033378601074
  endloop
endfacet
facet normal 0.0 0.0 0.0
  outer loop
    vertex -78.79936981201172 -50.53683090209961 7.500002861022949
    vertex -78.79936981201172 -53.53683090209961 7.500002861022949
    vertex -78.21409606933594 -53.47918701171875 7.500002861022949
  endloop
endfacet
facet normal 0.0 0.0 0.0
  outer loop
    vertex -78.79936981201172 -50.53683090209961 2.0000033378601074
    vertex -78.21410369873047 -53.47918701171875 2.0000033378601074
    vertex -78.79936981201172 -53.53683090209961 2.0000033378601074
  endloop
endfacet
facet normal 0.0 0.0 0.0
  outer loop
    vertex -78.79936981201172 -50.53683090209961 7.500002861022949
    vertex -78.21409606933594 -53.47918701171875 7.500002861022949
    vertex -77.65132141113281 -53.3084716796875 7.500002861022949
  endloop
endfacet
facet normal 0.0 0.0 0.0
  outer loop
    vertex -78.79936981201172 -50.53683090209961 2.0000033378601074
    vertex -77.65132141113281 -53.3084716796875 2.0000033378601074
    vertex -78.21410369873047 -53.47918701171875 2.0000033378601074
  endloop
endfacet
facet normal 0.0 0.0 0.0
  outer loop
    vertex -78.79936981201172 -50.53683090209961 7.500002861022949
    vertex -77.65132141113281 -53.3084716796875 7.500002861022949
    vertex -77.13265991210938 -53.0312385559082 7.500002861022949
  endloop
endfacet
facet normal 0.0 0.0 0.0
  outer loop
    vertex -78.79936981201172 -50.53683090209961 2.0000033378601074
    vertex -77.13265991210938 -53.03124237060547 2.0000033378601074
    vertex -77.65132141113281 -53.3084716796875 2.0000033378601074
  endloop
endfacet
facet normal 0.0 0.0 0.0
  outer loop
    vertex -78.79936981201172 -50.53683090209961 7.500002861022949
    vertex -77.13265991210938 -53.0312385559082 7.500002861022949
    vertex -76.67804718017578 -52.65814971923828 7.500002861022949
  endloop
endfacet
facet normal 0.0 0.0 0.0
  outer loop
    vertex -78.79936981201172 -50.53683090209961 2.0000033378601074
    vertex -76.67805480957031 -52.65815734863281 2.0000033378601074
    vertex -77.13265991210938 -53.03124237060547 2.0000033378601074
  endloop
endfacet
facet normal 0.0 0.0 0.0
  outer loop
    vertex -78.79936981201172 -50.53683090209961 7.500002861022949
    vertex -76.67804718017578 -52.65814971923828 7.500002861022949
    vertex -76.30496215820312 -52.20354080200195 7.500002861022949
  endloop
endfacet
facet normal 0.0 0.0 0.0
  outer loop
    vertex -78.79936981201172 -50.53683090209961 2.0000033378601074
    vertex -76.30496215820312 -52.203548431396484 2.0000033378601074
    vertex -76.67805480957031 -52.65815734863281 2.0000033378601074
  endloop
endfacet
facet normal 0.0 0.0 0.0
  outer loop
    vertex -78.79936981201172 -50.53683090209961 7.500002861022949
    vertex -76.30496215820312 -52.20354080200195 7.500002861022949
    vertex -76.02772521972656 -51.684879302978516 7.500002861022949
  endloop
endfacet
facet normal 0.0 0.0 0.0
  outer loop
    vertex -78.79936981201172 -50.53683090209961 2.0000033378601074
    vertex -76.0277328491211 -51.68489074707031 2.0000033378601074
    vertex -76.30496215820312 -52.203548431396484 2.0000033378601074
  endloop
endfacet
facet normal 0.0 0.0 0.0
  outer loop
    vertex -78.79936981201172 -50.53683090209961 7.500002861022949
    vertex -76.02772521972656 -51.684879302978516 7.500002861022949
    vertex -75.85700988769531 -51.122100830078125 7.500002861022949
  endloop
endfacet
facet normal 0.0 0.0 0.0
  outer loop
    vertex -78.79936981201172 -50.53683090209961 2.0000033378601074
    vertex -75.85701751708984 -51.12211227416992 2.0000035762786865
    vertex -76.0277328491211 -51.68489074707031 2.0000033378601074
  endloop
endfacet
facet normal 0.0 0.0 0.0
  outer loop
    vertex -78.79936981201172 -50.53683090209961 7.500002861022949
    vertex -75.85700988769531 -51.122100830078125 7.500002861022949
    vertex -75.79936981201172 -50.536827087402344 7.500002861022949
  endloop
endfacet
facet normal 0.0 0.0 0.0
  outer loop
    vertex -78.79936981201172 -50.53683090209961 2.0000033378601074
    vertex -75.79936981201172 -50.536842346191406 2.0000035762786865
    vertex -75.85701751708984 -51.12211227416992 2.0000035762786865
  endloop
endfacet
facet normal 0.0 0.0 0.0
  outer loop
    vertex -78.79936981201172 -50.53683090209961 7.500002861022949
    vertex -75.79936981201172 -50.536827087402344 7.500002861022949
    vertex -75.85700988769531 -49.951560974121094 7.500002861022949
  endloop
endfacet
facet normal 0.0 0.0 0.0
  outer loop
    vertex -78.79936981201172 -50.53683090209961 2.0000033378601074
    vertex -75.85700988769531 -49.95157241821289 2.0000035762786865
    vertex -75.79936981201172 -50.536842346191406 2.0000035762786865
  endloop
endfacet
facet normal 0.0 0.0 0.0
  outer loop
    vertex -78.79936981201172 -50.53683090209961 7.500002861022949
    vertex -75.85700988769531 -49.951560974121094 7.500002861022949
    vertex -76.0277328491211 -49.38877868652344 7.500002861022949
  endloop
endfacet
facet normal 0.0 0.0 0.0
  outer loop
    vertex -78.79936981201172 -50.53683090209961 2.0000033378601074
    vertex -76.02772521972656 -49.3887939453125 2.0000033378601074
    vertex -75.85700988769531 -49.95157241821289 2.0000035762786865
  endloop
endfacet
facet normal 0.0 0.0 0.0
  outer loop
    vertex -78.79936981201172 -50.53683090209961 7.500002861022949
    vertex -76.0277328491211 -49.38877868652344 7.500002861022949
    vertex -76.30496215820312 -48.8701171875 7.500002861022949
  endloop
endfacet
facet normal 0.0 0.0 0.0
  outer loop
    vertex -78.79936981201172 -50.53683090209961 2.0000033378601074
    vertex -76.3049545288086 -48.87013244628906 2.0000035762786865
    vertex -76.02772521972656 -49.3887939453125 2.0000033378601074
  endloop
endfacet
facet normal 0.0 0.0 0.0
  outer loop
    vertex -78.79936981201172 -50.53683090209961 7.500002861022949
    vertex -76.30496215820312 -48.8701171875 7.500002861022949
    vertex -76.67805480957031 -48.41551208496094 7.500002861022949
  endloop
endfacet
facet normal 0.0 0.0 0.0
  outer loop
    vertex -78.79936981201172 -50.53683090209961 2.0000033378601074
    vertex -76.67803955078125 -48.415523529052734 2.0000035762786865
    vertex -76.3049545288086 -48.87013244628906 2.0000035762786865
  endloop
endfacet
facet normal 0.0 0.0 0.0
  outer loop
    vertex -78.79936981201172 -50.53683090209961 7.500002861022949
    vertex -76.67805480957031 -48.41551208496094 7.500002861022949
    vertex -77.13265991210938 -48.042423248291016 7.500002861022949
  endloop
endfacet
facet normal 0.0 0.0 0.0
  outer loop
    vertex -78.79936981201172 -50.53683090209961 2.0000033378601074
    vertex -77.13264465332031 -48.04243469238281 2.0000035762786865
    vertex -76.67803955078125 -48.415523529052734 2.0000035762786865
  endloop
endfacet
facet normal 0.0 0.0 0.0
  outer loop
    vertex -78.79936981201172 -50.53683090209961 7.500002861022949
    vertex -77.13265991210938 -48.042423248291016 7.500002861022949
    vertex -77.65132141113281 -47.765193939208984 7.500002861022949
  endloop
endfacet
facet normal 0.0 0.0 0.0
  outer loop
    vertex -78.79936981201172 -50.53683090209961 2.0000033378601074
    vertex -77.65130615234375 -47.765201568603516 2.0000035762786865
    vertex -77.13264465332031 -48.04243469238281 2.0000035762786865
  endloop
endfacet
facet normal 0.0 0.0 0.0
  outer loop
    vertex -78.79936981201172 -50.53683090209961 7.500002861022949
    vertex -77.65132141113281 -47.765193939208984 7.500002861022949
    vertex -78.21410369873047 -47.59447479248047 7.500002861022949
  endloop
endfacet
facet normal 0.0 0.0 0.0
  outer loop
    vertex -78.79936981201172 -50.53683090209961 2.0000033378601074
    vertex -78.21408081054688 -47.594482421875 2.0000035762786865
    vertex -77.65130615234375 -47.765201568603516 2.0000035762786865
  endloop
endfacet
facet normal 0.0 0.0 0.0
  outer loop
    vertex -78.79936981201172 -50.53683090209961 7.500002861022949
    vertex -78.21410369873047 -47.59447479248047 7.500002861022949
    vertex -78.79937744140625 -47.536834716796875 7.500002861022949
  endloop
endfacet
facet normal 0.0 0.0 0.0
  outer loop
    vertex -78.79936981201172 -50.53683090209961 2.0000033378601074
    vertex -78.79934692382812 -47.536834716796875 2.0000035762786865
    vertex -78.21408081054688 -47.594482421875 2.0000035762786865
  endloop
endfacet
facet normal 0.0 0.0 0.0
  outer loop
    vertex -78.79936981201172 -50.53683090209961 7.500002861022949
    vertex -78.79937744140625 -47.536834716796875 7.500002861022949
    vertex -79.3846435546875 -47.594478607177734 7.500002861022949
  endloop
endfacet
facet normal 0.0 0.0 0.0
  outer loop
    vertex -78.79936981201172 -50.53683090209961 2.0000033378601074
    vertex -79.3846206665039 -47.59447479248047 2.0000035762786865
    vertex -78.79934692382812 -47.536834716796875 2.0000035762786865
  endloop
endfacet
facet normal 0.0 0.0 0.0
  outer loop
    vertex -78.79936981201172 -50.53683090209961 7.500002861022949
    vertex -79.3846435546875 -47.594478607177734 7.500002861022949
    vertex -79.94742584228516 -47.76519775390625 7.500002861022949
  endloop
endfacet
facet normal 0.0 0.0 0.0
  outer loop
    vertex -78.79936981201172 -50.53683090209961 2.0000033378601074
    vertex -79.94740295410156 -47.76518249511719 2.0000035762786865
    vertex -79.3846206665039 -47.59447479248047 2.0000035762786865
  endloop
endfacet
facet normal 0.0 0.0 0.0
  outer loop
    vertex -78.79936981201172 -50.53683090209961 7.500002861022949
    vertex -79.94742584228516 -47.76519775390625 7.500002861022949
    vertex -80.4660873413086 -48.04242706298828 7.500002861022949
  endloop
endfacet
facet normal 0.0 0.0 0.0
  outer loop
    vertex -78.79936981201172 -50.53683090209961 2.0000033378601074
    vertex -80.466064453125 -48.04241180419922 2.0000035762786865
    vertex -79.94740295410156 -47.76518249511719 2.0000035762786865
  endloop
endfacet
facet normal 0.0 0.0 0.0
  outer loop
    vertex -80.4660873413086 -48.04242706298828 7.500002861022949
    vertex -80.92069244384766 -48.41551208496094 7.500002861022949
    vertex -78.79936981201172 -50.53683090209961 7.500002861022949
  endloop
endfacet
facet normal 0.0 0.0 0.0
  outer loop
    vertex -78.79936981201172 -50.53683090209961 2.0000033378601074
    vertex -80.92069244384766 -48.4155158996582 2.0000035762786865
    vertex -80.466064453125 -48.04241180419922 2.0000035762786865
  endloop
endfacet
facet normal 0.0 0.0 0.0
  outer loop
    vertex -80.92069244384766 -48.41551208496094 7.500002861022949
    vertex -80.92069244384766 -48.4155158996582 2.0000035762786865
    vertex -81.29377746582031 -48.87012481689453 2.0000035762786865
  endloop
endfacet
facet normal 0.0 0.0 0.0
  outer loop
    vertex -80.92069244384766 -48.41551208496094 7.500002861022949
    vertex -81.29377746582031 -48.87012481689453 2.0000035762786865
    vertex -81.29377746582031 -48.870121002197266 7.500002861022949
  endloop
endfacet
facet normal 0.0 0.0 0.0
  outer loop
    vertex -81.29377746582031 -48.870121002197266 7.500002861022949
    vertex -81.29377746582031 -48.87012481689453 2.0000035762786865
    vertex -81.57101440429688 -49.38878631591797 2.0000033378601074
  endloop
endfacet
facet normal 0.0 0.0 0.0
  outer loop
    vertex -81.29377746582031 -48.870121002197266 7.500002861022949
    vertex -81.57101440429688 -49.38878631591797 2.0000033378601074
    vertex -81.57100677490234 -49.3887825012207 7.500002861022949
  endloop
endfacet
facet normal 0.0 0.0 0.0
  outer loop
    vertex -81.57100677490234 -49.3887825012207 7.500002861022949
    vertex -81.57101440429688 -49.38878631591797 2.0000033378601074
    vertex -81.74172973632812 -49.951568603515625 2.0000033378601074
  endloop
endfacet
facet normal 0.0 0.0 0.0
  outer loop
    vertex -81.57100677490234 -49.3887825012207 7.500002861022949
    vertex -81.74172973632812 -49.951568603515625 2.0000033378601074
    vertex -81.74172973632812 -49.951560974121094 7.500002861022949
  endloop
endfacet
facet normal 0.0 0.0 0.0
  outer loop
    vertex -81.74172973632812 -49.951560974121094 7.500002861022949
    vertex -81.74172973632812 -49.951568603515625 2.0000033378601074
    vertex -81.79936981201172 -50.53683853149414 2.0000033378601074
  endloop
endfacet
facet normal 0.0 0.0 0.0
  outer loop
    vertex -81.74172973632812 -49.951560974121094 7.500002861022949
    vertex -81.79936981201172 -50.53683853149414 2.0000033378601074
    vertex -81.79936981201172 -50.53683090209961 7.500002861022949
  endloop
endfacet
facet normal 0.0 0.0 0.0
  outer loop
    vertex -81.79936981201172 -50.53683090209961 7.500002861022949
    vertex -81.79936981201172 -50.53683853149414 2.0000033378601074
    vertex -81.7417221069336 -51.122108459472656 2.0000033378601074
  endloop
endfacet
facet normal 0.0 0.0 0.0
  outer loop
    vertex -81.79936981201172 -50.53683090209961 7.500002861022949
    vertex -81.7417221069336 -51.122108459472656 2.0000033378601074
    vertex -81.74172973632812 -51.122100830078125 7.500002861022949
  endloop
endfacet
facet normal 0.0 0.0 0.0
  outer loop
    vertex -81.74172973632812 -51.122100830078125 7.500002861022949
    vertex -81.7417221069336 -51.122108459472656 2.0000033378601074
    vertex -81.57100677490234 -51.68488693237305 2.0000033378601074
  endloop
endfacet
facet normal 0.0 0.0 0.0
  outer loop
    vertex -81.74172973632812 -51.122100830078125 7.500002861022949
    vertex -81.57100677490234 -51.68488693237305 2.0000033378601074
    vertex -81.57100677490234 -51.68488311767578 7.500002861022949
  endloop
endfacet
facet normal 0.0 0.0 0.0
  outer loop
    vertex -81.57100677490234 -51.68488311767578 7.500002861022949
    vertex -81.57100677490234 -51.68488693237305 2.0000033378601074
    vertex -81.29377746582031 -52.20354461669922 2.0000033378601074
  endloop
endfacet
facet normal 0.0 0.0 0.0
  outer loop
    vertex -81.57100677490234 -51.68488311767578 7.500002861022949
    vertex -81.29377746582031 -52.20354461669922 2.0000033378601074
    vertex -81.29377746582031 -52.20354080200195 7.500002861022949
  endloop
endfacet
facet normal 0.0 0.0 0.0
  outer loop
    vertex -81.29377746582031 -52.20354080200195 7.500002861022949
    vertex -81.29377746582031 -52.20354461669922 2.0000033378601074
    vertex -80.92068481445312 -52.65815353393555 2.0000033378601074
  endloop
endfacet
facet normal 0.0 0.0 0.0
  outer loop
    vertex -81.29377746582031 -52.20354080200195 7.500002861022949
    vertex -80.92068481445312 -52.65815353393555 2.0000033378601074
    vertex -80.92069244384766 -52.65814971923828 7.500002861022949
  endloop
endfacet
facet normal 0.0 0.0 0.0
  outer loop
    vertex -80.92069244384766 -52.65814971923828 7.500002861022949
    vertex -80.92068481445312 -52.65815353393555 2.0000033378601074
    vertex -80.46607971191406 -53.03124237060547 2.0000033378601074
  endloop
endfacet
facet normal 0.0 0.0 0.0
  outer loop
    vertex -80.92069244384766 -52.65814971923828 7.500002861022949
    vertex -80.46607971191406 -53.03124237060547 2.0000033378601074
    vertex -80.46607971191406 -53.0312385559082 7.500002861022949
  endloop
endfacet
facet normal 0.0 0.0 0.0
  outer loop
    vertex -80.46607971191406 -53.0312385559082 7.500002861022949
    vertex -80.46607971191406 -53.03124237060547 2.0000033378601074
    vertex -79.94741821289062 -53.3084716796875 2.0000033378601074
  endloop
endfacet
facet normal 0.0 0.0 0.0
  outer loop
    vertex -80.46607971191406 -53.0312385559082 7.500002861022949
    vertex -79.94741821289062 -53.3084716796875 2.0000033378601074
    vertex -79.94741821289062 -53.3084716796875 7.500002861022949
  endloop
endfacet
facet normal 0.0 0.0 0.0
  outer loop
    vertex -79.94741821289062 -53.3084716796875 7.500002861022949
    vertex -79.94741821289062 -53.3084716796875 2.0000033378601074
    vertex -79.3846435546875 -53.47918701171875 2.0000033378601074
  endloop
endfacet
facet normal 0.0 0.0 0.0
  outer loop
    vertex -79.94741821289062 -53.3084716796875 7.500002861022949
    vertex -79.3846435546875 -53.47918701171875 2.0000033378601074
    vertex -79.3846435546875 -53.47918701171875 7.500002861022949
  endloop
endfacet
facet normal 0.0 0.0 0.0
  outer loop
    vertex -79.3846435546875 -53.47918701171875 7.500002861022949
    vertex -79.3846435546875 -53.47918701171875 2.0000033378601074
    vertex -78.79936981201172 -53.53683090209961 2.0000033378601074
  endloop
endfacet
facet normal 0.0 0.0 0.0
  outer loop
    vertex -79.3846435546875 -53.47918701171875 7.500002861022949
    vertex -78.79936981201172 -53.53683090209961 2.0000033378601074
    vertex -78.79936981201172 -53.53683090209961 7.500002861022949
  endloop
endfacet
facet normal 0.0 0.0 0.0
  outer loop
    vertex -78.79936981201172 -53.53683090209961 7.500002861022949
    vertex -78.79936981201172 -53.53683090209961 2.0000033378601074
    vertex -78.21410369873047 -53.47918701171875 2.0000033378601074
  endloop
endfacet
facet normal 0.0 0.0 0.0
  outer loop
    vertex -78.79936981201172 -53.53683090209961 7.500002861022949
    vertex -78.21410369873047 -53.47918701171875 2.0000033378601074
    vertex -78.21409606933594 -53.47918701171875 7.500002861022949
  endloop
endfacet
facet normal 0.0 0.0 0.0
  outer loop
    vertex -78.21409606933594 -53.47918701171875 7.500002861022949
    vertex -78.21410369873047 -53.47918701171875 2.0000033378601074
    vertex -77.65132141113281 -53.3084716796875 2.0000033378601074
  endloop
endfacet
facet normal 0.0 0.0 0.0
  outer loop
    vertex -78.21409606933594 -53.47918701171875 7.500002861022949
    vertex -77.65132141113281 -53.3084716796875 2.0000033378601074
    vertex -77.65132141113281 -53.3084716796875 7.500002861022949
  endloop
endfacet
facet normal 0.0 0.0 0.0
  outer loop
    vertex -77.65132141113281 -53.3084716796875 7.500002861022949
    vertex -77.65132141113281 -53.3084716796875 2.0000033378601074
    vertex -77.13265991210938 -53.03124237060547 2.0000033378601074
  endloop
endfacet
facet normal 0.0 0.0 0.0
  outer loop
    vertex -77.65132141113281 -53.3084716796875 7.500002861022949
    vertex -77.13265991210938 -53.03124237060547 2.0000033378601074
    vertex -77.13265991210938 -53.0312385559082 7.500002861022949
  endloop
endfacet
facet normal 0.0 0.0 0.0
  outer loop
    vertex -77.13265991210938 -53.0312385559082 7.500002861022949
    vertex -77.13265991210938 -53.03124237060547 2.0000033378601074
    vertex -76.67805480957031 -52.65815734863281 2.0000033378601074
  endloop
endfacet
facet normal 0.0 0.0 0.0
  outer loop
    vertex -77.13265991210938 -53.0312385559082 7.500002861022949
    vertex -76.67805480957031 -52.65815734863281 2.0000033378601074
    vertex -76.67804718017578 -52.65814971923828 7.500002861022949
  endloop
endfacet
facet normal 0.0 0.0 0.0
  outer loop
    vertex -76.67804718017578 -52.65814971923828 7.500002861022949
    vertex -76.67805480957031 -52.65815734863281 2.0000033378601074
    vertex -76.30496215820312 -52.203548431396484 2.0000033378601074
  endloop
endfacet
facet normal 0.0 0.0 0.0
  outer loop
    vertex -76.67804718017578 -52.65814971923828 7.500002861022949
    vertex -76.30496215820312 -52.203548431396484 2.0000033378601074
    vertex -76.30496215820312 -52.20354080200195 7.500002861022949
  endloop
endfacet
facet normal 0.0 0.0 0.0
  outer loop
    vertex -76.30496215820312 -52.20354080200195 7.500002861022949
    vertex -76.30496215820312 -52.203548431396484 2.0000033378601074
    vertex -76.0277328491211 -51.68489074707031 2.0000033378601074
  endloop
endfacet
facet normal 0.0 0.0 0.0
  outer loop
    vertex -76.30496215820312 -52.20354080200195 7.500002861022949
    vertex -76.0277328491211 -51.68489074707031 2.0000033378601074
    vertex -76.02772521972656 -51.684879302978516 7.500002861022949
  endloop
endfacet
facet normal 0.0 0.0 0.0
  outer loop
    vertex -76.02772521972656 -51.684879302978516 7.500002861022949
    vertex -76.0277328491211 -51.68489074707031 2.0000033378601074
    vertex -75.85701751708984 -51.12211227416992 2.0000035762786865
  endloop
endfacet
facet normal 0.0 0.0 0.0
  outer loop
    vertex -76.02772521972656 -51.684879302978516 7.500002861022949
    vertex -75.85701751708984 -51.12211227416992 2.0000035762786865
    vertex -75.85700988769531 -51.122100830078125 7.500002861022949
  endloop
endfacet
facet normal 0.0 0.0 0.0
  outer loop
    vertex -75.85700988769531 -51.122100830078125 7.500002861022949
    vertex -75.85701751708984 -51.12211227416992 2.0000035762786865
    vertex -75.79936981201172 -50.536842346191406 2.0000035762786865
  endloop
endfacet
facet normal 0.0 0.0 0.0
  outer loop
    vertex -75.85700988769531 -51.122100830078125 7.500002861022949
    vertex -75.79936981201172 -50.536842346191406 2.0000035762786865
    vertex -75.79936981201172 -50.536827087402344 7.500002861022949
  endloop
endfacet
facet normal 0.0 0.0 0.0
  outer loop
    vertex -75.79936981201172 -50.536827087402344 7.500002861022949
    vertex -75.79936981201172 -50.536842346191406 2.0000035762786865
    vertex -75.85700988769531 -49.95157241821289 2.0000035762786865
  endloop
endfacet
facet normal 0.0 0.0 0.0
  outer loop
    vertex -75.79936981201172 -50.536827087402344 7.500002861022949
    vertex -75.85700988769531 -49.95157241821289 2.0000035762786865
    vertex -75.85700988769531 -49.951560974121094 7.500002861022949
  endloop
endfacet
facet normal 0.0 0.0 0.0
  outer loop
    vertex -75.85700988769531 -49.951560974121094 7.500002861022949
    vertex -75.85700988769531 -49.95157241821289 2.0000035762786865
    vertex -76.02772521972656 -49.3887939453125 2.0000033378601074
  endloop
endfacet
facet normal 0.0 0.0 0.0
  outer loop
    vertex -75.85700988769531 -49.951560974121094 7.500002861022949
    vertex -76.02772521972656 -49.3887939453125 2.0000033378601074
    vertex -76.0277328491211 -49.38877868652344 7.500002861022949
  endloop
endfacet
facet normal 0.0 0.0 0.0
  outer loop
    vertex -76.0277328491211 -49.38877868652344 7.500002861022949
    vertex -76.02772521972656 -49.3887939453125 2.0000033378601074
    vertex -76.3049545288086 -48.87013244628906 2.0000035762786865
  endloop
endfacet
facet normal 0.0 0.0 0.0
  outer loop
    vertex -76.0277328491211 -49.38877868652344 7.500002861022949
    vertex -76.3049545288086 -48.87013244628906 2.0000035762786865
    vertex -76.30496215820312 -48.8701171875 7.500002861022949
  endloop
endfacet
facet normal 0.0 0.0 0.0
  outer loop
    vertex -76.30496215820312 -48.8701171875 7.500002861022949
    vertex -76.3049545288086 -48.87013244628906 2.0000035762786865
    vertex -76.67803955078125 -48.415523529052734 2.0000035762786865
  endloop
endfacet
facet normal 0.0 0.0 0.0
  outer loop
    vertex -76.30496215820312 -48.8701171875 7.500002861022949
    vertex -76.67803955078125 -48.415523529052734 2.0000035762786865
    vertex -76.67805480957031 -48.41551208496094 7.500002861022949
  endloop
endfacet
facet normal 0.0 0.0 0.0
  outer loop
    vertex -76.67805480957031 -48.41551208496094 7.500002861022949
    vertex -76.67803955078125 -48.415523529052734 2.0000035762786865
    vertex -77.13264465332031 -48.04243469238281 2.0000035762786865
  endloop
endfacet
facet normal 0.0 0.0 0.0
  outer loop
    vertex -76.67805480957031 -48.41551208496094 7.500002861022949
    vertex -77.13264465332031 -48.04243469238281 2.0000035762786865
    vertex -77.13265991210938 -48.042423248291016 7.500002861022949
  endloop
endfacet
facet normal 0.0 0.0 0.0
  outer loop
    vertex -77.13265991210938 -48.042423248291016 7.500002861022949
    vertex -77.13264465332031 -48.04243469238281 2.0000035762786865
    vertex -77.65130615234375 -47.765201568603516 2.0000035762786865
  endloop
endfacet
facet normal 0.0 0.0 0.0
  outer loop
    vertex -77.13265991210938 -48.042423248291016 7.500002861022949
    vertex -77.65130615234375 -47.765201568603516 2.0000035762786865
    vertex -77.65132141113281 -47.765193939208984 7.500002861022949
  endloop
endfacet
facet normal 0.0 0.0 0.0
  outer loop
    vertex -77.65132141113281 -47.765193939208984 7.500002861022949
    vertex -77.65130615234375 -47.765201568603516 2.0000035762786865
    vertex -78.21408081054688 -47.594482421875 2.0000035762786865
  endloop
endfacet
facet normal 0.0 0.0 0.0
  outer loop
    vertex -77.65132141113281 -47.765193939208984 7.500002861022949
    vertex -78.21408081054688 -47.594482421875 2.0000035762786865
    vertex -78.21410369873047 -47.59447479248047 7.500002861022949
  endloop
endfacet
facet normal 0.0 0.0 0.0
  outer loop
    vertex -78.21410369873047 -47.59447479248047 7.500002861022949
    vertex -78.21408081054688 -47.594482421875 2.0000035762786865
    vertex -78.79934692382812 -47.536834716796875 2.0000035762786865
  endloop
endfacet
facet normal 0.0 0.0 0.0
  outer loop
    vertex -78.21410369873047 -47.59447479248047 7.500002861022949
    vertex -78.79934692382812 -47.536834716796875 2.0000035762786865
    vertex -78.79937744140625 -47.536834716796875 7.500002861022949
  endloop
endfacet
facet normal 0.0 0.0 0.0
  outer loop
    vertex -78.79937744140625 -47.536834716796875 7.500002861022949
    vertex -78.79934692382812 -47.536834716796875 2.0000035762786865
    vertex -79.3846206665039 -47.59447479248047 2.0000035762786865
  endloop
endfacet
facet normal 0.0 0.0 0.0
  outer loop
    vertex -78.79937744140625 -47.536834716796875 7.500002861022949
    vertex -79.3846206665039 -47.59447479248047 2.0000035762786865
    vertex -79.3846435546875 -47.594478607177734 7.500002861022949
  endloop
endfacet
facet normal 0.0 0.0 0.0
  outer loop
    vertex -79.3846435546875 -47.594478607177734 7.500002861022949
    vertex -79.3846206665039 -47.59447479248047 2.0000035762786865
    vertex -79.94740295410156 -47.76518249511719 2.0000035762786865
  endloop
endfacet
facet normal 0.0 0.0 0.0
  outer loop
    vertex -79.3846435546875 -47.594478607177734 7.500002861022949
    vertex -79.94740295410156 -47.76518249511719 2.0000035762786865
    vertex -79.94742584228516 -47.76519775390625 7.500002861022949
  endloop
endfacet
facet normal 0.0 0.0 0.0
  outer loop
    vertex -79.94742584228516 -47.76519775390625 7.500002861022949
    vertex -79.94740295410156 -47.76518249511719 2.0000035762786865
    vertex -80.466064453125 -48.04241180419922 2.0000035762786865
  endloop
endfacet
facet normal 0.0 0.0 0.0
  outer loop
    vertex -79.94742584228516 -47.76519775390625 7.500002861022949
    vertex -80.466064453125 -48.04241180419922 2.0000035762786865
    vertex -80.4660873413086 -48.04242706298828 7.500002861022949
  endloop
endfacet
facet normal 0.0 0.0 0.0
  outer loop
    vertex -80.92069244384766 -48.4155158996582 2.0000035762786865
    vertex -80.92069244384766 -48.41551208496094 7.500002861022949
    vertex -80.4660873413086 -48.04242706298828 7.500002861022949
  endloop
endfacet
facet normal 0.0 0.0 0.0
  outer loop
    vertex -80.92069244384766 -48.4155158996582 2.0000035762786865
    vertex -80.4660873413086 -48.04242706298828 7.500002861022949
    vertex -80.466064453125 -48.04241180419922 2.0000035762786865
  endloop
endfacet
facet normal 0.0 0.0 0.0
  outer loop
    vertex -78.79936981201172 -50.53683090209961 9.00000286102295
    vertex -79.75396728515625 -49.582237243652344 9.00000286102295
    vertex -79.9218521118164 -49.78681182861328 9.00000286102295
  endloop
endfacet
facet normal 0.0 0.0 0.0
  outer loop
    vertex -78.79936981201172 -50.53683090209961 7.500002861022949
    vertex -79.92185974121094 -49.78681564331055 7.500002861022949
    vertex -79.75396728515625 -49.58224105834961 7.500002861022949
  endloop
endfacet
facet normal 0.0 0.0 0.0
  outer loop
    vertex -78.79936981201172 -50.53683090209961 9.00000286102295
    vertex -79.9218521118164 -49.78681182861328 9.00000286102295
    vertex -80.0466079711914 -50.02021026611328 9.00000286102295
  endloop
endfacet
facet normal 0.0 0.0 0.0
  outer loop
    vertex -78.79936981201172 -50.53683090209961 7.500002861022949
    vertex -80.0466079711914 -50.02021408081055 7.500002861022949
    vertex -79.92185974121094 -49.78681564331055 7.500002861022949
  endloop
endfacet
facet normal 0.0 0.0 0.0
  outer loop
    vertex -78.79936981201172 -50.53683090209961 9.00000286102295
    vertex -80.0466079711914 -50.02021026611328 9.00000286102295
    vertex -80.12342834472656 -50.273460388183594 9.00000286102295
  endloop
endfacet
facet normal 0.0 0.0 0.0
  outer loop
    vertex -78.79936981201172 -50.53683090209961 7.500002861022949
    vertex -80.12342834472656 -50.273460388183594 7.500002861022949
    vertex -80.0466079711914 -50.02021408081055 7.500002861022949
  endloop
endfacet
facet normal 0.0 0.0 0.0
  outer loop
    vertex -78.79936981201172 -50.53683090209961 9.00000286102295
    vertex -80.12342834472656 -50.273460388183594 9.00000286102295
    vertex -80.14936828613281 -50.53683090209961 9.00000286102295
  endloop
endfacet
facet normal 0.0 0.0 0.0
  outer loop
    vertex -78.79936981201172 -50.53683090209961 7.500002861022949
    vertex -80.14936828613281 -50.536834716796875 7.500002861022949
    vertex -80.12342834472656 -50.273460388183594 7.500002861022949
  endloop
endfacet
facet normal 0.0 0.0 0.0
  outer loop
    vertex -78.79936981201172 -50.53683090209961 9.00000286102295
    vertex -80.14936828613281 -50.53683090209961 9.00000286102295
    vertex -80.12342834472656 -50.800201416015625 9.00000286102295
  endloop
endfacet
facet normal 0.0 0.0 0.0
  outer loop
    vertex -78.79936981201172 -50.53683090209961 7.500002861022949
    vertex -80.12342834472656 -50.800209045410156 7.500002861022949
    vertex -80.14936828613281 -50.536834716796875 7.500002861022949
  endloop
endfacet
facet normal 0.0 0.0 0.0
  outer loop
    vertex -78.79936981201172 -50.53683090209961 9.00000286102295
    vertex -80.12342834472656 -50.800201416015625 9.00000286102295
    vertex -80.0466079711914 -51.0534553527832 9.00000286102295
  endloop
endfacet
facet normal 0.0 0.0 0.0
  outer loop
    vertex -78.79936981201172 -50.53683090209961 7.500002861022949
    vertex -80.0466079711914 -51.05345916748047 7.500002861022949
    vertex -80.12342834472656 -50.800209045410156 7.500002861022949
  endloop
endfacet
facet normal 0.0 0.0 0.0
  outer loop
    vertex -78.79936981201172 -50.53683090209961 9.00000286102295
    vertex -80.0466079711914 -51.0534553527832 9.00000286102295
    vertex -79.9218521118164 -51.28684997558594 9.00000286102295
  endloop
endfacet
facet normal 0.0 0.0 0.0
  outer loop
    vertex -78.79936981201172 -50.53683090209961 7.500002861022949
    vertex -79.9218521118164 -51.2868537902832 7.500002861022949
    vertex -80.0466079711914 -51.05345916748047 7.500002861022949
  endloop
endfacet
facet normal 0.0 0.0 0.0
  outer loop
    vertex -78.79936981201172 -50.53683090209961 9.00000286102295
    vertex -79.9218521118164 -51.28684997558594 9.00000286102295
    vertex -79.75396728515625 -51.491424560546875 9.00000286102295
  endloop
endfacet
facet normal 0.0 0.0 0.0
  outer loop
    vertex -78.79936981201172 -50.53683090209961 7.500002861022949
    vertex -79.75396728515625 -51.491424560546875 7.500002861022949
    vertex -79.9218521118164 -51.2868537902832 7.500002861022949
  endloop
endfacet
facet normal 0.0 0.0 0.0
  outer loop
    vertex -78.79936981201172 -50.53683090209961 9.00000286102295
    vertex -79.75396728515625 -51.491424560546875 9.00000286102295
    vertex -79.54939270019531 -51.65931701660156 9.00000286102295
  endloop
endfacet
facet normal 0.0 0.0 0.0
  outer loop
    vertex -78.79936981201172 -50.53683090209961 7.500002861022949
    vertex -79.54939270019531 -51.65931701660156 7.500002861022949
    vertex -79.75396728515625 -51.491424560546875 7.500002861022949
  endloop
endfacet
facet normal 0.0 0.0 0.0
  outer loop
    vertex -78.79936981201172 -50.53683090209961 9.00000286102295
    vertex -79.54939270019531 -51.65931701660156 9.00000286102295
    vertex -79.31599426269531 -51.7840690612793 9.00000286102295
  endloop
endfacet
facet normal 0.0 0.0 0.0
  outer loop
    vertex -78.79936981201172 -50.53683090209961 7.500002861022949
    vertex -79.31599426269531 -51.7840690612793 7.500002861022949
    vertex -79.54939270019531 -51.65931701660156 7.500002861022949
  endloop
endfacet
facet normal 0.0 0.0 0.0
  outer loop
    vertex -78.79936981201172 -50.53683090209961 9.00000286102295
    vertex -79.31599426269531 -51.7840690612793 9.00000286102295
    vertex -79.062744140625 -51.86089324951172 9.00000286102295
  endloop
endfacet
facet normal 0.0 0.0 0.0
  outer loop
    vertex -78.79936981201172 -50.53683090209961 7.500002861022949
    vertex -79.062744140625 -51.86089324951172 7.500002861022949
    vertex -79.31599426269531 -51.7840690612793 7.500002861022949
  endloop
endfacet
facet normal 0.0 0.0 0.0
  outer loop
    vertex -78.79936981201172 -50.53683090209961 9.00000286102295
    vertex -79.062744140625 -51.86089324951172 9.00000286102295
    vertex -78.79936981201172 -51.88683319091797 9.00000286102295
  endloop
endfacet
facet normal 0.0 0.0 0.0
  outer loop
    vertex -78.79936981201172 -50.53683090209961 7.500002861022949
    vertex -78.79936981201172 -51.88683319091797 7.500002861022949
    vertex -79.062744140625 -51.86089324951172 7.500002861022949
  endloop
endfacet
facet normal 0.0 0.0 0.0
  outer loop
    vertex -78.79936981201172 -50.53683090209961 9.00000286102295
    vertex -78.79936981201172 -51.88683319091797 9.00000286102295
    vertex -78.53599548339844 -51.86089324951172 9.00000286102295
  endloop
endfacet
facet normal 0.0 0.0 0.0
  outer loop
    vertex -78.79936981201172 -50.53683090209961 7.500002861022949
    vertex -78.53599548339844 -51.86089324951172 7.500002861022949
    vertex -78.79936981201172 -51.88683319091797 7.500002861022949
  endloop
endfacet
facet normal 0.0 0.0 0.0
  outer loop
    vertex -78.79936981201172 -50.53683090209961 9.00000286102295
    vertex -78.53599548339844 -51.86089324951172 9.00000286102295
    vertex -78.28274536132812 -51.7840690612793 9.00000286102295
  endloop
endfacet
facet normal 0.0 0.0 0.0
  outer loop
    vertex -78.79936981201172 -50.53683090209961 7.500002861022949
    vertex -78.28274536132812 -51.7840690612793 7.500002861022949
    vertex -78.53599548339844 -51.86089324951172 7.500002861022949
  endloop
endfacet
facet normal 0.0 0.0 0.0
  outer loop
    vertex -78.79936981201172 -50.53683090209961 9.00000286102295
    vertex -78.28274536132812 -51.7840690612793 9.00000286102295
    vertex -78.04934692382812 -51.65931701660156 9.00000286102295
  endloop
endfacet
facet normal 0.0 0.0 0.0
  outer loop
    vertex -78.79936981201172 -50.53683090209961 7.500002861022949
    vertex -78.04935455322266 -51.65931701660156 7.500002861022949
    vertex -78.28274536132812 -51.7840690612793 7.500002861022949
  endloop
endfacet
facet normal 0.0 0.0 0.0
  outer loop
    vertex -78.79936981201172 -50.53683090209961 9.00000286102295
    vertex -78.04934692382812 -51.65931701660156 9.00000286102295
    vertex -77.84477233886719 -51.491424560546875 9.00000286102295
  endloop
endfacet
facet normal 0.0 0.0 0.0
  outer loop
    vertex -78.79936981201172 -50.53683090209961 7.500002861022949
    vertex -77.84477996826172 -51.49142837524414 7.500002861022949
    vertex -78.04935455322266 -51.65931701660156 7.500002861022949
  endloop
endfacet
facet normal 0.0 0.0 0.0
  outer loop
    vertex -78.79936981201172 -50.53683090209961 9.00000286102295
    vertex -77.84477233886719 -51.491424560546875 9.00000286102295
    vertex -77.67688751220703 -51.28684997558594 9.00000286102295
  endloop
endfacet
facet normal 0.0 0.0 0.0
  outer loop
    vertex -78.79936981201172 -50.53683090209961 7.500002861022949
    vertex -77.67688751220703 -51.2868537902832 7.500002861022949
    vertex -77.84477996826172 -51.49142837524414 7.500002861022949
  endloop
endfacet
facet normal 0.0 0.0 0.0
  outer loop
    vertex -78.79936981201172 -50.53683090209961 9.00000286102295
    vertex -77.67688751220703 -51.28684997558594 9.00000286102295
    vertex -77.55213165283203 -51.05345153808594 9.00000286102295
  endloop
endfacet
facet normal 0.0 0.0 0.0
  outer loop
    vertex -78.79936981201172 -50.53683090209961 7.500002861022949
    vertex -77.55213165283203 -51.05345916748047 7.500002861022949
    vertex -77.67688751220703 -51.2868537902832 7.500002861022949
  endloop
endfacet
facet normal 0.0 0.0 0.0
  outer loop
    vertex -78.79936981201172 -50.53683090209961 9.00000286102295
    vertex -77.55213165283203 -51.05345153808594 9.00000286102295
    vertex -77.47531127929688 -50.800201416015625 9.00000286102295
  endloop
endfacet
facet normal 0.0 0.0 0.0
  outer loop
    vertex -78.79936981201172 -50.53683090209961 7.500002861022949
    vertex -77.47531127929688 -50.800209045410156 7.500002861022949
    vertex -77.55213165283203 -51.05345916748047 7.500002861022949
  endloop
endfacet
facet normal 0.0 0.0 0.0
  outer loop
    vertex -78.79936981201172 -50.53683090209961 9.00000286102295
    vertex -77.47531127929688 -50.800201416015625 9.00000286102295
    vertex -77.44937133789062 -50.53683090209961 9.00000286102295
  endloop
endfacet
facet normal 0.0 0.0 0.0
  outer loop
    vertex -78.79936981201172 -50.53683090209961 7.500002861022949
    vertex -77.44937133789062 -50.536834716796875 7.500002861022949
    vertex -77.47531127929688 -50.800209045410156 7.500002861022949
  endloop
endfacet
facet normal 0.0 0.0 0.0
  outer loop
    vertex -78.79936981201172 -50.53683090209961 9.00000286102295
    vertex -77.44937133789062 -50.53683090209961 9.00000286102295
    vertex -77.47531127929688 -50.273460388183594 9.00000286102295
  endloop
endfacet
facet normal 0.0 0.0 0.0
  outer loop
    vertex -78.79936981201172 -50.53683090209961 7.500002861022949
    vertex -77.47531127929688 -50.27346420288086 7.500002861022949
    vertex -77.44937133789062 -50.536834716796875 7.500002861022949
  endloop
endfacet
facet normal 0.0 0.0 0.0
  outer loop
    vertex -78.79936981201172 -50.53683090209961 9.00000286102295
    vertex -77.47531127929688 -50.273460388183594 9.00000286102295
    vertex -77.55213165283203 -50.02021026611328 9.00000286102295
  endloop
endfacet
facet normal 0.0 0.0 0.0
  outer loop
    vertex -78.79936981201172 -50.53683090209961 7.500002861022949
    vertex -77.55213165283203 -50.02021789550781 7.500002861022949
    vertex -77.47531127929688 -50.27346420288086 7.500002861022949
  endloop
endfacet
facet normal 0.0 0.0 0.0
  outer loop
    vertex -78.79936981201172 -50.53683090209961 9.00000286102295
    vertex -77.55213165283203 -50.02021026611328 9.00000286102295
    vertex -77.67688751220703 -49.78681182861328 9.00000286102295
  endloop
endfacet
facet normal 0.0 0.0 0.0
  outer loop
    vertex -78.79936981201172 -50.53683090209961 7.500002861022949
    vertex -77.6768798828125 -49.78681945800781 7.500002861022949
    vertex -77.55213165283203 -50.02021789550781 7.500002861022949
  endloop
endfacet
facet normal 0.0 0.0 0.0
  outer loop
    vertex -78.79936981201172 -50.53683090209961 9.00000286102295
    vertex -77.67688751220703 -49.78681182861328 9.00000286102295
    vertex -77.84477233886719 -49.582237243652344 9.00000286102295
  endloop
endfacet
facet normal 0.0 0.0 0.0
  outer loop
    vertex -78.79936981201172 -50.53683090209961 7.500002861022949
    vertex -77.84477233886719 -49.582244873046875 7.500002861022949
    vertex -77.6768798828125 -49.78681945800781 7.500002861022949
  endloop
endfacet
facet normal 0.0 0.0 0.0
  outer loop
    vertex -78.79936981201172 -50.53683090209961 9.00000286102295
    vertex -77.84477233886719 -49.582237243652344 9.00000286102295
    vertex -78.04934692382812 -49.41434860229492 9.00000286102295
  endloop
endfacet
facet normal 0.0 0.0 0.0
  outer loop
    vertex -78.79936981201172 -50.53683090209961 7.500002861022949
    vertex -78.04934692382812 -49.41435241699219 7.500002861022949
    vertex -77.84477233886719 -49.582244873046875 7.500002861022949
  endloop
endfacet
facet normal 0.0 0.0 0.0
  outer loop
    vertex -78.79936981201172 -50.53683090209961 9.00000286102295
    vertex -78.04934692382812 -49.41434860229492 9.00000286102295
    vertex -78.28274536132812 -49.28959655761719 9.00000286102295
  endloop
endfacet
facet normal 0.0 0.0 0.0
  outer loop
    vertex -78.79936981201172 -50.53683090209961 7.500002861022949
    vertex -78.2827377319336 -49.28959655761719 7.500002861022949
    vertex -78.04934692382812 -49.41435241699219 7.500002861022949
  endloop
endfacet
facet normal 0.0 0.0 0.0
  outer loop
    vertex -78.79936981201172 -50.53683090209961 9.00000286102295
    vertex -78.28274536132812 -49.28959655761719 9.00000286102295
    vertex -78.53599548339844 -49.212772369384766 9.00000286102295
  endloop
endfacet
facet normal 0.0 0.0 0.0
  outer loop
    vertex -78.79936981201172 -50.53683090209961 7.500002861022949
    vertex -78.5359878540039 -49.21277618408203 7.500002861022949
    vertex -78.2827377319336 -49.28959655761719 7.500002861022949
  endloop
endfacet
facet normal 0.0 0.0 0.0
  outer loop
    vertex -78.79936981201172 -50.53683090209961 9.00000286102295
    vertex -78.53599548339844 -49.212772369384766 9.00000286102295
    vertex -78.79936981201172 -49.186832427978516 9.00000286102295
  endloop
endfacet
facet normal 0.0 0.0 0.0
  outer loop
    vertex -78.79936981201172 -50.53683090209961 7.500002861022949
    vertex -78.79936218261719 -49.186832427978516 7.500002861022949
    vertex -78.5359878540039 -49.21277618408203 7.500002861022949
  endloop
endfacet
facet normal 0.0 0.0 0.0
  outer loop
    vertex -78.79936981201172 -50.53683090209961 9.00000286102295
    vertex -78.79936981201172 -49.186832427978516 9.00000286102295
    vertex -79.062744140625 -49.212772369384766 9.00000286102295
  endloop
endfacet
facet normal 0.0 0.0 0.0
  outer loop
    vertex -78.79936981201172 -50.53683090209961 7.500002861022949
    vertex -79.06272888183594 -49.2127685546875 7.500002861022949
    vertex -78.79936218261719 -49.186832427978516 7.500002861022949
  endloop
endfacet
facet normal 0.0 0.0 0.0
  outer loop
    vertex -78.79936981201172 -50.53683090209961 9.00000286102295
    vertex -79.062744140625 -49.212772369384766 9.00000286102295
    vertex -79.31599426269531 -49.28959655761719 9.00000286102295
  endloop
endfacet
facet normal 0.0 0.0 0.0
  outer loop
    vertex -78.79936981201172 -50.53683090209961 7.500002861022949
    vertex -79.31597900390625 -49.289588928222656 7.500002861022949
    vertex -79.06272888183594 -49.2127685546875 7.500002861022949
  endloop
endfacet
facet normal 0.0 0.0 0.0
  outer loop
    vertex -78.79936981201172 -50.53683090209961 9.00000286102295
    vertex -79.31599426269531 -49.28959655761719 9.00000286102295
    vertex -79.54939270019531 -49.41435241699219 9.00000286102295
  endloop
endfacet
facet normal 0.0 0.0 0.0
  outer loop
    vertex -78.79936981201172 -50.53683090209961 7.500002861022949
    vertex -79.54937744140625 -49.414344787597656 7.500002861022949
    vertex -79.31597900390625 -49.289588928222656 7.500002861022949
  endloop
endfacet
facet normal 0.0 0.0 0.0
  outer loop
    vertex -79.54939270019531 -49.41435241699219 9.00000286102295
    vertex -79.75396728515625 -49.582237243652344 9.00000286102295
    vertex -78.79936981201172 -50.53683090209961 9.00000286102295
  endloop
endfacet
facet normal 0.0 0.0 0.0
  outer loop
    vertex -78.79936981201172 -50.53683090209961 7.500002861022949
    vertex -79.75396728515625 -49.58224105834961 7.500002861022949
    vertex -79.54937744140625 -49.414344787597656 7.500002861022949
  endloop
endfacet
facet normal 0.0 0.0 0.0
  outer loop
    vertex -79.75396728515625 -49.582237243652344 9.00000286102295
    vertex -79.75396728515625 -49.58224105834961 7.500002861022949
    vertex -79.92185974121094 -49.78681564331055 7.500002861022949
  endloop
endfacet
facet normal 0.0 0.0 0.0
  outer loop
    vertex -79.75396728515625 -49.582237243652344 9.00000286102295
    vertex -79.92185974121094 -49.78681564331055 7.500002861022949
    vertex -79.9218521118164 -49.78681182861328 9.00000286102295
  endloop
endfacet
facet normal 0.0 0.0 0.0
  outer loop
    vertex -79.9218521118164 -49.78681182861328 9.00000286102295
    vertex -79.92185974121094 -49.78681564331055 7.500002861022949
    vertex -80.0466079711914 -50.02021408081055 7.500002861022949
  endloop
endfacet
facet normal 0.0 0.0 0.0
  outer loop
    vertex -79.9218521118164 -49.78681182861328 9.00000286102295
    vertex -80.0466079711914 -50.02021408081055 7.500002861022949
    vertex -80.0466079711914 -50.02021026611328 9.00000286102295
  endloop
endfacet
facet normal 0.0 0.0 0.0
  outer loop
    vertex -80.0466079711914 -50.02021026611328 9.00000286102295
    vertex -80.0466079711914 -50.02021408081055 7.500002861022949
    vertex -80.12342834472656 -50.273460388183594 7.500002861022949
  endloop
endfacet
facet normal 0.0 0.0 0.0
  outer loop
    vertex -80.0466079711914 -50.02021026611328 9.00000286102295
    vertex -80.12342834472656 -50.273460388183594 7.500002861022949
    vertex -80.12342834472656 -50.273460388183594 9.00000286102295
  endloop
endfacet
facet normal 0.0 0.0 0.0
  outer loop
    vertex -80.12342834472656 -50.273460388183594 9.00000286102295
    vertex -80.12342834472656 -50.273460388183594 7.500002861022949
    vertex -80.14936828613281 -50.536834716796875 7.500002861022949
  endloop
endfacet
facet normal 0.0 0.0 0.0
  outer loop
    vertex -80.12342834472656 -50.273460388183594 9.00000286102295
    vertex -80.14936828613281 -50.536834716796875 7.500002861022949
    vertex -80.14936828613281 -50.53683090209961 9.00000286102295
  endloop
endfacet
facet normal 0.0 0.0 0.0
  outer loop
    vertex -80.14936828613281 -50.53683090209961 9.00000286102295
    vertex -80.14936828613281 -50.536834716796875 7.500002861022949
    vertex -80.12342834472656 -50.800209045410156 7.500002861022949
  endloop
endfacet
facet normal 0.0 0.0 0.0
  outer loop
    vertex -80.14936828613281 -50.53683090209961 9.00000286102295
    vertex -80.12342834472656 -50.800209045410156 7.500002861022949
    vertex -80.12342834472656 -50.800201416015625 9.00000286102295
  endloop
endfacet
facet normal 0.0 0.0 0.0
  outer loop
    vertex -80.12342834472656 -50.800201416015625 9.00000286102295
    vertex -80.12342834472656 -50.800209045410156 7.500002861022949
    vertex -80.0466079711914 -51.05345916748047 7.500002861022949
  endloop
endfacet
facet normal 0.0 0.0 0.0
  outer loop
    vertex -80.12342834472656 -50.800201416015625 9.00000286102295
    vertex -80.0466079711914 -51.05345916748047 7.500002861022949
    vertex -80.0466079711914 -51.0534553527832 9.00000286102295
  endloop
endfacet
facet normal 0.0 0.0 0.0
  outer loop
    vertex -80.0466079711914 -51.0534553527832 9.00000286102295
    vertex -80.0466079711914 -51.05345916748047 7.500002861022949
    vertex -79.9218521118164 -51.2868537902832 7.500002861022949
  endloop
endfacet
facet normal 0.0 0.0 0.0
  outer loop
    vertex -80.0466079711914 -51.0534553527832 9.00000286102295
    vertex -79.9218521118164 -51.2868537902832 7.500002861022949
    vertex -79.9218521118164 -51.28684997558594 9.00000286102295
  endloop
endfacet
facet normal 0.0 0.0 0.0
  outer loop
    vertex -79.9218521118164 -51.28684997558594 9.00000286102295
    vertex -79.9218521118164 -51.2868537902832 7.500002861022949
    vertex -79.75396728515625 -51.491424560546875 7.500002861022949
  endloop
endfacet
facet normal 0.0 0.0 0.0
  outer loop
    vertex -79.9218521118164 -51.28684997558594 9.00000286102295
    vertex -79.75396728515625 -51.491424560546875 7.500002861022949
    vertex -79.75396728515625 -51.491424560546875 9.00000286102295
  endloop
endfacet
facet normal 0.0 0.0 0.0
  outer loop
    vertex -79.75396728515625 -51.491424560546875 9.00000286102295
    vertex -79.75396728515625 -51.491424560546875 7.500002861022949
    vertex -79.54939270019531 -51.65931701660156 7.500002861022949
  endloop
endfacet
facet normal 0.0 0.0 0.0
  outer loop
    vertex -79.75396728515625 -51.491424560546875 9.00000286102295
    vertex -79.54939270019531 -51.65931701660156 7.500002861022949
    vertex -79.54939270019531 -51.65931701660156 9.00000286102295
  endloop
endfacet
facet normal 0.0 0.0 0.0
  outer loop
    vertex -79.54939270019531 -51.65931701660156 9.00000286102295
    vertex -79.54939270019531 -51.65931701660156 7.500002861022949
    vertex -79.31599426269531 -51.7840690612793 7.500002861022949
  endloop
endfacet
facet normal 0.0 0.0 0.0
  outer loop
    vertex -79.54939270019531 -51.65931701660156 9.00000286102295
    vertex -79.31599426269531 -51.7840690612793 7.500002861022949
    vertex -79.31599426269531 -51.7840690612793 9.00000286102295
  endloop
endfacet
facet normal 0.0 0.0 0.0
  outer loop
    vertex -79.31599426269531 -51.7840690612793 9.00000286102295
    vertex -79.31599426269531 -51.7840690612793 7.500002861022949
    vertex -79.062744140625 -51.86089324951172 7.500002861022949
  endloop
endfacet
facet normal 0.0 0.0 0.0
  outer loop
    vertex -79.31599426269531 -51.7840690612793 9.00000286102295
    vertex -79.062744140625 -51.86089324951172 7.500002861022949
    vertex -79.062744140625 -51.86089324951172 9.00000286102295
  endloop
endfacet
facet normal 0.0 0.0 0.0
  outer loop
    vertex -79.062744140625 -51.86089324951172 9.00000286102295
    vertex -79.062744140625 -51.86089324951172 7.500002861022949
    vertex -78.79936981201172 -51.88683319091797 7.500002861022949
  endloop
endfacet
facet normal 0.0 0.0 0.0
  outer loop
    vertex -79.062744140625 -51.86089324951172 9.00000286102295
    vertex -78.79936981201172 -51.88683319091797 7.500002861022949
    vertex -78.79936981201172 -51.88683319091797 9.00000286102295
  endloop
endfacet
facet normal 0.0 0.0 0.0
  outer loop
    vertex -78.79936981201172 -51.88683319091797 9.00000286102295
    vertex -78.79936981201172 -51.88683319091797 7.500002861022949
    vertex -78.53599548339844 -51.86089324951172 7.500002861022949
  endloop
endfacet
facet normal 0.0 0.0 0.0
  outer loop
    vertex -78.79936981201172 -51.88683319091797 9.00000286102295
    vertex -78.53599548339844 -51.86089324951172 7.500002861022949
    vertex -78.53599548339844 -51.86089324951172 9.00000286102295
  endloop
endfacet
facet normal 0.0 0.0 0.0
  outer loop
    vertex -78.53599548339844 -51.86089324951172 9.00000286102295
    vertex -78.53599548339844 -51.86089324951172 7.500002861022949
    vertex -78.28274536132812 -51.7840690612793 7.500002861022949
  endloop
endfacet
facet normal 0.0 0.0 0.0
  outer loop
    vertex -78.53599548339844 -51.86089324951172 9.00000286102295
    vertex -78.28274536132812 -51.7840690612793 7.500002861022949
    vertex -78.28274536132812 -51.7840690612793 9.00000286102295
  endloop
endfacet
facet normal 0.0 0.0 0.0
  outer loop
    vertex -78.28274536132812 -51.7840690612793 9.00000286102295
    vertex -78.28274536132812 -51.7840690612793 7.500002861022949
    vertex -78.04935455322266 -51.65931701660156 7.500002861022949
  endloop
endfacet
facet normal 0.0 0.0 0.0
  outer loop
    vertex -78.28274536132812 -51.7840690612793 9.00000286102295
    vertex -78.04935455322266 -51.65931701660156 7.500002861022949
    vertex -78.04934692382812 -51.65931701660156 9.00000286102295
  endloop
endfacet
facet normal 0.0 0.0 0.0
  outer loop
    vertex -78.04934692382812 -51.65931701660156 9.00000286102295
    vertex -78.04935455322266 -51.65931701660156 7.500002861022949
    vertex -77.84477996826172 -51.49142837524414 7.500002861022949
  endloop
endfacet
facet normal 0.0 0.0 0.0
  outer loop
    vertex -78.04934692382812 -51.65931701660156 9.00000286102295
    vertex -77.84477996826172 -51.49142837524414 7.500002861022949
    vertex -77.84477233886719 -51.491424560546875 9.00000286102295
  endloop
endfacet
facet normal 0.0 0.0 0.0
  outer loop
    vertex -77.84477233886719 -51.491424560546875 9.00000286102295
    vertex -77.84477996826172 -51.49142837524414 7.500002861022949
    vertex -77.67688751220703 -51.2868537902832 7.500002861022949
  endloop
endfacet
facet normal 0.0 0.0 0.0
  outer loop
    vertex -77.84477233886719 -51.491424560546875 9.00000286102295
    vertex -77.67688751220703 -51.2868537902832 7.500002861022949
    vertex -77.67688751220703 -51.28684997558594 9.00000286102295
  endloop
endfacet
facet normal 0.0 0.0 0.0
  outer loop
    vertex -77.67688751220703 -51.28684997558594 9.00000286102295
    vertex -77.67688751220703 -51.2868537902832 7.500002861022949
    vertex -77.55213165283203 -51.05345916748047 7.500002861022949
  endloop
endfacet
facet normal 0.0 0.0 0.0
  outer loop
    vertex -77.67688751220703 -51.28684997558594 9.00000286102295
    vertex -77.55213165283203 -51.05345916748047 7.500002861022949
    vertex -77.55213165283203 -51.05345153808594 9.00000286102295
  endloop
endfacet
facet normal 0.0 0.0 0.0
  outer loop
    vertex -77.55213165283203 -51.05345153808594 9.00000286102295
    vertex -77.55213165283203 -51.05345916748047 7.500002861022949
    vertex -77.47531127929688 -50.800209045410156 7.500002861022949
  endloop
endfacet
facet normal 0.0 0.0 0.0
  outer loop
    vertex -77.55213165283203 -51.05345153808594 9.00000286102295
    vertex -77.47531127929688 -50.800209045410156 7.500002861022949
    vertex -77.47531127929688 -50.800201416015625 9.00000286102295
  endloop
endfacet
facet normal 0.0 0.0 0.0
  outer loop
    vertex -77.47531127929688 -50.800201416015625 9.00000286102295
    vertex -77.47531127929688 -50.800209045410156 7.500002861022949
    vertex -77.44937133789062 -50.536834716796875 7.500002861022949
  endloop
endfacet
facet normal 0.0 0.0 0.0
  outer loop
    vertex -77.47531127929688 -50.800201416015625 9.00000286102295
    vertex -77.44937133789062 -50.536834716796875 7.500002861022949
    vertex -77.44937133789062 -50.53683090209961 9.00000286102295
  endloop
endfacet
facet normal 0.0 0.0 0.0
  outer loop
    vertex -77.44937133789062 -50.53683090209961 9.00000286102295
    vertex -77.44937133789062 -50.536834716796875 7.500002861022949
    vertex -77.47531127929688 -50.27346420288086 7.500002861022949
  endloop
endfacet
facet normal 0.0 0.0 0.0
  outer loop
    vertex -77.44937133789062 -50.53683090209961 9.00000286102295
    vertex -77.47531127929688 -50.27346420288086 7.500002861022949
    vertex -77.47531127929688 -50.273460388183594 9.00000286102295
  endloop
endfacet
facet normal 0.0 0.0 0.0
  outer loop
    vertex -77.47531127929688 -50.273460388183594 9.00000286102295
    vertex -77.47531127929688 -50.27346420288086 7.500002861022949
    vertex -77.55213165283203 -50.02021789550781 7.500002861022949
  endloop
endfacet
facet normal 0.0 0.0 0.0
  outer loop
    vertex -77.47531127929688 -50.273460388183594 9.00000286102295
    vertex -77.55213165283203 -50.02021789550781 7.500002861022949
    vertex -77.55213165283203 -50.02021026611328 9.00000286102295
  endloop
endfacet
facet normal 0.0 0.0 0.0
  outer loop
    vertex -77.55213165283203 -50.02021026611328 9.00000286102295
    vertex -77.55213165283203 -50.02021789550781 7.500002861022949
    vertex -77.6768798828125 -49.78681945800781 7.500002861022949
  endloop
endfacet
facet normal 0.0 0.0 0.0
  outer loop
    vertex -77.55213165283203 -50.02021026611328 9.00000286102295
    vertex -77.6768798828125 -49.78681945800781 7.500002861022949
    vertex -77.67688751220703 -49.78681182861328 9.00000286102295
  endloop
endfacet
facet normal 0.0 0.0 0.0
  outer loop
    vertex -77.67688751220703 -49.78681182861328 9.00000286102295
    vertex -77.6768798828125 -49.78681945800781 7.500002861022949
    vertex -77.84477233886719 -49.582244873046875 7.500002861022949
  endloop
endfacet
facet normal 0.0 0.0 0.0
  outer loop
    vertex -77.67688751220703 -49.78681182861328 9.00000286102295
    vertex -77.84477233886719 -49.582244873046875 7.500002861022949
    vertex -77.84477233886719 -49.582237243652344 9.00000286102295
  endloop
endfacet
facet normal 0.0 0.0 0.0
  outer loop
    vertex -77.84477233886719 -49.582237243652344 9.00000286102295
    vertex -77.84477233886719 -49.582244873046875 7.500002861022949
    vertex -78.04934692382812 -49.41435241699219 7.500002861022949
  endloop
endfacet
facet normal 0.0 0.0 0.0
  outer loop
    vertex -77.84477233886719 -49.582237243652344 9.00000286102295
    vertex -78.04934692382812 -49.41435241699219 7.500002861022949
    vertex -78.04934692382812 -49.41434860229492 9.00000286102295
  endloop
endfacet
facet normal 0.0 0.0 0.0
  outer loop
    vertex -78.04934692382812 -49.41434860229492 9.00000286102295
    vertex -78.04934692382812 -49.41435241699219 7.500002861022949
    vertex -78.2827377319336 -49.28959655761719 7.500002861022949
  endloop
endfacet
facet normal 0.0 0.0 0.0
  outer loop
    vertex -78.04934692382812 -49.41434860229492 9.00000286102295
    vertex -78.2827377319336 -49.28959655761719 7.500002861022949
    vertex -78.28274536132812 -49.28959655761719 9.00000286102295
  endloop
endfacet
facet normal 0.0 0.0 0.0
  outer loop
    vertex -78.28274536132812 -49.28959655761719 9.00000286102295
    vertex -78.2827377319336 -49.28959655761719 7.500002861022949
    vertex -78.5359878540039 -49.21277618408203 7.500002861022949
  endloop
endfacet
facet normal 0.0 0.0 0.0
  outer loop
    vertex -78.28274536132812 -49.28959655761719 9.00000286102295
    vertex -78.5359878540039 -49.21277618408203 7.500002861022949
    vertex -78.53599548339844 -49.212772369384766 9.00000286102295
  endloop
endfacet
facet normal 0.0 0.0 0.0
  outer loop
    vertex -78.53599548339844 -49.212772369384766 9.00000286102295
    vertex -78.5359878540039 -49.21277618408203 7.500002861022949
    vertex -78.79936218261719 -49.186832427978516 7.500002861022949
  endloop
endfacet
facet normal 0.0 0.0 0.0
  outer loop
    vertex -78.53599548339844 -49.212772369384766 9.00000286102295
    vertex -78.79936218261719 -49.186832427978516 7.500002861022949
    vertex -78.79936981201172 -49.186832427978516 9.00000286102295
  endloop
endfacet
facet normal 0.0 0.0 0.0
  outer loop
    vertex -78.79936981201172 -49.186832427978516 9.00000286102295
    vertex -78.79936218261719 -49.186832427978516 7.500002861022949
    vertex -79.06272888183594 -49.2127685546875 7.500002861022949
  endloop
endfacet
facet normal 0.0 0.0 0.0
  outer loop
    vertex -78.79936981201172 -49.186832427978516 9.00000286102295
    vertex -79.06272888183594 -49.2127685546875 7.500002861022949
    vertex -79.062744140625 -49.212772369384766 9.00000286102295
  endloop
endfacet
facet normal 0.0 0.0 0.0
  outer loop
    vertex -79.062744140625 -49.212772369384766 9.00000286102295
    vertex -79.06272888183594 -49.2127685546875 7.500002861022949
    vertex -79.31597900390625 -49.289588928222656 7.500002861022949
  endloop
endfacet
facet normal 0.0 0.0 0.0
  outer loop
    vertex -79.062744140625 -49.212772369384766 9.00000286102295
    vertex -79.31597900390625 -49.289588928222656 7.500002861022949
    vertex -79.31599426269531 -49.28959655761719 9.00000286102295
  endloop
endfacet
facet normal 0.0 0.0 0.0
  outer loop
    vertex -79.31599426269531 -49.28959655761719 9.00000286102295
    vertex -79.31597900390625 -49.289588928222656 7.500002861022949
    vertex -79.54937744140625 -49.414344787597656 7.500002861022949
  endloop
endfacet
facet normal 0.0 0.0 0.0
  outer loop
    vertex -79.31599426269531 -49.28959655761719 9.00000286102295
    vertex -79.54937744140625 -49.414344787597656 7.500002861022949
    vertex -79.54939270019531 -49.41435241699219 9.00000286102295
  endloop
endfacet
facet normal 0.0 0.0 0.0
  outer loop
    vertex -79.75396728515625 -49.58224105834961 7.500002861022949
    vertex -79.75396728515625 -49.582237243652344 9.00000286102295
    vertex -79.54939270019531 -49.41435241699219 9.00000286102295
  endloop
endfacet
facet normal 0.0 0.0 0.0
  outer loop
    vertex -79.75396728515625 -49.58224105834961 7.500002861022949
    vertex -79.54939270019531 -49.41435241699219 9.00000286102295
    vertex -79.54937744140625 -49.414344787597656 7.500002861022949
  endloop
endfacet
facet normal 0.0 0.0 0.0
  outer loop
    vertex -78.79936981201172 -73.53682708740234 7.500001907348633
    vertex -80.92069244384766 -71.41551208496094 7.500001907348633
    vertex -81.29377746582031 -71.8701171875 7.500001907348633
  endloop
endfacet
facet normal 0.0 0.0 0.0
  outer loop
    vertex -78.79936981201172 -73.53682708740234 2.000002861022949
    vertex -81.29377746582031 -71.87012481689453 2.000002861022949
    vertex -80.92069244384766 -71.41551208496094 2.000002861022949
  endloop
endfacet
facet normal 0.0 0.0 0.0
  outer loop
    vertex -78.79936981201172 -73.53682708740234 7.500001907348633
    vertex -81.29377746582031 -71.8701171875 7.500001907348633
    vertex -81.57100677490234 -72.38877868652344 7.500001907348633
  endloop
endfacet
facet normal 0.0 0.0 0.0
  outer loop
    vertex -78.79936981201172 -73.53682708740234 2.000002861022949
    vertex -81.57101440429688 -72.38878631591797 2.000002861022949
    vertex -81.29377746582031 -71.87012481689453 2.000002861022949
  endloop
endfacet
facet normal 0.0 0.0 0.0
  outer loop
    vertex -78.79936981201172 -73.53682708740234 7.500001907348633
    vertex -81.57100677490234 -72.38877868652344 7.500001907348633
    vertex -81.74172973632812 -72.9515609741211 7.500001907348633
  endloop
endfacet
facet normal 0.0 0.0 0.0
  outer loop
    vertex -78.79936981201172 -73.53682708740234 2.000002861022949
    vertex -81.74172973632812 -72.95156860351562 2.000002861022949
    vertex -81.57101440429688 -72.38878631591797 2.000002861022949
  endloop
endfacet
facet normal 0.0 0.0 0.0
  outer loop
    vertex -78.79936981201172 -73.53682708740234 7.500001907348633
    vertex -81.74172973632812 -72.9515609741211 7.500001907348633
    vertex -81.79936981201172 -73.53682708740234 7.500001907348633
  endloop
endfacet
facet normal 0.0 0.0 0.0
  outer loop
    vertex -78.79936981201172 -73.53682708740234 2.000002861022949
    vertex -81.79936981201172 -73.53683471679688 2.000002861022949
    vertex -81.74172973632812 -72.95156860351562 2.000002861022949
  endloop
endfacet
facet normal 0.0 0.0 0.0
  outer loop
    vertex -78.79936981201172 -73.53682708740234 7.500001907348633
    vertex -81.79936981201172 -73.53682708740234 7.500001907348633
    vertex -81.74172973632812 -74.12210083007812 7.500001907348633
  endloop
endfacet
facet normal 0.0 0.0 0.0
  outer loop
    vertex -78.79936981201172 -73.53682708740234 2.000002861022949
    vertex -81.7417221069336 -74.12210845947266 2.000002861022949
    vertex -81.79936981201172 -73.53683471679688 2.000002861022949
  endloop
endfacet
facet normal 0.0 0.0 0.0
  outer loop
    vertex -78.79936981201172 -73.53682708740234 7.500001907348633
    vertex -81.74172973632812 -74.12210083007812 7.500001907348633
    vertex -81.57100677490234 -74.68487548828125 7.500001907348633
  endloop
endfacet
facet normal 0.0 0.0 0.0
  outer loop
    vertex -78.79936981201172 -73.53682708740234 2.000002861022949
    vertex -81.57100677490234 -74.68488311767578 2.000002861022949
    vertex -81.7417221069336 -74.12210845947266 2.000002861022949
  endloop
endfacet
facet normal 0.0 0.0 0.0
  outer loop
    vertex -78.79936981201172 -73.53682708740234 7.500001907348633
    vertex -81.57100677490234 -74.68487548828125 7.500001907348633
    vertex -81.29377746582031 -75.20353698730469 7.500001907348633
  endloop
endfacet
facet normal 0.0 0.0 0.0
  outer loop
    vertex -78.79936981201172 -73.53682708740234 2.000002861022949
    vertex -81.29377746582031 -75.20354461669922 2.00000262260437
    vertex -81.57100677490234 -74.68488311767578 2.000002861022949
  endloop
endfacet
facet normal 0.0 0.0 0.0
  outer loop
    vertex -78.79936981201172 -73.53682708740234 7.500001907348633
    vertex -81.29377746582031 -75.20353698730469 7.500001907348633
    vertex -80.92069244384766 -75.65814971923828 7.500001907348633
  endloop
endfacet
facet normal 0.0 0.0 0.0
  outer loop
    vertex -78.79936981201172 -73.53682708740234 2.000002861022949
    vertex -80.92068481445312 -75.65814971923828 2.00000262260437
    vertex -81.29377746582031 -75.20354461669922 2.00000262260437
  endloop
endfacet
facet normal 0.0 0.0 0.0
  outer loop
    vertex -78.79936981201172 -73.53682708740234 7.500001907348633
    vertex -80.92069244384766 -75.65814971923828 7.500001907348633
    vertex -80.46607971191406 -76.03123474121094 7.500001907348633
  endloop
endfacet
facet normal 0.0 0.0 0.0
  outer loop
    vertex -78.79936981201172 -73.53682708740234 2.000002861022949
    vertex -80.46607971191406 -76.03123474121094 2.00000262260437
    vertex -80.92068481445312 -75.65814971923828 2.00000262260437
  endloop
endfacet
facet normal 0.0 0.0 0.0
  outer loop
    vertex -78.79936981201172 -73.53682708740234 7.500001907348633
    vertex -80.46607971191406 -76.03123474121094 7.500001907348633
    vertex -79.94741821289062 -76.30846405029297 7.500001907348633
  endloop
endfacet
facet normal 0.0 0.0 0.0
  outer loop
    vertex -78.79936981201172 -73.53682708740234 2.000002861022949
    vertex -79.94741821289062 -76.30846405029297 2.00000262260437
    vertex -80.46607971191406 -76.03123474121094 2.00000262260437
  endloop
endfacet
facet normal 0.0 0.0 0.0
  outer loop
    vertex -78.79936981201172 -73.53682708740234 7.500001907348633
    vertex -79.94741821289062 -76.30846405029297 7.500001907348633
    vertex -79.3846435546875 -76.47918701171875 7.500001907348633
  endloop
endfacet
facet normal 0.0 0.0 0.0
  outer loop
    vertex -78.79936981201172 -73.53682708740234 2.000002861022949
    vertex -79.3846435546875 -76.47918701171875 2.00000262260437
    vertex -79.94741821289062 -76.30846405029297 2.00000262260437
  endloop
endfacet
facet normal 0.0 0.0 0.0
  outer loop
    vertex -78.79936981201172 -73.53682708740234 7.500001907348633
    vertex -79.3846435546875 -76.47918701171875 7.500001907348633
    vertex -78.79936981201172 -76.53682708740234 7.500001907348633
  endloop
endfacet
facet normal 0.0 0.0 0.0
  outer loop
    vertex -78.79936981201172 -73.53682708740234 2.000002861022949
    vertex -78.79936981201172 -76.53682708740234 2.00000262260437
    vertex -79.3846435546875 -76.47918701171875 2.00000262260437
  endloop
endfacet
facet normal 0.0 0.0 0.0
  outer loop
    vertex -78.79936981201172 -73.53682708740234 7.500001907348633
    vertex -78.79936981201172 -76.53682708740234 7.500001907348633
    vertex -78.21409606933594 -76.47918701171875 7.500001907348633
  endloop
endfacet
facet normal 0.0 0.0 0.0
  outer loop
    vertex -78.79936981201172 -73.53682708740234 2.000002861022949
    vertex -78.21410369873047 -76.47918701171875 2.00000262260437
    vertex -78.79936981201172 -76.53682708740234 2.00000262260437
  endloop
endfacet
facet normal 0.0 0.0 0.0
  outer loop
    vertex -78.79936981201172 -73.53682708740234 7.500001907348633
    vertex -78.21409606933594 -76.47918701171875 7.500001907348633
    vertex -77.65132141113281 -76.30846405029297 7.500001907348633
  endloop
endfacet
facet normal 0.0 0.0 0.0
  outer loop
    vertex -78.79936981201172 -73.53682708740234 2.000002861022949
    vertex -77.65132141113281 -76.3084716796875 2.00000262260437
    vertex -78.21410369873047 -76.47918701171875 2.00000262260437
  endloop
endfacet
facet normal 0.0 0.0 0.0
  outer loop
    vertex -78.79936981201172 -73.53682708740234 7.500001907348633
    vertex -77.65132141113281 -76.30846405029297 7.500001907348633
    vertex -77.13265991210938 -76.03123474121094 7.500001907348633
  endloop
endfacet
facet normal 0.0 0.0 0.0
  outer loop
    vertex -78.79936981201172 -73.53682708740234 2.000002861022949
    vertex -77.13265991210938 -76.03124237060547 2.00000262260437
    vertex -77.65132141113281 -76.3084716796875 2.00000262260437
  endloop
endfacet
facet normal 0.0 0.0 0.0
  outer loop
    vertex -78.79936981201172 -73.53682708740234 7.500001907348633
    vertex -77.13265991210938 -76.03123474121094 7.500001907348633
    vertex -76.67804718017578 -75.65814971923828 7.500001907348633
  endloop
endfacet
facet normal 0.0 0.0 0.0
  outer loop
    vertex -78.79936981201172 -73.53682708740234 2.000002861022949
    vertex -76.67805480957031 -75.65814971923828 2.00000262260437
    vertex -77.13265991210938 -76.03124237060547 2.00000262260437
  endloop
endfacet
facet normal 0.0 0.0 0.0
  outer loop
    vertex -78.79936981201172 -73.53682708740234 7.500001907348633
    vertex -76.67804718017578 -75.65814971923828 7.500001907348633
    vertex -76.30496215820312 -75.20353698730469 7.500001907348633
  endloop
endfacet
facet normal 0.0 0.0 0.0
  outer loop
    vertex -78.79936981201172 -73.53682708740234 2.000002861022949
    vertex -76.30496215820312 -75.20354461669922 2.00000262260437
    vertex -76.67805480957031 -75.65814971923828 2.00000262260437
  endloop
endfacet
facet normal 0.0 0.0 0.0
  outer loop
    vertex -78.79936981201172 -73.53682708740234 7.500001907348633
    vertex -76.30496215820312 -75.20353698730469 7.500001907348633
    vertex -76.02772521972656 -74.68487548828125 7.500001907348633
  endloop
endfacet
facet normal 0.0 0.0 0.0
  outer loop
    vertex -78.79936981201172 -73.53682708740234 2.000002861022949
    vertex -76.0277328491211 -74.68489074707031 2.000002861022949
    vertex -76.30496215820312 -75.20354461669922 2.00000262260437
  endloop
endfacet
facet normal 0.0 0.0 0.0
  outer loop
    vertex -78.79936981201172 -73.53682708740234 7.500001907348633
    vertex -76.02772521972656 -74.68487548828125 7.500001907348633
    vertex -75.85700988769531 -74.12210083007812 7.500002384185791
  endloop
endfacet
facet normal 0.0 0.0 0.0
  outer loop
    vertex -78.79936981201172 -73.53682708740234 2.000002861022949
    vertex -75.85701751708984 -74.12210845947266 2.0000030994415283
    vertex -76.0277328491211 -74.68489074707031 2.000002861022949
  endloop
endfacet
facet normal 0.0 0.0 0.0
  outer loop
    vertex -78.79936981201172 -73.53682708740234 7.500001907348633
    vertex -75.85700988769531 -74.12210083007812 7.500002384185791
    vertex -75.79936981201172 -73.53682708740234 7.500002384185791
  endloop
endfacet
facet normal 0.0 0.0 0.0
  outer loop
    vertex -78.79936981201172 -73.53682708740234 2.000002861022949
    vertex -75.79936981201172 -73.5368423461914 2.0000030994415283
    vertex -75.85701751708984 -74.12210845947266 2.0000030994415283
  endloop
endfacet
facet normal 0.0 0.0 0.0
  outer loop
    vertex -78.79936981201172 -73.53682708740234 7.500001907348633
    vertex -75.79936981201172 -73.53682708740234 7.500002384185791
    vertex -75.85700988769531 -72.95155334472656 7.500002384185791
  endloop
endfacet
facet normal 0.0 0.0 0.0
  outer loop
    vertex -78.79936981201172 -73.53682708740234 2.000002861022949
    vertex -75.85700988769531 -72.95156860351562 2.0000030994415283
    vertex -75.79936981201172 -73.5368423461914 2.0000030994415283
  endloop
endfacet
facet normal 0.0 0.0 0.0
  outer loop
    vertex -78.79936981201172 -73.53682708740234 7.500001907348633
    vertex -75.85700988769531 -72.95155334472656 7.500002384185791
    vertex -76.0277328491211 -72.38877868652344 7.500001907348633
  endloop
endfacet
facet normal 0.0 0.0 0.0
  outer loop
    vertex -78.79936981201172 -73.53682708740234 2.000002861022949
    vertex -76.02772521972656 -72.3887939453125 2.000002861022949
    vertex -75.85700988769531 -72.95156860351562 2.0000030994415283
  endloop
endfacet
facet normal 0.0 0.0 0.0
  outer loop
    vertex -78.79936981201172 -73.53682708740234 7.500001907348633
    vertex -76.0277328491211 -72.38877868652344 7.500001907348633
    vertex -76.30496215820312 -71.8701171875 7.500001907348633
  endloop
endfacet
facet normal 0.0 0.0 0.0
  outer loop
    vertex -78.79936981201172 -73.53682708740234 2.000002861022949
    vertex -76.3049545288086 -71.87013244628906 2.000002861022949
    vertex -76.02772521972656 -72.3887939453125 2.000002861022949
  endloop
endfacet
facet normal 0.0 0.0 0.0
  outer loop
    vertex -78.79936981201172 -73.53682708740234 7.500001907348633
    vertex -76.30496215820312 -71.8701171875 7.500001907348633
    vertex -76.67805480957031 -71.41551208496094 7.500001907348633
  endloop
endfacet
facet normal 0.0 0.0 0.0
  outer loop
    vertex -78.79936981201172 -73.53682708740234 2.000002861022949
    vertex -76.67803955078125 -71.41551971435547 2.000002861022949
    vertex -76.3049545288086 -71.87013244628906 2.000002861022949
  endloop
endfacet
facet normal 0.0 0.0 0.0
  outer loop
    vertex -78.79936981201172 -73.53682708740234 7.500001907348633
    vertex -76.67805480957031 -71.41551208496094 7.500001907348633
    vertex -77.13265991210938 -71.04241943359375 7.500001907348633
  endloop
endfacet
facet normal 0.0 0.0 0.0
  outer loop
    vertex -78.79936981201172 -73.53682708740234 2.000002861022949
    vertex -77.13264465332031 -71.04242706298828 2.000002861022949
    vertex -76.67803955078125 -71.41551971435547 2.000002861022949
  endloop
endfacet
facet normal 0.0 0.0 0.0
  outer loop
    vertex -78.79936981201172 -73.53682708740234 7.500001907348633
    vertex -77.13265991210938 -71.04241943359375 7.500001907348633
    vertex -77.65132141113281 -70.76519012451172 7.500001907348633
  endloop
endfacet
facet normal 0.0 0.0 0.0
  outer loop
    vertex -78.79936981201172 -73.53682708740234 2.000002861022949
    vertex -77.65130615234375 -70.76519775390625 2.000002861022949
    vertex -77.13264465332031 -71.04242706298828 2.000002861022949
  endloop
endfacet
facet normal 0.0 0.0 0.0
  outer loop
    vertex -78.79936981201172 -73.53682708740234 7.500001907348633
    vertex -77.65132141113281 -70.76519012451172 7.500001907348633
    vertex -78.21410369873047 -70.59447479248047 7.500001907348633
  endloop
endfacet
facet normal 0.0 0.0 0.0
  outer loop
    vertex -78.79936981201172 -73.53682708740234 2.000002861022949
    vertex -78.21408081054688 -70.59447479248047 2.000002861022949
    vertex -77.65130615234375 -70.76519775390625 2.000002861022949
  endloop
endfacet
facet normal 0.0 0.0 0.0
  outer loop
    vertex -78.79936981201172 -73.53682708740234 7.500001907348633
    vertex -78.21410369873047 -70.59447479248047 7.500001907348633
    vertex -78.79937744140625 -70.53682708740234 7.500001907348633
  endloop
endfacet
facet normal 0.0 0.0 0.0
  outer loop
    vertex -78.79936981201172 -73.53682708740234 2.000002861022949
    vertex -78.79934692382812 -70.53682708740234 2.000002861022949
    vertex -78.21408081054688 -70.59447479248047 2.000002861022949
  endloop
endfacet
facet normal 0.0 0.0 0.0
  outer loop
    vertex -78.79936981201172 -73.53682708740234 7.500001907348633
    vertex -78.79937744140625 -70.53682708740234 7.500001907348633
    vertex -79.3846435546875 -70.59447479248047 7.500001907348633
  endloop
endfacet
facet normal 0.0 0.0 0.0
  outer loop
    vertex -78.79936981201172 -73.53682708740234 2.000002861022949
    vertex -79.3846206665039 -70.59446716308594 2.000002861022949
    vertex -78.79934692382812 -70.53682708740234 2.000002861022949
  endloop
endfacet
facet normal 0.0 0.0 0.0
  outer loop
    vertex -78.79936981201172 -73.53682708740234 7.500001907348633
    vertex -79.3846435546875 -70.59447479248047 7.500001907348633
    vertex -79.94742584228516 -70.76519775390625 7.500001907348633
  endloop
endfacet
facet normal 0.0 0.0 0.0
  outer loop
    vertex -78.79936981201172 -73.53682708740234 2.000002861022949
    vertex -79.94740295410156 -70.76518249511719 2.000002861022949
    vertex -79.3846206665039 -70.59446716308594 2.000002861022949
  endloop
endfacet
facet normal 0.0 0.0 0.0
  outer loop
    vertex -78.79936981201172 -73.53682708740234 7.500001907348633
    vertex -79.94742584228516 -70.76519775390625 7.500001907348633
    vertex -80.4660873413086 -71.04242706298828 7.500001907348633
  endloop
endfacet
facet normal 0.0 0.0 0.0
  outer loop
    vertex -78.79936981201172 -73.53682708740234 2.000002861022949
    vertex -80.466064453125 -71.04240417480469 2.000002861022949
    vertex -79.94740295410156 -70.76518249511719 2.000002861022949
  endloop
endfacet
facet normal 0.0 0.0 0.0
  outer loop
    vertex -80.4660873413086 -71.04242706298828 7.500001907348633
    vertex -80.92069244384766 -71.41551208496094 7.500001907348633
    vertex -78.79936981201172 -73.53682708740234 7.500001907348633
  endloop
endfacet
facet normal 0.0 0.0 0.0
  outer loop
    vertex -78.79936981201172 -73.53682708740234 2.000002861022949
    vertex -80.92069244384766 -71.41551208496094 2.000002861022949
    vertex -80.466064453125 -71.04240417480469 2.000002861022949
  endloop
endfacet
facet normal 0.0 0.0 0.0
  outer loop
    vertex -80.92069244384766 -71.41551208496094 7.500001907348633
    vertex -80.92069244384766 -71.41551208496094 2.000002861022949
    vertex -81.29377746582031 -71.87012481689453 2.000002861022949
  endloop
endfacet
facet normal 0.0 0.0 0.0
  outer loop
    vertex -80.92069244384766 -71.41551208496094 7.500001907348633
    vertex -81.29377746582031 -71.87012481689453 2.000002861022949
    vertex -81.29377746582031 -71.8701171875 7.500001907348633
  endloop
endfacet
facet normal 0.0 0.0 0.0
  outer loop
    vertex -81.29377746582031 -71.8701171875 7.500001907348633
    vertex -81.29377746582031 -71.87012481689453 2.000002861022949
    vertex -81.57101440429688 -72.38878631591797 2.000002861022949
  endloop
endfacet
facet normal 0.0 0.0 0.0
  outer loop
    vertex -81.29377746582031 -71.8701171875 7.500001907348633
    vertex -81.57101440429688 -72.38878631591797 2.000002861022949
    vertex -81.57100677490234 -72.38877868652344 7.500001907348633
  endloop
endfacet
facet normal 0.0 0.0 0.0
  outer loop
    vertex -81.57100677490234 -72.38877868652344 7.500001907348633
    vertex -81.57101440429688 -72.38878631591797 2.000002861022949
    vertex -81.74172973632812 -72.95156860351562 2.000002861022949
  endloop
endfacet
facet normal 0.0 0.0 0.0
  outer loop
    vertex -81.57100677490234 -72.38877868652344 7.500001907348633
    vertex -81.74172973632812 -72.95156860351562 2.000002861022949
    vertex -81.74172973632812 -72.9515609741211 7.500001907348633
  endloop
endfacet
facet normal 0.0 0.0 0.0
  outer loop
    vertex -81.74172973632812 -72.9515609741211 7.500001907348633
    vertex -81.74172973632812 -72.95156860351562 2.000002861022949
    vertex -81.79936981201172 -73.53683471679688 2.000002861022949
  endloop
endfacet
facet normal 0.0 0.0 0.0
  outer loop
    vertex -81.74172973632812 -72.9515609741211 7.500001907348633
    vertex -81.79936981201172 -73.53683471679688 2.000002861022949
    vertex -81.79936981201172 -73.53682708740234 7.500001907348633
  endloop
endfacet
facet normal 0.0 0.0 0.0
  outer loop
    vertex -81.79936981201172 -73.53682708740234 7.500001907348633
    vertex -81.79936981201172 -73.53683471679688 2.000002861022949
    vertex -81.7417221069336 -74.12210845947266 2.000002861022949
  endloop
endfacet
facet normal 0.0 0.0 0.0
  outer loop
    vertex -81.79936981201172 -73.53682708740234 7.500001907348633
    vertex -81.7417221069336 -74.12210845947266 2.000002861022949
    vertex -81.74172973632812 -74.12210083007812 7.500001907348633
  endloop
endfacet
facet normal 0.0 0.0 0.0
  outer loop
    vertex -81.74172973632812 -74.12210083007812 7.500001907348633
    vertex -81.7417221069336 -74.12210845947266 2.000002861022949
    vertex -81.57100677490234 -74.68488311767578 2.000002861022949
  endloop
endfacet
facet normal 0.0 0.0 0.0
  outer loop
    vertex -81.74172973632812 -74.12210083007812 7.500001907348633
    vertex -81.57100677490234 -74.68488311767578 2.000002861022949
    vertex -81.57100677490234 -74.68487548828125 7.500001907348633
  endloop
endfacet
facet normal 0.0 0.0 0.0
  outer loop
    vertex -81.57100677490234 -74.68487548828125 7.500001907348633
    vertex -81.57100677490234 -74.68488311767578 2.000002861022949
    vertex -81.29377746582031 -75.20354461669922 2.00000262260437
  endloop
endfacet
facet normal 0.0 0.0 0.0
  outer loop
    vertex -81.57100677490234 -74.68487548828125 7.500001907348633
    vertex -81.29377746582031 -75.20354461669922 2.00000262260437
    vertex -81.29377746582031 -75.20353698730469 7.500001907348633
  endloop
endfacet
facet normal 0.0 0.0 0.0
  outer loop
    vertex -81.29377746582031 -75.20353698730469 7.500001907348633
    vertex -81.29377746582031 -75.20354461669922 2.00000262260437
    vertex -80.92068481445312 -75.65814971923828 2.00000262260437
  endloop
endfacet
facet normal 0.0 0.0 0.0
  outer loop
    vertex -81.29377746582031 -75.20353698730469 7.500001907348633
    vertex -80.92068481445312 -75.65814971923828 2.00000262260437
    vertex -80.92069244384766 -75.65814971923828 7.500001907348633
  endloop
endfacet
facet normal 0.0 0.0 0.0
  outer loop
    vertex -80.92069244384766 -75.65814971923828 7.500001907348633
    vertex -80.92068481445312 -75.65814971923828 2.00000262260437
    vertex -80.46607971191406 -76.03123474121094 2.00000262260437
  endloop
endfacet
facet normal 0.0 0.0 0.0
  outer loop
    vertex -80.92069244384766 -75.65814971923828 7.500001907348633
    vertex -80.46607971191406 -76.03123474121094 2.00000262260437
    vertex -80.46607971191406 -76.03123474121094 7.500001907348633
  endloop
endfacet
facet normal 0.0 0.0 0.0
  outer loop
    vertex -80.46607971191406 -76.03123474121094 7.500001907348633
    vertex -80.46607971191406 -76.03123474121094 2.00000262260437
    vertex -79.94741821289062 -76.30846405029297 2.00000262260437
  endloop
endfacet
facet normal 0.0 0.0 0.0
  outer loop
    vertex -80.46607971191406 -76.03123474121094 7.500001907348633
    vertex -79.94741821289062 -76.30846405029297 2.00000262260437
    vertex -79.94741821289062 -76.30846405029297 7.500001907348633
  endloop
endfacet
facet normal 0.0 0.0 0.0
  outer loop
    vertex -79.94741821289062 -76.30846405029297 7.500001907348633
    vertex -79.94741821289062 -76.30846405029297 2.00000262260437
    vertex -79.3846435546875 -76.47918701171875 2.00000262260437
  endloop
endfacet
facet normal 0.0 0.0 0.0
  outer loop
    vertex -79.94741821289062 -76.30846405029297 7.500001907348633
    vertex -79.3846435546875 -76.47918701171875 2.00000262260437
    vertex -79.3846435546875 -76.47918701171875 7.500001907348633
  endloop
endfacet
facet normal 0.0 0.0 0.0
  outer loop
    vertex -79.3846435546875 -76.47918701171875 7.500001907348633
    vertex -79.3846435546875 -76.47918701171875 2.00000262260437
    vertex -78.79936981201172 -76.53682708740234 2.00000262260437
  endloop
endfacet
facet normal 0.0 0.0 0.0
  outer loop
    vertex -79.3846435546875 -76.47918701171875 7.500001907348633
    vertex -78.79936981201172 -76.53682708740234 2.00000262260437
    vertex -78.79936981201172 -76.53682708740234 7.500001907348633
  endloop
endfacet
facet normal 0.0 0.0 0.0
  outer loop
    vertex -78.79936981201172 -76.53682708740234 7.500001907348633
    vertex -78.79936981201172 -76.53682708740234 2.00000262260437
    vertex -78.21410369873047 -76.47918701171875 2.00000262260437
  endloop
endfacet
facet normal 0.0 0.0 0.0
  outer loop
    vertex -78.79936981201172 -76.53682708740234 7.500001907348633
    vertex -78.21410369873047 -76.47918701171875 2.00000262260437
    vertex -78.21409606933594 -76.47918701171875 7.500001907348633
  endloop
endfacet
facet normal 0.0 0.0 0.0
  outer loop
    vertex -78.21409606933594 -76.47918701171875 7.500001907348633
    vertex -78.21410369873047 -76.47918701171875 2.00000262260437
    vertex -77.65132141113281 -76.3084716796875 2.00000262260437
  endloop
endfacet
facet normal 0.0 0.0 0.0
  outer loop
    vertex -78.21409606933594 -76.47918701171875 7.500001907348633
    vertex -77.65132141113281 -76.3084716796875 2.00000262260437
    vertex -77.65132141113281 -76.30846405029297 7.500001907348633
  endloop
endfacet
facet normal 0.0 0.0 0.0
  outer loop
    vertex -77.65132141113281 -76.30846405029297 7.500001907348633
    vertex -77.65132141113281 -76.3084716796875 2.00000262260437
    vertex -77.13265991210938 -76.03124237060547 2.00000262260437
  endloop
endfacet
facet normal 0.0 0.0 0.0
  outer loop
    vertex -77.65132141113281 -76.30846405029297 7.500001907348633
    vertex -77.13265991210938 -76.03124237060547 2.00000262260437
    vertex -77.13265991210938 -76.03123474121094 7.500001907348633
  endloop
endfacet
facet normal 0.0 0.0 0.0
  outer loop
    vertex -77.13265991210938 -76.03123474121094 7.500001907348633
    vertex -77.13265991210938 -76.03124237060547 2.00000262260437
    vertex -76.67805480957031 -75.65814971923828 2.00000262260437
  endloop
endfacet
facet normal 0.0 0.0 0.0
  outer loop
    vertex -77.13265991210938 -76.03123474121094 7.500001907348633
    vertex -76.67805480957031 -75.65814971923828 2.00000262260437
    vertex -76.67804718017578 -75.65814971923828 7.500001907348633
  endloop
endfacet
facet normal 0.0 0.0 0.0
  outer loop
    vertex -76.67804718017578 -75.65814971923828 7.500001907348633
    vertex -76.67805480957031 -75.65814971923828 2.00000262260437
    vertex -76.30496215820312 -75.20354461669922 2.00000262260437
  endloop
endfacet
facet normal 0.0 0.0 0.0
  outer loop
    vertex -76.67804718017578 -75.65814971923828 7.500001907348633
    vertex -76.30496215820312 -75.20354461669922 2.00000262260437
    vertex -76.30496215820312 -75.20353698730469 7.500001907348633
  endloop
endfacet
facet normal 0.0 0.0 0.0
  outer loop
    vertex -76.30496215820312 -75.20353698730469 7.500001907348633
    vertex -76.30496215820312 -75.20354461669922 2.00000262260437
    vertex -76.0277328491211 -74.68489074707031 2.000002861022949
  endloop
endfacet
facet normal 0.0 0.0 0.0
  outer loop
    vertex -76.30496215820312 -75.20353698730469 7.500001907348633
    vertex -76.0277328491211 -74.68489074707031 2.000002861022949
    vertex -76.02772521972656 -74.68487548828125 7.500001907348633
  endloop
endfacet
facet normal 0.0 0.0 0.0
  outer loop
    vertex -76.02772521972656 -74.68487548828125 7.500001907348633
    vertex -76.0277328491211 -74.68489074707031 2.000002861022949
    vertex -75.85701751708984 -74.12210845947266 2.0000030994415283
  endloop
endfacet
facet normal 0.0 0.0 0.0
  outer loop
    vertex -76.02772521972656 -74.68487548828125 7.500001907348633
    vertex -75.85701751708984 -74.12210845947266 2.0000030994415283
    vertex -75.85700988769531 -74.12210083007812 7.500002384185791
  endloop
endfacet
facet normal 0.0 0.0 0.0
  outer loop
    vertex -75.85700988769531 -74.12210083007812 7.500002384185791
    vertex -75.85701751708984 -74.12210845947266 2.0000030994415283
    vertex -75.79936981201172 -73.5368423461914 2.0000030994415283
  endloop
endfacet
facet normal 0.0 0.0 0.0
  outer loop
    vertex -75.85700988769531 -74.12210083007812 7.500002384185791
    vertex -75.79936981201172 -73.5368423461914 2.0000030994415283
    vertex -75.79936981201172 -73.53682708740234 7.500002384185791
  endloop
endfacet
facet normal 0.0 0.0 0.0
  outer loop
    vertex -75.79936981201172 -73.53682708740234 7.500002384185791
    vertex -75.79936981201172 -73.5368423461914 2.0000030994415283
    vertex -75.85700988769531 -72.95156860351562 2.0000030994415283
  endloop
endfacet
facet normal 0.0 0.0 0.0
  outer loop
    vertex -75.79936981201172 -73.53682708740234 7.500002384185791
    vertex -75.85700988769531 -72.95156860351562 2.0000030994415283
    vertex -75.85700988769531 -72.95155334472656 7.500002384185791
  endloop
endfacet
facet normal 0.0 0.0 0.0
  outer loop
    vertex -75.85700988769531 -72.95155334472656 7.500002384185791
    vertex -75.85700988769531 -72.95156860351562 2.0000030994415283
    vertex -76.02772521972656 -72.3887939453125 2.000002861022949
  endloop
endfacet
facet normal 0.0 0.0 0.0
  outer loop
    vertex -75.85700988769531 -72.95155334472656 7.500002384185791
    vertex -76.02772521972656 -72.3887939453125 2.000002861022949
    vertex -76.0277328491211 -72.38877868652344 7.500001907348633
  endloop
endfacet
facet normal 0.0 0.0 0.0
  outer loop
    vertex -76.0277328491211 -72.38877868652344 7.500001907348633
    vertex -76.02772521972656 -72.3887939453125 2.000002861022949
    vertex -76.3049545288086 -71.87013244628906 2.000002861022949
  endloop
endfacet
facet normal 0.0 0.0 0.0
  outer loop
    vertex -76.0277328491211 -72.38877868652344 7.500001907348633
    vertex -76.3049545288086 -71.87013244628906 2.000002861022949
    vertex -76.30496215820312 -71.8701171875 7.500001907348633
  endloop
endfacet
facet normal 0.0 0.0 0.0
  outer loop
    vertex -76.30496215820312 -71.8701171875 7.500001907348633
    vertex -76.3049545288086 -71.87013244628906 2.000002861022949
    vertex -76.67803955078125 -71.41551971435547 2.000002861022949
  endloop
endfacet
facet normal 0.0 0.0 0.0
  outer loop
    vertex -76.30496215820312 -71.8701171875 7.500001907348633
    vertex -76.67803955078125 -71.41551971435547 2.000002861022949
    vertex -76.67805480957031 -71.41551208496094 7.500001907348633
  endloop
endfacet
facet normal 0.0 0.0 0.0
  outer loop
    vertex -76.67805480957031 -71.41551208496094 7.500001907348633
    vertex -76.67803955078125 -71.41551971435547 2.000002861022949
    vertex -77.13264465332031 -71.04242706298828 2.000002861022949
  endloop
endfacet
facet normal 0.0 0.0 0.0
  outer loop
    vertex -76.67805480957031 -71.41551208496094 7.500001907348633
    vertex -77.13264465332031 -71.04242706298828 2.000002861022949
    vertex -77.13265991210938 -71.04241943359375 7.500001907348633
  endloop
endfacet
facet normal 0.0 0.0 0.0
  outer loop
    vertex -77.13265991210938 -71.04241943359375 7.500001907348633
    vertex -77.13264465332031 -71.04242706298828 2.000002861022949
    vertex -77.65130615234375 -70.76519775390625 2.000002861022949
  endloop
endfacet
facet normal 0.0 0.0 0.0
  outer loop
    vertex -77.13265991210938 -71.04241943359375 7.500001907348633
    vertex -77.65130615234375 -70.76519775390625 2.000002861022949
    vertex -77.65132141113281 -70.76519012451172 7.500001907348633
  endloop
endfacet
facet normal 0.0 0.0 0.0
  outer loop
    vertex -77.65132141113281 -70.76519012451172 7.500001907348633
    vertex -77.65130615234375 -70.76519775390625 2.000002861022949
    vertex -78.21408081054688 -70.59447479248047 2.000002861022949
  endloop
endfacet
facet normal 0.0 0.0 0.0
  outer loop
    vertex -77.65132141113281 -70.76519012451172 7.500001907348633
    vertex -78.21408081054688 -70.59447479248047 2.000002861022949
    vertex -78.21410369873047 -70.59447479248047 7.500001907348633
  endloop
endfacet
facet normal 0.0 0.0 0.0
  outer loop
    vertex -78.21410369873047 -70.59447479248047 7.500001907348633
    vertex -78.21408081054688 -70.59447479248047 2.000002861022949
    vertex -78.79934692382812 -70.53682708740234 2.000002861022949
  endloop
endfacet
facet normal 0.0 0.0 0.0
  outer loop
    vertex -78.21410369873047 -70.59447479248047 7.500001907348633
    vertex -78.79934692382812 -70.53682708740234 2.000002861022949
    vertex -78.79937744140625 -70.53682708740234 7.500001907348633
  endloop
endfacet
facet normal 0.0 0.0 0.0
  outer loop
    vertex -78.79937744140625 -70.53682708740234 7.500001907348633
    vertex -78.79934692382812 -70.53682708740234 2.000002861022949
    vertex -79.3846206665039 -70.59446716308594 2.000002861022949
  endloop
endfacet
facet normal 0.0 0.0 0.0
  outer loop
    vertex -78.79937744140625 -70.53682708740234 7.500001907348633
    vertex -79.3846206665039 -70.59446716308594 2.000002861022949
    vertex -79.3846435546875 -70.59447479248047 7.500001907348633
  endloop
endfacet
facet normal 0.0 0.0 0.0
  outer loop
    vertex -79.3846435546875 -70.59447479248047 7.500001907348633
    vertex -79.3846206665039 -70.59446716308594 2.000002861022949
    vertex -79.94740295410156 -70.76518249511719 2.000002861022949
  endloop
endfacet
facet normal 0.0 0.0 0.0
  outer loop
    vertex -79.3846435546875 -70.59447479248047 7.500001907348633
    vertex -79.94740295410156 -70.76518249511719 2.000002861022949
    vertex -79.94742584228516 -70.76519775390625 7.500001907348633
  endloop
endfacet
facet normal 0.0 0.0 0.0
  outer loop
    vertex -79.94742584228516 -70.76519775390625 7.500001907348633
    vertex -79.94740295410156 -70.76518249511719 2.000002861022949
    vertex -80.466064453125 -71.04240417480469 2.000002861022949
  endloop
endfacet
facet normal 0.0 0.0 0.0
  outer loop
    vertex -79.94742584228516 -70.76519775390625 7.500001907348633
    vertex -80.466064453125 -71.04240417480469 2.000002861022949
    vertex -80.4660873413086 -71.04242706298828 7.500001907348633
  endloop
endfacet
facet normal 0.0 0.0 0.0
  outer loop
    vertex -80.92069244384766 -71.41551208496094 2.000002861022949
    vertex -80.92069244384766 -71.41551208496094 7.500001907348633
    vertex -80.4660873413086 -71.04242706298828 7.500001907348633
  endloop
endfacet
facet normal 0.0 0.0 0.0
  outer loop
    vertex -80.92069244384766 -71.41551208496094 2.000002861022949
    vertex -80.4660873413086 -71.04242706298828 7.500001907348633
    vertex -80.466064453125 -71.04240417480469 2.000002861022949
  endloop
endfacet
facet normal 0.0 0.0 0.0
  outer loop
    vertex -78.79936981201172 -73.53682708740234 9.000001907348633
    vertex -79.75396728515625 -72.58223724365234 9.000001907348633
    vertex -79.9218521118164 -72.78681182861328 9.000001907348633
  endloop
endfacet
facet normal 0.0 0.0 0.0
  outer loop
    vertex -78.79936981201172 -73.53682708740234 7.500001907348633
    vertex -79.92185974121094 -72.78681182861328 7.500001907348633
    vertex -79.75396728515625 -72.58223724365234 7.500001907348633
  endloop
endfacet
facet normal 0.0 0.0 0.0
  outer loop
    vertex -78.79936981201172 -73.53682708740234 9.000001907348633
    vertex -79.9218521118164 -72.78681182861328 9.000001907348633
    vertex -80.0466079711914 -73.02021026611328 9.000001907348633
  endloop
endfacet
facet normal 0.0 0.0 0.0
  outer loop
    vertex -78.79936981201172 -73.53682708740234 7.500001907348633
    vertex -80.0466079711914 -73.02021026611328 7.500001907348633
    vertex -79.92185974121094 -72.78681182861328 7.500001907348633
  endloop
endfacet
facet normal 0.0 0.0 0.0
  outer loop
    vertex -78.79936981201172 -73.53682708740234 9.000001907348633
    vertex -80.0466079711914 -73.02021026611328 9.000001907348633
    vertex -80.12342834472656 -73.2734603881836 9.000001907348633
  endloop
endfacet
facet normal 0.0 0.0 0.0
  outer loop
    vertex -78.79936981201172 -73.53682708740234 7.500001907348633
    vertex -80.12342834472656 -73.2734603881836 7.500001907348633
    vertex -80.0466079711914 -73.02021026611328 7.500001907348633
  endloop
endfacet
facet normal 0.0 0.0 0.0
  outer loop
    vertex -78.79936981201172 -73.53682708740234 9.000001907348633
    vertex -80.12342834472656 -73.2734603881836 9.000001907348633
    vertex -80.14936828613281 -73.53682708740234 9.000001907348633
  endloop
endfacet
facet normal 0.0 0.0 0.0
  outer loop
    vertex -78.79936981201172 -73.53682708740234 7.500001907348633
    vertex -80.14936828613281 -73.53683471679688 7.500001907348633
    vertex -80.12342834472656 -73.2734603881836 7.500001907348633
  endloop
endfacet
facet normal 0.0 0.0 0.0
  outer loop
    vertex -78.79936981201172 -73.53682708740234 9.000001907348633
    vertex -80.14936828613281 -73.53682708740234 9.000001907348633
    vertex -80.12342834472656 -73.80020141601562 9.000001907348633
  endloop
endfacet
facet normal 0.0 0.0 0.0
  outer loop
    vertex -78.79936981201172 -73.53682708740234 7.500001907348633
    vertex -80.12342834472656 -73.80020141601562 7.500001907348633
    vertex -80.14936828613281 -73.53683471679688 7.500001907348633
  endloop
endfacet
facet normal 0.0 0.0 0.0
  outer loop
    vertex -78.79936981201172 -73.53682708740234 9.000001907348633
    vertex -80.12342834472656 -73.80020141601562 9.000001907348633
    vertex -80.0466079711914 -74.05345153808594 9.000001907348633
  endloop
endfacet
facet normal 0.0 0.0 0.0
  outer loop
    vertex -78.79936981201172 -73.53682708740234 7.500001907348633
    vertex -80.0466079711914 -74.05345153808594 7.500001907348633
    vertex -80.12342834472656 -73.80020141601562 7.500001907348633
  endloop
endfacet
facet normal 0.0 0.0 0.0
  outer loop
    vertex -78.79936981201172 -73.53682708740234 9.000001907348633
    vertex -80.0466079711914 -74.05345153808594 9.000001907348633
    vertex -79.9218521118164 -74.28684997558594 9.000001907348633
  endloop
endfacet
facet normal 0.0 0.0 0.0
  outer loop
    vertex -78.79936981201172 -73.53682708740234 7.500001907348633
    vertex -79.9218521118164 -74.28684997558594 7.500001907348633
    vertex -80.0466079711914 -74.05345153808594 7.500001907348633
  endloop
endfacet
facet normal 0.0 0.0 0.0
  outer loop
    vertex -78.79936981201172 -73.53682708740234 9.000001907348633
    vertex -79.9218521118164 -74.28684997558594 9.000001907348633
    vertex -79.75396728515625 -74.49142456054688 9.000001907348633
  endloop
endfacet
facet normal 0.0 0.0 0.0
  outer loop
    vertex -78.79936981201172 -73.53682708740234 7.500001907348633
    vertex -79.75396728515625 -74.49142456054688 7.500001907348633
    vertex -79.9218521118164 -74.28684997558594 7.500001907348633
  endloop
endfacet
facet normal 0.0 0.0 0.0
  outer loop
    vertex -78.79936981201172 -73.53682708740234 9.000001907348633
    vertex -79.75396728515625 -74.49142456054688 9.000001907348633
    vertex -79.54939270019531 -74.65930938720703 9.000001907348633
  endloop
endfacet
facet normal 0.0 0.0 0.0
  outer loop
    vertex -78.79936981201172 -73.53682708740234 7.500001907348633
    vertex -79.54939270019531 -74.65931701660156 7.500001907348633
    vertex -79.75396728515625 -74.49142456054688 7.500001907348633
  endloop
endfacet
facet normal 0.0 0.0 0.0
  outer loop
    vertex -78.79936981201172 -73.53682708740234 9.000001907348633
    vertex -79.54939270019531 -74.65930938720703 9.000001907348633
    vertex -79.31599426269531 -74.78406524658203 9.000001907348633
  endloop
endfacet
facet normal 0.0 0.0 0.0
  outer loop
    vertex -78.79936981201172 -73.53682708740234 7.500001907348633
    vertex -79.31599426269531 -74.78406524658203 7.500001907348633
    vertex -79.54939270019531 -74.65931701660156 7.500001907348633
  endloop
endfacet
facet normal 0.0 0.0 0.0
  outer loop
    vertex -78.79936981201172 -73.53682708740234 9.000001907348633
    vertex -79.31599426269531 -74.78406524658203 9.000001907348633
    vertex -79.062744140625 -74.86088562011719 9.000001907348633
  endloop
endfacet
facet normal 0.0 0.0 0.0
  outer loop
    vertex -78.79936981201172 -73.53682708740234 7.500001907348633
    vertex -79.062744140625 -74.86088562011719 7.500001907348633
    vertex -79.31599426269531 -74.78406524658203 7.500001907348633
  endloop
endfacet
facet normal 0.0 0.0 0.0
  outer loop
    vertex -78.79936981201172 -73.53682708740234 9.000001907348633
    vertex -79.062744140625 -74.86088562011719 9.000001907348633
    vertex -78.79936981201172 -74.88682556152344 9.000001907348633
  endloop
endfacet
facet normal 0.0 0.0 0.0
  outer loop
    vertex -78.79936981201172 -73.53682708740234 7.500001907348633
    vertex -78.79936981201172 -74.88682556152344 7.500001907348633
    vertex -79.062744140625 -74.86088562011719 7.500001907348633
  endloop
endfacet
facet normal 0.0 0.0 0.0
  outer loop
    vertex -78.79936981201172 -73.53682708740234 9.000001907348633
    vertex -78.79936981201172 -74.88682556152344 9.000001907348633
    vertex -78.53599548339844 -74.86088562011719 9.000001907348633
  endloop
endfacet
facet normal 0.0 0.0 0.0
  outer loop
    vertex -78.79936981201172 -73.53682708740234 7.500001907348633
    vertex -78.53599548339844 -74.86088562011719 7.500001907348633
    vertex -78.79936981201172 -74.88682556152344 7.500001907348633
  endloop
endfacet
facet normal 0.0 0.0 0.0
  outer loop
    vertex -78.79936981201172 -73.53682708740234 9.000001907348633
    vertex -78.53599548339844 -74.86088562011719 9.000001907348633
    vertex -78.28274536132812 -74.78406524658203 9.000001907348633
  endloop
endfacet
facet normal 0.0 0.0 0.0
  outer loop
    vertex -78.79936981201172 -73.53682708740234 7.500001907348633
    vertex -78.28274536132812 -74.78406524658203 7.500001907348633
    vertex -78.53599548339844 -74.86088562011719 7.500001907348633
  endloop
endfacet
facet normal 0.0 0.0 0.0
  outer loop
    vertex -78.79936981201172 -73.53682708740234 9.000001907348633
    vertex -78.28274536132812 -74.78406524658203 9.000001907348633
    vertex -78.04934692382812 -74.65930938720703 9.000001907348633
  endloop
endfacet
facet normal 0.0 0.0 0.0
  outer loop
    vertex -78.79936981201172 -73.53682708740234 7.500001907348633
    vertex -78.04935455322266 -74.65931701660156 7.500001907348633
    vertex -78.28274536132812 -74.78406524658203 7.500001907348633
  endloop
endfacet
facet normal 0.0 0.0 0.0
  outer loop
    vertex -78.79936981201172 -73.53682708740234 9.000001907348633
    vertex -78.04934692382812 -74.65930938720703 9.000001907348633
    vertex -77.84477233886719 -74.49142456054688 9.000001907348633
  endloop
endfacet
facet normal 0.0 0.0 0.0
  outer loop
    vertex -78.79936981201172 -73.53682708740234 7.500001907348633
    vertex -77.84477996826172 -74.49142456054688 7.500001907348633
    vertex -78.04935455322266 -74.65931701660156 7.500001907348633
  endloop
endfacet
facet normal 0.0 0.0 0.0
  outer loop
    vertex -78.79936981201172 -73.53682708740234 9.000001907348633
    vertex -77.84477233886719 -74.49142456054688 9.000001907348633
    vertex -77.67688751220703 -74.28684997558594 9.000001907348633
  endloop
endfacet
facet normal 0.0 0.0 0.0
  outer loop
    vertex -78.79936981201172 -73.53682708740234 7.500001907348633
    vertex -77.67688751220703 -74.28684997558594 7.500001907348633
    vertex -77.84477996826172 -74.49142456054688 7.500001907348633
  endloop
endfacet
facet normal 0.0 0.0 0.0
  outer loop
    vertex -78.79936981201172 -73.53682708740234 9.000001907348633
    vertex -77.67688751220703 -74.28684997558594 9.000001907348633
    vertex -77.55213165283203 -74.05345153808594 9.000001907348633
  endloop
endfacet
facet normal 0.0 0.0 0.0
  outer loop
    vertex -78.79936981201172 -73.53682708740234 7.500001907348633
    vertex -77.55213165283203 -74.05345153808594 7.500001907348633
    vertex -77.67688751220703 -74.28684997558594 7.500001907348633
  endloop
endfacet
facet normal 0.0 0.0 0.0
  outer loop
    vertex -78.79936981201172 -73.53682708740234 9.000001907348633
    vertex -77.55213165283203 -74.05345153808594 9.000001907348633
    vertex -77.47531127929688 -73.80020141601562 9.000001907348633
  endloop
endfacet
facet normal 0.0 0.0 0.0
  outer loop
    vertex -78.79936981201172 -73.53682708740234 7.500001907348633
    vertex -77.47531127929688 -73.80020904541016 7.500001907348633
    vertex -77.55213165283203 -74.05345153808594 7.500001907348633
  endloop
endfacet
facet normal 0.0 0.0 0.0
  outer loop
    vertex -78.79936981201172 -73.53682708740234 9.000001907348633
    vertex -77.47531127929688 -73.80020141601562 9.000001907348633
    vertex -77.44937133789062 -73.53682708740234 9.000001907348633
  endloop
endfacet
facet normal 0.0 0.0 0.0
  outer loop
    vertex -78.79936981201172 -73.53682708740234 7.500001907348633
    vertex -77.44937133789062 -73.53683471679688 7.500001907348633
    vertex -77.47531127929688 -73.80020904541016 7.500001907348633
  endloop
endfacet
facet normal 0.0 0.0 0.0
  outer loop
    vertex -78.79936981201172 -73.53682708740234 9.000001907348633
    vertex -77.44937133789062 -73.53682708740234 9.000001907348633
    vertex -77.47531127929688 -73.27345275878906 9.000001907348633
  endloop
endfacet
facet normal 0.0 0.0 0.0
  outer loop
    vertex -78.79936981201172 -73.53682708740234 7.500001907348633
    vertex -77.47531127929688 -73.2734603881836 7.500001907348633
    vertex -77.44937133789062 -73.53683471679688 7.500001907348633
  endloop
endfacet
facet normal 0.0 0.0 0.0
  outer loop
    vertex -78.79936981201172 -73.53682708740234 9.000001907348633
    vertex -77.47531127929688 -73.27345275878906 9.000001907348633
    vertex -77.55213165283203 -73.02020263671875 9.000001907348633
  endloop
endfacet
facet normal 0.0 0.0 0.0
  outer loop
    vertex -78.79936981201172 -73.53682708740234 7.500001907348633
    vertex -77.55213165283203 -73.02021026611328 7.500001907348633
    vertex -77.47531127929688 -73.2734603881836 7.500001907348633
  endloop
endfacet
facet normal 0.0 0.0 0.0
  outer loop
    vertex -78.79936981201172 -73.53682708740234 9.000001907348633
    vertex -77.55213165283203 -73.02020263671875 9.000001907348633
    vertex -77.67688751220703 -72.78681182861328 9.000001907348633
  endloop
endfacet
facet normal 0.0 0.0 0.0
  outer loop
    vertex -78.79936981201172 -73.53682708740234 7.500001907348633
    vertex -77.6768798828125 -72.78681945800781 7.500001907348633
    vertex -77.55213165283203 -73.02021026611328 7.500001907348633
  endloop
endfacet
facet normal 0.0 0.0 0.0
  outer loop
    vertex -78.79936981201172 -73.53682708740234 9.000001907348633
    vertex -77.67688751220703 -72.78681182861328 9.000001907348633
    vertex -77.84477233886719 -72.58223724365234 9.000001907348633
  endloop
endfacet
facet normal 0.0 0.0 0.0
  outer loop
    vertex -78.79936981201172 -73.53682708740234 7.500001907348633
    vertex -77.84477233886719 -72.58223724365234 7.500001907348633
    vertex -77.6768798828125 -72.78681945800781 7.500001907348633
  endloop
endfacet
facet normal 0.0 0.0 0.0
  outer loop
    vertex -78.79936981201172 -73.53682708740234 9.000001907348633
    vertex -77.84477233886719 -72.58223724365234 9.000001907348633
    vertex -78.04934692382812 -72.41434478759766 9.000001907348633
  endloop
endfacet
facet normal 0.0 0.0 0.0
  outer loop
    vertex -78.79936981201172 -73.53682708740234 7.500001907348633
    vertex -78.04934692382812 -72.41435241699219 7.500001907348633
    vertex -77.84477233886719 -72.58223724365234 7.500001907348633
  endloop
endfacet
facet normal 0.0 0.0 0.0
  outer loop
    vertex -78.79936981201172 -73.53682708740234 9.000001907348633
    vertex -78.04934692382812 -72.41434478759766 9.000001907348633
    vertex -78.28274536132812 -72.28958892822266 9.000001907348633
  endloop
endfacet
facet normal 0.0 0.0 0.0
  outer loop
    vertex -78.79936981201172 -73.53682708740234 7.500001907348633
    vertex -78.2827377319336 -72.28959655761719 7.500001907348633
    vertex -78.04934692382812 -72.41435241699219 7.500001907348633
  endloop
endfacet
facet normal 0.0 0.0 0.0
  outer loop
    vertex -78.79936981201172 -73.53682708740234 9.000001907348633
    vertex -78.28274536132812 -72.28958892822266 9.000001907348633
    vertex -78.53599548339844 -72.2127685546875 9.000001907348633
  endloop
endfacet
facet normal 0.0 0.0 0.0
  outer loop
    vertex -78.79936981201172 -73.53682708740234 7.500001907348633
    vertex -78.5359878540039 -72.2127685546875 7.500001907348633
    vertex -78.2827377319336 -72.28959655761719 7.500001907348633
  endloop
endfacet
facet normal 0.0 0.0 0.0
  outer loop
    vertex -78.79936981201172 -73.53682708740234 9.000001907348633
    vertex -78.53599548339844 -72.2127685546875 9.000001907348633
    vertex -78.79936981201172 -72.18682861328125 9.000001907348633
  endloop
endfacet
facet normal 0.0 0.0 0.0
  outer loop
    vertex -78.79936981201172 -73.53682708740234 7.500001907348633
    vertex -78.79936218261719 -72.18682861328125 7.500001907348633
    vertex -78.5359878540039 -72.2127685546875 7.500001907348633
  endloop
endfacet
facet normal 0.0 0.0 0.0
  outer loop
    vertex -78.79936981201172 -73.53682708740234 9.000001907348633
    vertex -78.79936981201172 -72.18682861328125 9.000001907348633
    vertex -79.062744140625 -72.2127685546875 9.000001907348633
  endloop
endfacet
facet normal 0.0 0.0 0.0
  outer loop
    vertex -78.79936981201172 -73.53682708740234 7.500001907348633
    vertex -79.06272888183594 -72.2127685546875 7.500001907348633
    vertex -78.79936218261719 -72.18682861328125 7.500001907348633
  endloop
endfacet
facet normal 0.0 0.0 0.0
  outer loop
    vertex -78.79936981201172 -73.53682708740234 9.000001907348633
    vertex -79.062744140625 -72.2127685546875 9.000001907348633
    vertex -79.31599426269531 -72.28959655761719 9.000001907348633
  endloop
endfacet
facet normal 0.0 0.0 0.0
  outer loop
    vertex -78.79936981201172 -73.53682708740234 7.500001907348633
    vertex -79.31597900390625 -72.28958892822266 7.500001907348633
    vertex -79.06272888183594 -72.2127685546875 7.500001907348633
  endloop
endfacet
facet normal 0.0 0.0 0.0
  outer loop
    vertex -78.79936981201172 -73.53682708740234 9.000001907348633
    vertex -79.31599426269531 -72.28959655761719 9.000001907348633
    vertex -79.54939270019531 -72.41434478759766 9.000001907348633
  endloop
endfacet
facet normal 0.0 0.0 0.0
  outer loop
    vertex -78.79936981201172 -73.53682708740234 7.500001907348633
    vertex -79.54937744140625 -72.41433715820312 7.500001907348633
    vertex -79.31597900390625 -72.28958892822266 7.500001907348633
  endloop
endfacet
facet normal 0.0 0.0 0.0
  outer loop
    vertex -79.54939270019531 -72.41434478759766 9.000001907348633
    vertex -79.75396728515625 -72.58223724365234 9.000001907348633
    vertex -78.79936981201172 -73.53682708740234 9.000001907348633
  endloop
endfacet
facet normal 0.0 0.0 0.0
  outer loop
    vertex -78.79936981201172 -73.53682708740234 7.500001907348633
    vertex -79.75396728515625 -72.58223724365234 7.500001907348633
    vertex -79.54937744140625 -72.41433715820312 7.500001907348633
  endloop
endfacet
facet normal 0.0 0.0 0.0
  outer loop
    vertex -79.75396728515625 -72.58223724365234 9.000001907348633
    vertex -79.75396728515625 -72.58223724365234 7.500001907348633
    vertex -79.92185974121094 -72.78681182861328 7.500001907348633
  endloop
endfacet
facet normal 0.0 0.0 0.0
  outer loop
    vertex -79.75396728515625 -72.58223724365234 9.000001907348633
    vertex -79.92185974121094 -72.78681182861328 7.500001907348633
    vertex -79.9218521118164 -72.78681182861328 9.000001907348633
  endloop
endfacet
facet normal 0.0 0.0 0.0
  outer loop
    vertex -79.9218521118164 -72.78681182861328 9.000001907348633
    vertex -79.92185974121094 -72.78681182861328 7.500001907348633
    vertex -80.0466079711914 -73.02021026611328 7.500001907348633
  endloop
endfacet
facet normal 0.0 0.0 0.0
  outer loop
    vertex -79.9218521118164 -72.78681182861328 9.000001907348633
    vertex -80.0466079711914 -73.02021026611328 7.500001907348633
    vertex -80.0466079711914 -73.02021026611328 9.000001907348633
  endloop
endfacet
facet normal 0.0 0.0 0.0
  outer loop
    vertex -80.0466079711914 -73.02021026611328 9.000001907348633
    vertex -80.0466079711914 -73.02021026611328 7.500001907348633
    vertex -80.12342834472656 -73.2734603881836 7.500001907348633
  endloop
endfacet
facet normal 0.0 0.0 0.0
  outer loop
    vertex -80.0466079711914 -73.02021026611328 9.000001907348633
    vertex -80.12342834472656 -73.2734603881836 7.500001907348633
    vertex -80.12342834472656 -73.2734603881836 9.000001907348633
  endloop
endfacet
facet normal 0.0 0.0 0.0
  outer loop
    vertex -80.12342834472656 -73.2734603881836 9.000001907348633
    vertex -80.12342834472656 -73.2734603881836 7.500001907348633
    vertex -80.14936828613281 -73.53683471679688 7.500001907348633
  endloop
endfacet
facet normal 0.0 0.0 0.0
  outer loop
    vertex -80.12342834472656 -73.2734603881836 9.000001907348633
    vertex -80.14936828613281 -73.53683471679688 7.500001907348633
    vertex -80.14936828613281 -73.53682708740234 9.000001907348633
  endloop
endfacet
facet normal 0.0 0.0 0.0
  outer loop
    vertex -80.14936828613281 -73.53682708740234 9.000001907348633
    vertex -80.14936828613281 -73.53683471679688 7.500001907348633
    vertex -80.12342834472656 -73.80020141601562 7.500001907348633
  endloop
endfacet
facet normal 0.0 0.0 0.0
  outer loop
    vertex -80.14936828613281 -73.53682708740234 9.000001907348633
    vertex -80.12342834472656 -73.80020141601562 7.500001907348633
    vertex -80.12342834472656 -73.80020141601562 9.000001907348633
  endloop
endfacet
facet normal 0.0 0.0 0.0
  outer loop
    vertex -80.12342834472656 -73.80020141601562 9.000001907348633
    vertex -80.12342834472656 -73.80020141601562 7.500001907348633
    vertex -80.0466079711914 -74.05345153808594 7.500001907348633
  endloop
endfacet
facet normal 0.0 0.0 0.0
  outer loop
    vertex -80.12342834472656 -73.80020141601562 9.000001907348633
    vertex -80.0466079711914 -74.05345153808594 7.500001907348633
    vertex -80.0466079711914 -74.05345153808594 9.000001907348633
  endloop
endfacet
facet normal 0.0 0.0 0.0
  outer loop
    vertex -80.0466079711914 -74.05345153808594 9.000001907348633
    vertex -80.0466079711914 -74.05345153808594 7.500001907348633
    vertex -79.9218521118164 -74.28684997558594 7.500001907348633
  endloop
endfacet
facet normal 0.0 0.0 0.0
  outer loop
    vertex -80.0466079711914 -74.05345153808594 9.000001907348633
    vertex -79.9218521118164 -74.28684997558594 7.500001907348633
    vertex -79.9218521118164 -74.28684997558594 9.000001907348633
  endloop
endfacet
facet normal 0.0 0.0 0.0
  outer loop
    vertex -79.9218521118164 -74.28684997558594 9.000001907348633
    vertex -79.9218521118164 -74.28684997558594 7.500001907348633
    vertex -79.75396728515625 -74.49142456054688 7.500001907348633
  endloop
endfacet
facet normal 0.0 0.0 0.0
  outer loop
    vertex -79.9218521118164 -74.28684997558594 9.000001907348633
    vertex -79.75396728515625 -74.49142456054688 7.500001907348633
    vertex -79.75396728515625 -74.49142456054688 9.000001907348633
  endloop
endfacet
facet normal 0.0 0.0 0.0
  outer loop
    vertex -79.75396728515625 -74.49142456054688 9.000001907348633
    vertex -79.75396728515625 -74.49142456054688 7.500001907348633
    vertex -79.54939270019531 -74.65931701660156 7.500001907348633
  endloop
endfacet
facet normal 0.0 0.0 0.0
  outer loop
    vertex -79.75396728515625 -74.49142456054688 9.000001907348633
    vertex -79.54939270019531 -74.65931701660156 7.500001907348633
    vertex -79.54939270019531 -74.65930938720703 9.000001907348633
  endloop
endfacet
facet normal 0.0 0.0 0.0
  outer loop
    vertex -79.54939270019531 -74.65930938720703 9.000001907348633
    vertex -79.54939270019531 -74.65931701660156 7.500001907348633
    vertex -79.31599426269531 -74.78406524658203 7.500001907348633
  endloop
endfacet
facet normal 0.0 0.0 0.0
  outer loop
    vertex -79.54939270019531 -74.65930938720703 9.000001907348633
    vertex -79.31599426269531 -74.78406524658203 7.500001907348633
    vertex -79.31599426269531 -74.78406524658203 9.000001907348633
  endloop
endfacet
facet normal 0.0 0.0 0.0
  outer loop
    vertex -79.31599426269531 -74.78406524658203 9.000001907348633
    vertex -79.31599426269531 -74.78406524658203 7.500001907348633
    vertex -79.062744140625 -74.86088562011719 7.500001907348633
  endloop
endfacet
facet normal 0.0 0.0 0.0
  outer loop
    vertex -79.31599426269531 -74.78406524658203 9.000001907348633
    vertex -79.062744140625 -74.86088562011719 7.500001907348633
    vertex -79.062744140625 -74.86088562011719 9.000001907348633
  endloop
endfacet
facet normal 0.0 0.0 0.0
  outer loop
    vertex -79.062744140625 -74.86088562011719 9.000001907348633
    vertex -79.062744140625 -74.86088562011719 7.500001907348633
    vertex -78.79936981201172 -74.88682556152344 7.500001907348633
  endloop
endfacet
facet normal 0.0 0.0 0.0
  outer loop
    vertex -79.062744140625 -74.86088562011719 9.000001907348633
    vertex -78.79936981201172 -74.88682556152344 7.500001907348633
    vertex -78.79936981201172 -74.88682556152344 9.000001907348633
  endloop
endfacet
facet normal 0.0 0.0 0.0
  outer loop
    vertex -78.79936981201172 -74.88682556152344 9.000001907348633
    vertex -78.79936981201172 -74.88682556152344 7.500001907348633
    vertex -78.53599548339844 -74.86088562011719 7.500001907348633
  endloop
endfacet
facet normal 0.0 0.0 0.0
  outer loop
    vertex -78.79936981201172 -74.88682556152344 9.000001907348633
    vertex -78.53599548339844 -74.86088562011719 7.500001907348633
    vertex -78.53599548339844 -74.86088562011719 9.000001907348633
  endloop
endfacet
facet normal 0.0 0.0 0.0
  outer loop
    vertex -78.53599548339844 -74.86088562011719 9.000001907348633
    vertex -78.53599548339844 -74.86088562011719 7.500001907348633
    vertex -78.28274536132812 -74.78406524658203 7.500001907348633
  endloop
endfacet
facet normal 0.0 0.0 0.0
  outer loop
    vertex -78.53599548339844 -74.86088562011719 9.000001907348633
    vertex -78.28274536132812 -74.78406524658203 7.500001907348633
    vertex -78.28274536132812 -74.78406524658203 9.000001907348633
  endloop
endfacet
facet normal 0.0 0.0 0.0
  outer loop
    vertex -78.28274536132812 -74.78406524658203 9.000001907348633
    vertex -78.28274536132812 -74.78406524658203 7.500001907348633
    vertex -78.04935455322266 -74.65931701660156 7.500001907348633
  endloop
endfacet
facet normal 0.0 0.0 0.0
  outer loop
    vertex -78.28274536132812 -74.78406524658203 9.000001907348633
    vertex -78.04935455322266 -74.65931701660156 7.500001907348633
    vertex -78.04934692382812 -74.65930938720703 9.000001907348633
  endloop
endfacet
facet normal 0.0 0.0 0.0
  outer loop
    vertex -78.04934692382812 -74.65930938720703 9.000001907348633
    vertex -78.04935455322266 -74.65931701660156 7.500001907348633
    vertex -77.84477996826172 -74.49142456054688 7.500001907348633
  endloop
endfacet
facet normal 0.0 0.0 0.0
  outer loop
    vertex -78.04934692382812 -74.65930938720703 9.000001907348633
    vertex -77.84477996826172 -74.49142456054688 7.500001907348633
    vertex -77.84477233886719 -74.49142456054688 9.000001907348633
  endloop
endfacet
facet normal 0.0 0.0 0.0
  outer loop
    vertex -77.84477233886719 -74.49142456054688 9.000001907348633
    vertex -77.84477996826172 -74.49142456054688 7.500001907348633
    vertex -77.67688751220703 -74.28684997558594 7.500001907348633
  endloop
endfacet
facet normal 0.0 0.0 0.0
  outer loop
    vertex -77.84477233886719 -74.49142456054688 9.000001907348633
    vertex -77.67688751220703 -74.28684997558594 7.500001907348633
    vertex -77.67688751220703 -74.28684997558594 9.000001907348633
  endloop
endfacet
facet normal 0.0 0.0 0.0
  outer loop
    vertex -77.67688751220703 -74.28684997558594 9.000001907348633
    vertex -77.67688751220703 -74.28684997558594 7.500001907348633
    vertex -77.55213165283203 -74.05345153808594 7.500001907348633
  endloop
endfacet
facet normal 0.0 0.0 0.0
  outer loop
    vertex -77.67688751220703 -74.28684997558594 9.000001907348633
    vertex -77.55213165283203 -74.05345153808594 7.500001907348633
    vertex -77.55213165283203 -74.05345153808594 9.000001907348633
  endloop
endfacet
facet normal 0.0 0.0 0.0
  outer loop
    vertex -77.55213165283203 -74.05345153808594 9.000001907348633
    vertex -77.55213165283203 -74.05345153808594 7.500001907348633
    vertex -77.47531127929688 -73.80020904541016 7.500001907348633
  endloop
endfacet
facet normal 0.0 0.0 0.0
  outer loop
    vertex -77.55213165283203 -74.05345153808594 9.000001907348633
    vertex -77.47531127929688 -73.80020904541016 7.500001907348633
    vertex -77.47531127929688 -73.80020141601562 9.000001907348633
  endloop
endfacet
facet normal 0.0 0.0 0.0
  outer loop
    vertex -77.47531127929688 -73.80020141601562 9.000001907348633
    vertex -77.47531127929688 -73.80020904541016 7.500001907348633
    vertex -77.44937133789062 -73.53683471679688 7.500001907348633
  endloop
endfacet
facet normal 0.0 0.0 0.0
  outer loop
    vertex -77.47531127929688 -73.80020141601562 9.000001907348633
    vertex -77.44937133789062 -73.53683471679688 7.500001907348633
    vertex -77.44937133789062 -73.53682708740234 9.000001907348633
  endloop
endfacet
facet normal 0.0 0.0 0.0
  outer loop
    vertex -77.44937133789062 -73.53682708740234 9.000001907348633
    vertex -77.44937133789062 -73.53683471679688 7.500001907348633
    vertex -77.47531127929688 -73.2734603881836 7.500001907348633
  endloop
endfacet
facet normal 0.0 0.0 0.0
  outer loop
    vertex -77.44937133789062 -73.53682708740234 9.000001907348633
    vertex -77.47531127929688 -73.2734603881836 7.500001907348633
    vertex -77.47531127929688 -73.27345275878906 9.000001907348633
  endloop
endfacet
facet normal 0.0 0.0 0.0
  outer loop
    vertex -77.47531127929688 -73.27345275878906 9.000001907348633
    vertex -77.47531127929688 -73.2734603881836 7.500001907348633
    vertex -77.55213165283203 -73.02021026611328 7.500001907348633
  endloop
endfacet
facet normal 0.0 0.0 0.0
  outer loop
    vertex -77.47531127929688 -73.27345275878906 9.000001907348633
    vertex -77.55213165283203 -73.02021026611328 7.500001907348633
    vertex -77.55213165283203 -73.02020263671875 9.000001907348633
  endloop
endfacet
facet normal 0.0 0.0 0.0
  outer loop
    vertex -77.55213165283203 -73.02020263671875 9.000001907348633
    vertex -77.55213165283203 -73.02021026611328 7.500001907348633
    vertex -77.6768798828125 -72.78681945800781 7.500001907348633
  endloop
endfacet
facet normal 0.0 0.0 0.0
  outer loop
    vertex -77.55213165283203 -73.02020263671875 9.000001907348633
    vertex -77.6768798828125 -72.78681945800781 7.500001907348633
    vertex -77.67688751220703 -72.78681182861328 9.000001907348633
  endloop
endfacet
facet normal 0.0 0.0 0.0
  outer loop
    vertex -77.67688751220703 -72.78681182861328 9.000001907348633
    vertex -77.6768798828125 -72.78681945800781 7.500001907348633
    vertex -77.84477233886719 -72.58223724365234 7.500001907348633
  endloop
endfacet
facet normal 0.0 0.0 0.0
  outer loop
    vertex -77.67688751220703 -72.78681182861328 9.000001907348633
    vertex -77.84477233886719 -72.58223724365234 7.500001907348633
    vertex -77.84477233886719 -72.58223724365234 9.000001907348633
  endloop
endfacet
facet normal 0.0 0.0 0.0
  outer loop
    vertex -77.84477233886719 -72.58223724365234 9.000001907348633
    vertex -77.84477233886719 -72.58223724365234 7.500001907348633
    vertex -78.04934692382812 -72.41435241699219 7.500001907348633
  endloop
endfacet
facet normal 0.0 0.0 0.0
  outer loop
    vertex -77.84477233886719 -72.58223724365234 9.000001907348633
    vertex -78.04934692382812 -72.41435241699219 7.500001907348633
    vertex -78.04934692382812 -72.41434478759766 9.000001907348633
  endloop
endfacet
facet normal 0.0 0.0 0.0
  outer loop
    vertex -78.04934692382812 -72.41434478759766 9.000001907348633
    vertex -78.04934692382812 -72.41435241699219 7.500001907348633
    vertex -78.2827377319336 -72.28959655761719 7.500001907348633
  endloop
endfacet
facet normal 0.0 0.0 0.0
  outer loop
    vertex -78.04934692382812 -72.41434478759766 9.000001907348633
    vertex -78.2827377319336 -72.28959655761719 7.500001907348633
    vertex -78.28274536132812 -72.28958892822266 9.000001907348633
  endloop
endfacet
facet normal 0.0 0.0 0.0
  outer loop
    vertex -78.28274536132812 -72.28958892822266 9.000001907348633
    vertex -78.2827377319336 -72.28959655761719 7.500001907348633
    vertex -78.5359878540039 -72.2127685546875 7.500001907348633
  endloop
endfacet
facet normal 0.0 0.0 0.0
  outer loop
    vertex -78.28274536132812 -72.28958892822266 9.000001907348633
    vertex -78.5359878540039 -72.2127685546875 7.500001907348633
    vertex -78.53599548339844 -72.2127685546875 9.000001907348633
  endloop
endfacet
facet normal 0.0 0.0 0.0
  outer loop
    vertex -78.53599548339844 -72.2127685546875 9.000001907348633
    vertex -78.5359878540039 -72.2127685546875 7.500001907348633
    vertex -78.79936218261719 -72.18682861328125 7.500001907348633
  endloop
endfacet
facet normal 0.0 0.0 0.0
  outer loop
    vertex -78.53599548339844 -72.2127685546875 9.000001907348633
    vertex -78.79936218261719 -72.18682861328125 7.500001907348633
    vertex -78.79936981201172 -72.18682861328125 9.000001907348633
  endloop
endfacet
facet normal 0.0 0.0 0.0
  outer loop
    vertex -78.79936981201172 -72.18682861328125 9.000001907348633
    vertex -78.79936218261719 -72.18682861328125 7.500001907348633
    vertex -79.06272888183594 -72.2127685546875 7.500001907348633
  endloop
endfacet
facet normal 0.0 0.0 0.0
  outer loop
    vertex -78.79936981201172 -72.18682861328125 9.000001907348633
    vertex -79.06272888183594 -72.2127685546875 7.500001907348633
    vertex -79.062744140625 -72.2127685546875 9.000001907348633
  endloop
endfacet
facet normal 0.0 0.0 0.0
  outer loop
    vertex -79.062744140625 -72.2127685546875 9.000001907348633
    vertex -79.06272888183594 -72.2127685546875 7.500001907348633
    vertex -79.31597900390625 -72.28958892822266 7.500001907348633
  endloop
endfacet
facet normal 0.0 0.0 0.0
  outer loop
    vertex -79.062744140625 -72.2127685546875 9.000001907348633
    vertex -79.31597900390625 -72.28958892822266 7.500001907348633
    vertex -79.31599426269531 -72.28959655761719 9.000001907348633
  endloop
endfacet
facet normal 0.0 0.0 0.0
  outer loop
    vertex -79.31599426269531 -72.28959655761719 9.000001907348633
    vertex -79.31597900390625 -72.28958892822266 7.500001907348633
    vertex -79.54937744140625 -72.41433715820312 7.500001907348633
  endloop
endfacet
facet normal 0.0 0.0 0.0
  outer loop
    vertex -79.31599426269531 -72.28959655761719 9.000001907348633
    vertex -79.54937744140625 -72.41433715820312 7.500001907348633
    vertex -79.54939270019531 -72.41434478759766 9.000001907348633
  endloop
endfacet
facet normal 0.0 0.0 0.0
  outer loop
    vertex -79.75396728515625 -72.58223724365234 7.500001907348633
    vertex -79.75396728515625 -72.58223724365234 9.000001907348633
    vertex -79.54939270019531 -72.41434478759766 9.000001907348633
  endloop
endfacet
facet normal 0.0 0.0 0.0
  outer loop
    vertex -79.75396728515625 -72.58223724365234 7.500001907348633
    vertex -79.54939270019531 -72.41434478759766 9.000001907348633
    vertex -79.54937744140625 -72.41433715820312 7.500001907348633
  endloop
endfacet
facet normal 0.0 0.0 0.0
  outer loop
    vertex -20.79937744140625 -73.53682708740234 7.500002861022949
    vertex -22.920698165893555 -71.41551208496094 7.500002861022949
    vertex -23.293785095214844 -71.8701171875 7.500002861022949
  endloop
endfacet
facet normal 0.0 0.0 0.0
  outer loop
    vertex -20.79937744140625 -73.53682708740234 2.0000038146972656
    vertex -23.29378890991211 -71.87012481689453 2.0000038146972656
    vertex -22.92070198059082 -71.41551208496094 2.0000038146972656
  endloop
endfacet
facet normal 0.0 0.0 0.0
  outer loop
    vertex -20.79937744140625 -73.53682708740234 7.500002861022949
    vertex -23.293785095214844 -71.8701171875 7.500002861022949
    vertex -23.571016311645508 -72.38877868652344 7.500002861022949
  endloop
endfacet
facet normal 0.0 0.0 0.0
  outer loop
    vertex -20.79937744140625 -73.53682708740234 2.0000038146972656
    vertex -23.57101821899414 -72.38878631591797 2.0000038146972656
    vertex -23.29378890991211 -71.87012481689453 2.0000038146972656
  endloop
endfacet
facet normal 0.0 0.0 0.0
  outer loop
    vertex -20.79937744140625 -73.53682708740234 7.500002861022949
    vertex -23.571016311645508 -72.38877868652344 7.500002861022949
    vertex -23.74173355102539 -72.9515609741211 7.500002861022949
  endloop
endfacet
facet normal 0.0 0.0 0.0
  outer loop
    vertex -20.79937744140625 -73.53682708740234 2.0000038146972656
    vertex -23.741735458374023 -72.95156860351562 2.0000035762786865
    vertex -23.57101821899414 -72.38878631591797 2.0000038146972656
  endloop
endfacet
facet normal 0.0 0.0 0.0
  outer loop
    vertex -20.79937744140625 -73.53682708740234 7.500002861022949
    vertex -23.74173355102539 -72.9515609741211 7.500002861022949
    vertex -23.79937744140625 -73.53682708740234 7.500002861022949
  endloop
endfacet
facet normal 0.0 0.0 0.0
  outer loop
    vertex -20.79937744140625 -73.53682708740234 2.0000038146972656
    vertex -23.79937744140625 -73.53683471679688 2.0000035762786865
    vertex -23.741735458374023 -72.95156860351562 2.0000035762786865
  endloop
endfacet
facet normal 0.0 0.0 0.0
  outer loop
    vertex -20.79937744140625 -73.53682708740234 7.500002861022949
    vertex -23.79937744140625 -73.53682708740234 7.500002861022949
    vertex -23.74173355102539 -74.12210083007812 7.500002861022949
  endloop
endfacet
facet normal 0.0 0.0 0.0
  outer loop
    vertex -20.79937744140625 -73.53682708740234 2.0000038146972656
    vertex -23.741731643676758 -74.12210845947266 2.0000035762786865
    vertex -23.79937744140625 -73.53683471679688 2.0000035762786865
  endloop
endfacet
facet normal 0.0 0.0 0.0
  outer loop
    vertex -20.79937744140625 -73.53682708740234 7.500002861022949
    vertex -23.74173355102539 -74.12210083007812 7.500002861022949
    vertex -23.571016311645508 -74.68487548828125 7.500002861022949
  endloop
endfacet
facet normal 0.0 0.0 0.0
  outer loop
    vertex -20.79937744140625 -73.53682708740234 2.0000038146972656
    vertex -23.571012496948242 -74.68488311767578 2.0000038146972656
    vertex -23.741731643676758 -74.12210845947266 2.0000035762786865
  endloop
endfacet
facet normal 0.0 0.0 0.0
  outer loop
    vertex -20.79937744140625 -73.53682708740234 7.500002861022949
    vertex -23.571016311645508 -74.68487548828125 7.500002861022949
    vertex -23.293787002563477 -75.20353698730469 7.500002861022949
  endloop
endfacet
facet normal 0.0 0.0 0.0
  outer loop
    vertex -20.79937744140625 -73.53682708740234 2.0000038146972656
    vertex -23.29378318786621 -75.20354461669922 2.0000035762786865
    vertex -23.571012496948242 -74.68488311767578 2.0000038146972656
  endloop
endfacet
facet normal 0.0 0.0 0.0
  outer loop
    vertex -20.79937744140625 -73.53682708740234 7.500002861022949
    vertex -23.293787002563477 -75.20353698730469 7.500002861022949
    vertex -22.920698165893555 -75.65814971923828 7.500002861022949
  endloop
endfacet
facet normal 0.0 0.0 0.0
  outer loop
    vertex -20.79937744140625 -73.53682708740234 2.0000038146972656
    vertex -22.920696258544922 -75.65814971923828 2.0000035762786865
    vertex -23.29378318786621 -75.20354461669922 2.0000035762786865
  endloop
endfacet
facet normal 0.0 0.0 0.0
  outer loop
    vertex -20.79937744140625 -73.53682708740234 7.500002861022949
    vertex -22.920698165893555 -75.65814971923828 7.500002861022949
    vertex -22.466087341308594 -76.03123474121094 7.500002861022949
  endloop
endfacet
facet normal 0.0 0.0 0.0
  outer loop
    vertex -20.79937744140625 -73.53682708740234 2.0000038146972656
    vertex -22.466087341308594 -76.03123474121094 2.0000035762786865
    vertex -22.920696258544922 -75.65814971923828 2.0000035762786865
  endloop
endfacet
facet normal 0.0 0.0 0.0
  outer loop
    vertex -20.79937744140625 -73.53682708740234 7.500002861022949
    vertex -22.466087341308594 -76.03123474121094 7.500002861022949
    vertex -21.94742774963379 -76.30846405029297 7.500002861022949
  endloop
endfacet
facet normal 0.0 0.0 0.0
  outer loop
    vertex -20.79937744140625 -73.53682708740234 2.0000038146972656
    vertex -21.94742774963379 -76.30846405029297 2.0000035762786865
    vertex -22.466087341308594 -76.03123474121094 2.0000035762786865
  endloop
endfacet
facet normal 0.0 0.0 0.0
  outer loop
    vertex -20.79937744140625 -73.53682708740234 7.500002861022949
    vertex -21.94742774963379 -76.30846405029297 7.500002861022949
    vertex -21.384647369384766 -76.47918701171875 7.500002861022949
  endloop
endfacet
facet normal 0.0 0.0 0.0
  outer loop
    vertex -20.79937744140625 -73.53682708740234 2.0000038146972656
    vertex -21.3846492767334 -76.47918701171875 2.0000035762786865
    vertex -21.94742774963379 -76.30846405029297 2.0000035762786865
  endloop
endfacet
facet normal 0.0 0.0 0.0
  outer loop
    vertex -20.79937744140625 -73.53682708740234 7.500002861022949
    vertex -21.384647369384766 -76.47918701171875 7.500002861022949
    vertex -20.79937744140625 -76.53682708740234 7.500002861022949
  endloop
endfacet
facet normal 0.0 0.0 0.0
  outer loop
    vertex -20.79937744140625 -73.53682708740234 2.0000038146972656
    vertex -20.799379348754883 -76.53682708740234 2.0000035762786865
    vertex -21.3846492767334 -76.47918701171875 2.0000035762786865
  endloop
endfacet
facet normal 0.0 0.0 0.0
  outer loop
    vertex -20.79937744140625 -73.53682708740234 7.500002861022949
    vertex -20.79937744140625 -76.53682708740234 7.500002861022949
    vertex -20.2141056060791 -76.47918701171875 7.500002861022949
  endloop
endfacet
facet normal 0.0 0.0 0.0
  outer loop
    vertex -20.79937744140625 -73.53682708740234 2.0000038146972656
    vertex -20.214109420776367 -76.47918701171875 2.0000035762786865
    vertex -20.799379348754883 -76.53682708740234 2.0000035762786865
  endloop
endfacet
facet normal 0.0 0.0 0.0
  outer loop
    vertex -20.79937744140625 -73.53682708740234 7.500002861022949
    vertex -20.2141056060791 -76.47918701171875 7.500002861022949
    vertex -19.651325225830078 -76.30846405029297 7.500002861022949
  endloop
endfacet
facet normal 0.0 0.0 0.0
  outer loop
    vertex -20.79937744140625 -73.53682708740234 2.0000038146972656
    vertex -19.651330947875977 -76.3084716796875 2.0000035762786865
    vertex -20.214109420776367 -76.47918701171875 2.0000035762786865
  endloop
endfacet
facet normal 0.0 0.0 0.0
  outer loop
    vertex -20.79937744140625 -73.53682708740234 7.500002861022949
    vertex -19.651325225830078 -76.30846405029297 7.500002861022949
    vertex -19.132665634155273 -76.03123474121094 7.500002861022949
  endloop
endfacet
facet normal 0.0 0.0 0.0
  outer loop
    vertex -20.79937744140625 -73.53682708740234 2.0000038146972656
    vertex -19.132671356201172 -76.03124237060547 2.0000035762786865
    vertex -19.651330947875977 -76.3084716796875 2.0000035762786865
  endloop
endfacet
facet normal 0.0 0.0 0.0
  outer loop
    vertex -20.79937744140625 -73.53682708740234 7.500002861022949
    vertex -19.132665634155273 -76.03123474121094 7.500002861022949
    vertex -18.678054809570312 -75.65814971923828 7.500002861022949
  endloop
endfacet
facet normal 0.0 0.0 0.0
  outer loop
    vertex -20.79937744140625 -73.53682708740234 2.0000038146972656
    vertex -18.67806053161621 -75.65814971923828 2.0000035762786865
    vertex -19.132671356201172 -76.03124237060547 2.0000035762786865
  endloop
endfacet
facet normal 0.0 0.0 0.0
  outer loop
    vertex -20.79937744140625 -73.53682708740234 7.500002861022949
    vertex -18.678054809570312 -75.65814971923828 7.500002861022949
    vertex -18.304967880249023 -75.20353698730469 7.500002861022949
  endloop
endfacet
facet normal 0.0 0.0 0.0
  outer loop
    vertex -20.79937744140625 -73.53682708740234 2.0000038146972656
    vertex -18.304973602294922 -75.20354461669922 2.0000035762786865
    vertex -18.67806053161621 -75.65814971923828 2.0000035762786865
  endloop
endfacet
facet normal 0.0 0.0 0.0
  outer loop
    vertex -20.79937744140625 -73.53682708740234 7.500002861022949
    vertex -18.304967880249023 -75.20353698730469 7.500002861022949
    vertex -18.02773666381836 -74.68487548828125 7.500002861022949
  endloop
endfacet
facet normal 0.0 0.0 0.0
  outer loop
    vertex -20.79937744140625 -73.53682708740234 2.0000038146972656
    vertex -18.027742385864258 -74.68489074707031 2.0000038146972656
    vertex -18.304973602294922 -75.20354461669922 2.0000035762786865
  endloop
endfacet
facet normal 0.0 0.0 0.0
  outer loop
    vertex -20.79937744140625 -73.53682708740234 7.500002861022949
    vertex -18.02773666381836 -74.68487548828125 7.500002861022949
    vertex -17.85702133178711 -74.12210083007812 7.500002861022949
  endloop
endfacet
facet normal 0.0 0.0 0.0
  outer loop
    vertex -20.79937744140625 -73.53682708740234 2.0000038146972656
    vertex -17.857023239135742 -74.12210845947266 2.0000038146972656
    vertex -18.027742385864258 -74.68489074707031 2.0000038146972656
  endloop
endfacet
facet normal 0.0 0.0 0.0
  outer loop
    vertex -20.79937744140625 -73.53682708740234 7.500002861022949
    vertex -17.85702133178711 -74.12210083007812 7.500002861022949
    vertex -17.79937744140625 -73.53682708740234 7.500002861022949
  endloop
endfacet
facet normal 0.0 0.0 0.0
  outer loop
    vertex -20.79937744140625 -73.53682708740234 2.0000038146972656
    vertex -17.79937744140625 -73.5368423461914 2.0000038146972656
    vertex -17.857023239135742 -74.12210845947266 2.0000038146972656
  endloop
endfacet
facet normal 0.0 0.0 0.0
  outer loop
    vertex -20.79937744140625 -73.53682708740234 7.500002861022949
    vertex -17.79937744140625 -73.53682708740234 7.500002861022949
    vertex -17.85702133178711 -72.95155334472656 7.500002861022949
  endloop
endfacet
facet normal 0.0 0.0 0.0
  outer loop
    vertex -20.79937744140625 -73.53682708740234 2.0000038146972656
    vertex -17.857019424438477 -72.95156860351562 2.0000038146972656
    vertex -17.79937744140625 -73.5368423461914 2.0000038146972656
  endloop
endfacet
facet normal 0.0 0.0 0.0
  outer loop
    vertex -20.79937744140625 -73.53682708740234 7.500002861022949
    vertex -17.85702133178711 -72.95155334472656 7.500002861022949
    vertex -18.027738571166992 -72.38877868652344 7.500002861022949
  endloop
endfacet
facet normal 0.0 0.0 0.0
  outer loop
    vertex -20.79937744140625 -73.53682708740234 2.0000038146972656
    vertex -18.027732849121094 -72.3887939453125 2.0000038146972656
    vertex -17.857019424438477 -72.95156860351562 2.0000038146972656
  endloop
endfacet
facet normal 0.0 0.0 0.0
  outer loop
    vertex -20.79937744140625 -73.53682708740234 7.500002861022949
    vertex -18.027738571166992 -72.38877868652344 7.500002861022949
    vertex -18.30497169494629 -71.8701171875 7.500002861022949
  endloop
endfacet
facet normal 0.0 0.0 0.0
  outer loop
    vertex -20.79937744140625 -73.53682708740234 2.0000038146972656
    vertex -18.304962158203125 -71.87013244628906 2.0000038146972656
    vertex -18.027732849121094 -72.3887939453125 2.0000038146972656
  endloop
endfacet
facet normal 0.0 0.0 0.0
  outer loop
    vertex -20.79937744140625 -73.53682708740234 7.500002861022949
    vertex -18.30497169494629 -71.8701171875 7.500002861022949
    vertex -18.678058624267578 -71.41551208496094 7.500002861022949
  endloop
endfacet
facet normal 0.0 0.0 0.0
  outer loop
    vertex -20.79937744140625 -73.53682708740234 2.0000038146972656
    vertex -18.67804527282715 -71.41551971435547 2.0000038146972656
    vertex -18.304962158203125 -71.87013244628906 2.0000038146972656
  endloop
endfacet
facet normal 0.0 0.0 0.0
  outer loop
    vertex -20.79937744140625 -73.53682708740234 7.500002861022949
    vertex -18.678058624267578 -71.41551208496094 7.500002861022949
    vertex -19.13266944885254 -71.04241943359375 7.500002861022949
  endloop
endfacet
facet normal 0.0 0.0 0.0
  outer loop
    vertex -20.79937744140625 -73.53682708740234 2.0000038146972656
    vertex -19.132652282714844 -71.04242706298828 2.0000038146972656
    vertex -18.67804527282715 -71.41551971435547 2.0000038146972656
  endloop
endfacet
facet normal 0.0 0.0 0.0
  outer loop
    vertex -20.79937744140625 -73.53682708740234 7.500002861022949
    vertex -19.13266944885254 -71.04241943359375 7.500002861022949
    vertex -19.651330947875977 -70.76519012451172 7.500002861022949
  endloop
endfacet
facet normal 0.0 0.0 0.0
  outer loop
    vertex -20.79937744140625 -73.53682708740234 2.0000038146972656
    vertex -19.651309967041016 -70.76519775390625 2.0000038146972656
    vertex -19.132652282714844 -71.04242706298828 2.0000038146972656
  endloop
endfacet
facet normal 0.0 0.0 0.0
  outer loop
    vertex -20.79937744140625 -73.53682708740234 7.500002861022949
    vertex -19.651330947875977 -70.76519012451172 7.500002861022949
    vertex -20.214111328125 -70.59447479248047 7.500002861022949
  endloop
endfacet
facet normal 0.0 0.0 0.0
  outer loop
    vertex -20.79937744140625 -73.53682708740234 2.0000038146972656
    vertex -20.214086532592773 -70.59447479248047 2.0000038146972656
    vertex -19.651309967041016 -70.76519775390625 2.0000038146972656
  endloop
endfacet
facet normal 0.0 0.0 0.0
  outer loop
    vertex -20.79937744140625 -73.53682708740234 7.500002861022949
    vertex -20.214111328125 -70.59447479248047 7.500002861022949
    vertex -20.799381256103516 -70.53682708740234 7.500002861022949
  endloop
endfacet
facet normal 0.0 0.0 0.0
  outer loop
    vertex -20.79937744140625 -73.53682708740234 2.0000038146972656
    vertex -20.79935646057129 -70.53682708740234 2.0000038146972656
    vertex -20.214086532592773 -70.59447479248047 2.0000038146972656
  endloop
endfacet
facet normal 0.0 0.0 0.0
  outer loop
    vertex -20.79937744140625 -73.53682708740234 7.500002861022949
    vertex -20.799381256103516 -70.53682708740234 7.500002861022949
    vertex -21.384653091430664 -70.59447479248047 7.500002861022949
  endloop
endfacet
facet normal 0.0 0.0 0.0
  outer loop
    vertex -20.79937744140625 -73.53682708740234 2.0000038146972656
    vertex -21.384626388549805 -70.59446716308594 2.0000038146972656
    vertex -20.79935646057129 -70.53682708740234 2.0000038146972656
  endloop
endfacet
facet normal 0.0 0.0 0.0
  outer loop
    vertex -20.79937744140625 -73.53682708740234 7.500002861022949
    vertex -21.384653091430664 -70.59447479248047 7.500002861022949
    vertex -21.947431564331055 -70.76519775390625 7.500002861022949
  endloop
endfacet
facet normal 0.0 0.0 0.0
  outer loop
    vertex -20.79937744140625 -73.53682708740234 2.0000038146972656
    vertex -21.947406768798828 -70.76518249511719 2.0000038146972656
    vertex -21.384626388549805 -70.59446716308594 2.0000038146972656
  endloop
endfacet
facet normal 0.0 0.0 0.0
  outer loop
    vertex -20.79937744140625 -73.53682708740234 7.500002861022949
    vertex -21.947431564331055 -70.76519775390625 7.500002861022949
    vertex -22.466093063354492 -71.04242706298828 7.500002861022949
  endloop
endfacet
facet normal 0.0 0.0 0.0
  outer loop
    vertex -20.79937744140625 -73.53682708740234 2.0000038146972656
    vertex -22.466068267822266 -71.04240417480469 2.0000038146972656
    vertex -21.947406768798828 -70.76518249511719 2.0000038146972656
  endloop
endfacet
facet normal 0.0 0.0 0.0
  outer loop
    vertex -22.466093063354492 -71.04242706298828 7.500002861022949
    vertex -22.920698165893555 -71.41551208496094 7.500002861022949
    vertex -20.79937744140625 -73.53682708740234 7.500002861022949
  endloop
endfacet
facet normal 0.0 0.0 0.0
  outer loop
    vertex -20.79937744140625 -73.53682708740234 2.0000038146972656
    vertex -22.92070198059082 -71.41551208496094 2.0000038146972656
    vertex -22.466068267822266 -71.04240417480469 2.0000038146972656
  endloop
endfacet
facet normal 0.0 0.0 0.0
  outer loop
    vertex -22.920698165893555 -71.41551208496094 7.500002861022949
    vertex -22.92070198059082 -71.41551208496094 2.0000038146972656
    vertex -23.29378890991211 -71.87012481689453 2.0000038146972656
  endloop
endfacet
facet normal 0.0 0.0 0.0
  outer loop
    vertex -22.920698165893555 -71.41551208496094 7.500002861022949
    vertex -23.29378890991211 -71.87012481689453 2.0000038146972656
    vertex -23.293785095214844 -71.8701171875 7.500002861022949
  endloop
endfacet
facet normal 0.0 0.0 0.0
  outer loop
    vertex -23.293785095214844 -71.8701171875 7.500002861022949
    vertex -23.29378890991211 -71.87012481689453 2.0000038146972656
    vertex -23.57101821899414 -72.38878631591797 2.0000038146972656
  endloop
endfacet
facet normal 0.0 0.0 0.0
  outer loop
    vertex -23.293785095214844 -71.8701171875 7.500002861022949
    vertex -23.57101821899414 -72.38878631591797 2.0000038146972656
    vertex -23.571016311645508 -72.38877868652344 7.500002861022949
  endloop
endfacet
facet normal 0.0 0.0 0.0
  outer loop
    vertex -23.571016311645508 -72.38877868652344 7.500002861022949
    vertex -23.57101821899414 -72.38878631591797 2.0000038146972656
    vertex -23.741735458374023 -72.95156860351562 2.0000035762786865
  endloop
endfacet
facet normal 0.0 0.0 0.0
  outer loop
    vertex -23.571016311645508 -72.38877868652344 7.500002861022949
    vertex -23.741735458374023 -72.95156860351562 2.0000035762786865
    vertex -23.74173355102539 -72.9515609741211 7.500002861022949
  endloop
endfacet
facet normal 0.0 0.0 0.0
  outer loop
    vertex -23.74173355102539 -72.9515609741211 7.500002861022949
    vertex -23.741735458374023 -72.95156860351562 2.0000035762786865
    vertex -23.79937744140625 -73.53683471679688 2.0000035762786865
  endloop
endfacet
facet normal 0.0 0.0 0.0
  outer loop
    vertex -23.74173355102539 -72.9515609741211 7.500002861022949
    vertex -23.79937744140625 -73.53683471679688 2.0000035762786865
    vertex -23.79937744140625 -73.53682708740234 7.500002861022949
  endloop
endfacet
facet normal 0.0 0.0 0.0
  outer loop
    vertex -23.79937744140625 -73.53682708740234 7.500002861022949
    vertex -23.79937744140625 -73.53683471679688 2.0000035762786865
    vertex -23.741731643676758 -74.12210845947266 2.0000035762786865
  endloop
endfacet
facet normal 0.0 0.0 0.0
  outer loop
    vertex -23.79937744140625 -73.53682708740234 7.500002861022949
    vertex -23.741731643676758 -74.12210845947266 2.0000035762786865
    vertex -23.74173355102539 -74.12210083007812 7.500002861022949
  endloop
endfacet
facet normal 0.0 0.0 0.0
  outer loop
    vertex -23.74173355102539 -74.12210083007812 7.500002861022949
    vertex -23.741731643676758 -74.12210845947266 2.0000035762786865
    vertex -23.571012496948242 -74.68488311767578 2.0000038146972656
  endloop
endfacet
facet normal 0.0 0.0 0.0
  outer loop
    vertex -23.74173355102539 -74.12210083007812 7.500002861022949
    vertex -23.571012496948242 -74.68488311767578 2.0000038146972656
    vertex -23.571016311645508 -74.68487548828125 7.500002861022949
  endloop
endfacet
facet normal 0.0 0.0 0.0
  outer loop
    vertex -23.571016311645508 -74.68487548828125 7.500002861022949
    vertex -23.571012496948242 -74.68488311767578 2.0000038146972656
    vertex -23.29378318786621 -75.20354461669922 2.0000035762786865
  endloop
endfacet
facet normal 0.0 0.0 0.0
  outer loop
    vertex -23.571016311645508 -74.68487548828125 7.500002861022949
    vertex -23.29378318786621 -75.20354461669922 2.0000035762786865
    vertex -23.293787002563477 -75.20353698730469 7.500002861022949
  endloop
endfacet
facet normal 0.0 0.0 0.0
  outer loop
    vertex -23.293787002563477 -75.20353698730469 7.500002861022949
    vertex -23.29378318786621 -75.20354461669922 2.0000035762786865
    vertex -22.920696258544922 -75.65814971923828 2.0000035762786865
  endloop
endfacet
facet normal 0.0 0.0 0.0
  outer loop
    vertex -23.293787002563477 -75.20353698730469 7.500002861022949
    vertex -22.920696258544922 -75.65814971923828 2.0000035762786865
    vertex -22.920698165893555 -75.65814971923828 7.500002861022949
  endloop
endfacet
facet normal 0.0 0.0 0.0
  outer loop
    vertex -22.920698165893555 -75.65814971923828 7.500002861022949
    vertex -22.920696258544922 -75.65814971923828 2.0000035762786865
    vertex -22.466087341308594 -76.03123474121094 2.0000035762786865
  endloop
endfacet
facet normal 0.0 0.0 0.0
  outer loop
    vertex -22.920698165893555 -75.65814971923828 7.500002861022949
    vertex -22.466087341308594 -76.03123474121094 2.0000035762786865
    vertex -22.466087341308594 -76.03123474121094 7.500002861022949
  endloop
endfacet
facet normal 0.0 0.0 0.0
  outer loop
    vertex -22.466087341308594 -76.03123474121094 7.500002861022949
    vertex -22.466087341308594 -76.03123474121094 2.0000035762786865
    vertex -21.94742774963379 -76.30846405029297 2.0000035762786865
  endloop
endfacet
facet normal 0.0 0.0 0.0
  outer loop
    vertex -22.466087341308594 -76.03123474121094 7.500002861022949
    vertex -21.94742774963379 -76.30846405029297 2.0000035762786865
    vertex -21.94742774963379 -76.30846405029297 7.500002861022949
  endloop
endfacet
facet normal 0.0 0.0 0.0
  outer loop
    vertex -21.94742774963379 -76.30846405029297 7.500002861022949
    vertex -21.94742774963379 -76.30846405029297 2.0000035762786865
    vertex -21.3846492767334 -76.47918701171875 2.0000035762786865
  endloop
endfacet
facet normal 0.0 0.0 0.0
  outer loop
    vertex -21.94742774963379 -76.30846405029297 7.500002861022949
    vertex -21.3846492767334 -76.47918701171875 2.0000035762786865
    vertex -21.384647369384766 -76.47918701171875 7.500002861022949
  endloop
endfacet
facet normal 0.0 0.0 0.0
  outer loop
    vertex -21.384647369384766 -76.47918701171875 7.500002861022949
    vertex -21.3846492767334 -76.47918701171875 2.0000035762786865
    vertex -20.799379348754883 -76.53682708740234 2.0000035762786865
  endloop
endfacet
facet normal 0.0 0.0 0.0
  outer loop
    vertex -21.384647369384766 -76.47918701171875 7.500002861022949
    vertex -20.799379348754883 -76.53682708740234 2.0000035762786865
    vertex -20.79937744140625 -76.53682708740234 7.500002861022949
  endloop
endfacet
facet normal 0.0 0.0 0.0
  outer loop
    vertex -20.79937744140625 -76.53682708740234 7.500002861022949
    vertex -20.799379348754883 -76.53682708740234 2.0000035762786865
    vertex -20.214109420776367 -76.47918701171875 2.0000035762786865
  endloop
endfacet
facet normal 0.0 0.0 0.0
  outer loop
    vertex -20.79937744140625 -76.53682708740234 7.500002861022949
    vertex -20.214109420776367 -76.47918701171875 2.0000035762786865
    vertex -20.2141056060791 -76.47918701171875 7.500002861022949
  endloop
endfacet
facet normal 0.0 0.0 0.0
  outer loop
    vertex -20.2141056060791 -76.47918701171875 7.500002861022949
    vertex -20.214109420776367 -76.47918701171875 2.0000035762786865
    vertex -19.651330947875977 -76.3084716796875 2.0000035762786865
  endloop
endfacet
facet normal 0.0 0.0 0.0
  outer loop
    vertex -20.2141056060791 -76.47918701171875 7.500002861022949
    vertex -19.651330947875977 -76.3084716796875 2.0000035762786865
    vertex -19.651325225830078 -76.30846405029297 7.500002861022949
  endloop
endfacet
facet normal 0.0 0.0 0.0
  outer loop
    vertex -19.651325225830078 -76.30846405029297 7.500002861022949
    vertex -19.651330947875977 -76.3084716796875 2.0000035762786865
    vertex -19.132671356201172 -76.03124237060547 2.0000035762786865
  endloop
endfacet
facet normal 0.0 0.0 0.0
  outer loop
    vertex -19.651325225830078 -76.30846405029297 7.500002861022949
    vertex -19.132671356201172 -76.03124237060547 2.0000035762786865
    vertex -19.132665634155273 -76.03123474121094 7.500002861022949
  endloop
endfacet
facet normal 0.0 0.0 0.0
  outer loop
    vertex -19.132665634155273 -76.03123474121094 7.500002861022949
    vertex -19.132671356201172 -76.03124237060547 2.0000035762786865
    vertex -18.67806053161621 -75.65814971923828 2.0000035762786865
  endloop
endfacet
facet normal 0.0 0.0 0.0
  outer loop
    vertex -19.132665634155273 -76.03123474121094 7.500002861022949
    vertex -18.67806053161621 -75.65814971923828 2.0000035762786865
    vertex -18.678054809570312 -75.65814971923828 7.500002861022949
  endloop
endfacet
facet normal 0.0 0.0 0.0
  outer loop
    vertex -18.678054809570312 -75.65814971923828 7.500002861022949
    vertex -18.67806053161621 -75.65814971923828 2.0000035762786865
    vertex -18.304973602294922 -75.20354461669922 2.0000035762786865
  endloop
endfacet
facet normal 0.0 0.0 0.0
  outer loop
    vertex -18.678054809570312 -75.65814971923828 7.500002861022949
    vertex -18.304973602294922 -75.20354461669922 2.0000035762786865
    vertex -18.304967880249023 -75.20353698730469 7.500002861022949
  endloop
endfacet
facet normal 0.0 0.0 0.0
  outer loop
    vertex -18.304967880249023 -75.20353698730469 7.500002861022949
    vertex -18.304973602294922 -75.20354461669922 2.0000035762786865
    vertex -18.027742385864258 -74.68489074707031 2.0000038146972656
  endloop
endfacet
facet normal 0.0 0.0 0.0
  outer loop
    vertex -18.304967880249023 -75.20353698730469 7.500002861022949
    vertex -18.027742385864258 -74.68489074707031 2.0000038146972656
    vertex -18.02773666381836 -74.68487548828125 7.500002861022949
  endloop
endfacet
facet normal 0.0 0.0 0.0
  outer loop
    vertex -18.02773666381836 -74.68487548828125 7.500002861022949
    vertex -18.027742385864258 -74.68489074707031 2.0000038146972656
    vertex -17.857023239135742 -74.12210845947266 2.0000038146972656
  endloop
endfacet
facet normal 0.0 0.0 0.0
  outer loop
    vertex -18.02773666381836 -74.68487548828125 7.500002861022949
    vertex -17.857023239135742 -74.12210845947266 2.0000038146972656
    vertex -17.85702133178711 -74.12210083007812 7.500002861022949
  endloop
endfacet
facet normal 0.0 0.0 0.0
  outer loop
    vertex -17.85702133178711 -74.12210083007812 7.500002861022949
    vertex -17.857023239135742 -74.12210845947266 2.0000038146972656
    vertex -17.79937744140625 -73.5368423461914 2.0000038146972656
  endloop
endfacet
facet normal 0.0 0.0 0.0
  outer loop
    vertex -17.85702133178711 -74.12210083007812 7.500002861022949
    vertex -17.79937744140625 -73.5368423461914 2.0000038146972656
    vertex -17.79937744140625 -73.53682708740234 7.500002861022949
  endloop
endfacet
facet normal 0.0 0.0 0.0
  outer loop
    vertex -17.79937744140625 -73.53682708740234 7.500002861022949
    vertex -17.79937744140625 -73.5368423461914 2.0000038146972656
    vertex -17.857019424438477 -72.95156860351562 2.0000038146972656
  endloop
endfacet
facet normal 0.0 0.0 0.0
  outer loop
    vertex -17.79937744140625 -73.53682708740234 7.500002861022949
    vertex -17.857019424438477 -72.95156860351562 2.0000038146972656
    vertex -17.85702133178711 -72.95155334472656 7.500002861022949
  endloop
endfacet
facet normal 0.0 0.0 0.0
  outer loop
    vertex -17.85702133178711 -72.95155334472656 7.500002861022949
    vertex -17.857019424438477 -72.95156860351562 2.0000038146972656
    vertex -18.027732849121094 -72.3887939453125 2.0000038146972656
  endloop
endfacet
facet normal 0.0 0.0 0.0
  outer loop
    vertex -17.85702133178711 -72.95155334472656 7.500002861022949
    vertex -18.027732849121094 -72.3887939453125 2.0000038146972656
    vertex -18.027738571166992 -72.38877868652344 7.500002861022949
  endloop
endfacet
facet normal 0.0 0.0 0.0
  outer loop
    vertex -18.027738571166992 -72.38877868652344 7.500002861022949
    vertex -18.027732849121094 -72.3887939453125 2.0000038146972656
    vertex -18.304962158203125 -71.87013244628906 2.0000038146972656
  endloop
endfacet
facet normal 0.0 0.0 0.0
  outer loop
    vertex -18.027738571166992 -72.38877868652344 7.500002861022949
    vertex -18.304962158203125 -71.87013244628906 2.0000038146972656
    vertex -18.30497169494629 -71.8701171875 7.500002861022949
  endloop
endfacet
facet normal 0.0 0.0 0.0
  outer loop
    vertex -18.30497169494629 -71.8701171875 7.500002861022949
    vertex -18.304962158203125 -71.87013244628906 2.0000038146972656
    vertex -18.67804527282715 -71.41551971435547 2.0000038146972656
  endloop
endfacet
facet normal 0.0 0.0 0.0
  outer loop
    vertex -18.30497169494629 -71.8701171875 7.500002861022949
    vertex -18.67804527282715 -71.41551971435547 2.0000038146972656
    vertex -18.678058624267578 -71.41551208496094 7.500002861022949
  endloop
endfacet
facet normal 0.0 0.0 0.0
  outer loop
    vertex -18.678058624267578 -71.41551208496094 7.500002861022949
    vertex -18.67804527282715 -71.41551971435547 2.0000038146972656
    vertex -19.132652282714844 -71.04242706298828 2.0000038146972656
  endloop
endfacet
facet normal 0.0 0.0 0.0
  outer loop
    vertex -18.678058624267578 -71.41551208496094 7.500002861022949
    vertex -19.132652282714844 -71.04242706298828 2.0000038146972656
    vertex -19.13266944885254 -71.04241943359375 7.500002861022949
  endloop
endfacet
facet normal 0.0 0.0 0.0
  outer loop
    vertex -19.13266944885254 -71.04241943359375 7.500002861022949
    vertex -19.132652282714844 -71.04242706298828 2.0000038146972656
    vertex -19.651309967041016 -70.76519775390625 2.0000038146972656
  endloop
endfacet
facet normal 0.0 0.0 0.0
  outer loop
    vertex -19.13266944885254 -71.04241943359375 7.500002861022949
    vertex -19.651309967041016 -70.76519775390625 2.0000038146972656
    vertex -19.651330947875977 -70.76519012451172 7.500002861022949
  endloop
endfacet
facet normal 0.0 0.0 0.0
  outer loop
    vertex -19.651330947875977 -70.76519012451172 7.500002861022949
    vertex -19.651309967041016 -70.76519775390625 2.0000038146972656
    vertex -20.214086532592773 -70.59447479248047 2.0000038146972656
  endloop
endfacet
facet normal 0.0 0.0 0.0
  outer loop
    vertex -19.651330947875977 -70.76519012451172 7.500002861022949
    vertex -20.214086532592773 -70.59447479248047 2.0000038146972656
    vertex -20.214111328125 -70.59447479248047 7.500002861022949
  endloop
endfacet
facet normal 0.0 0.0 0.0
  outer loop
    vertex -20.214111328125 -70.59447479248047 7.500002861022949
    vertex -20.214086532592773 -70.59447479248047 2.0000038146972656
    vertex -20.79935646057129 -70.53682708740234 2.0000038146972656
  endloop
endfacet
facet normal 0.0 0.0 0.0
  outer loop
    vertex -20.214111328125 -70.59447479248047 7.500002861022949
    vertex -20.79935646057129 -70.53682708740234 2.0000038146972656
    vertex -20.799381256103516 -70.53682708740234 7.500002861022949
  endloop
endfacet
facet normal 0.0 0.0 0.0
  outer loop
    vertex -20.799381256103516 -70.53682708740234 7.500002861022949
    vertex -20.79935646057129 -70.53682708740234 2.0000038146972656
    vertex -21.384626388549805 -70.59446716308594 2.0000038146972656
  endloop
endfacet
facet normal 0.0 0.0 0.0
  outer loop
    vertex -20.799381256103516 -70.53682708740234 7.500002861022949
    vertex -21.384626388549805 -70.59446716308594 2.0000038146972656
    vertex -21.384653091430664 -70.59447479248047 7.500002861022949
  endloop
endfacet
facet normal 0.0 0.0 0.0
  outer loop
    vertex -21.384653091430664 -70.59447479248047 7.500002861022949
    vertex -21.384626388549805 -70.59446716308594 2.0000038146972656
    vertex -21.947406768798828 -70.76518249511719 2.0000038146972656
  endloop
endfacet
facet normal 0.0 0.0 0.0
  outer loop
    vertex -21.384653091430664 -70.59447479248047 7.500002861022949
    vertex -21.947406768798828 -70.76518249511719 2.0000038146972656
    vertex -21.947431564331055 -70.76519775390625 7.500002861022949
  endloop
endfacet
facet normal 0.0 0.0 0.0
  outer loop
    vertex -21.947431564331055 -70.76519775390625 7.500002861022949
    vertex -21.947406768798828 -70.76518249511719 2.0000038146972656
    vertex -22.466068267822266 -71.04240417480469 2.0000038146972656
  endloop
endfacet
facet normal 0.0 0.0 0.0
  outer loop
    vertex -21.947431564331055 -70.76519775390625 7.500002861022949
    vertex -22.466068267822266 -71.04240417480469 2.0000038146972656
    vertex -22.466093063354492 -71.04242706298828 7.500002861022949
  endloop
endfacet
facet normal 0.0 0.0 0.0
  outer loop
    vertex -22.92070198059082 -71.41551208496094 2.0000038146972656
    vertex -22.920698165893555 -71.41551208496094 7.500002861022949
    vertex -22.466093063354492 -71.04242706298828 7.500002861022949
  endloop
endfacet
facet normal 0.0 0.0 0.0
  outer loop
    vertex -22.92070198059082 -71.41551208496094 2.0000038146972656
    vertex -22.466093063354492 -71.04242706298828 7.500002861022949
    vertex -22.466068267822266 -71.04240417480469 2.0000038146972656
  endloop
endfacet
facet normal 0.0 0.0 0.0
  outer loop
    vertex -20.79937744140625 -73.53682708740234 9.00000286102295
    vertex -21.753971099853516 -72.58223724365234 9.00000286102295
    vertex -21.92186164855957 -72.78681182861328 9.00000286102295
  endloop
endfacet
facet normal 0.0 0.0 0.0
  outer loop
    vertex -20.79937744140625 -73.53682708740234 7.500002861022949
    vertex -21.921863555908203 -72.78681182861328 7.500002861022949
    vertex -21.75397300720215 -72.58223724365234 7.500002861022949
  endloop
endfacet
facet normal 0.0 0.0 0.0
  outer loop
    vertex -20.79937744140625 -73.53682708740234 9.00000286102295
    vertex -21.92186164855957 -72.78681182861328 9.00000286102295
    vertex -22.046613693237305 -73.02021026611328 9.00000286102295
  endloop
endfacet
facet normal 0.0 0.0 0.0
  outer loop
    vertex -20.79937744140625 -73.53682708740234 7.500002861022949
    vertex -22.046615600585938 -73.02021026611328 7.500002861022949
    vertex -21.921863555908203 -72.78681182861328 7.500002861022949
  endloop
endfacet
facet normal 0.0 0.0 0.0
  outer loop
    vertex -20.79937744140625 -73.53682708740234 9.00000286102295
    vertex -22.046613693237305 -73.02021026611328 9.00000286102295
    vertex -22.123437881469727 -73.2734603881836 9.00000286102295
  endloop
endfacet
facet normal 0.0 0.0 0.0
  outer loop
    vertex -20.79937744140625 -73.53682708740234 7.500002861022949
    vertex -22.123437881469727 -73.2734603881836 7.500002861022949
    vertex -22.046615600585938 -73.02021026611328 7.500002861022949
  endloop
endfacet
facet normal 0.0 0.0 0.0
  outer loop
    vertex -20.79937744140625 -73.53682708740234 9.00000286102295
    vertex -22.123437881469727 -73.2734603881836 9.00000286102295
    vertex -22.149377822875977 -73.53682708740234 9.00000286102295
  endloop
endfacet
facet normal 0.0 0.0 0.0
  outer loop
    vertex -20.79937744140625 -73.53682708740234 7.500002861022949
    vertex -22.149377822875977 -73.53683471679688 7.500002861022949
    vertex -22.123437881469727 -73.2734603881836 7.500002861022949
  endloop
endfacet
facet normal 0.0 0.0 0.0
  outer loop
    vertex -20.79937744140625 -73.53682708740234 9.00000286102295
    vertex -22.149377822875977 -73.53682708740234 9.00000286102295
    vertex -22.123437881469727 -73.80020141601562 9.00000286102295
  endloop
endfacet
facet normal 0.0 0.0 0.0
  outer loop
    vertex -20.79937744140625 -73.53682708740234 7.500002861022949
    vertex -22.123435974121094 -73.80020141601562 7.500002861022949
    vertex -22.149377822875977 -73.53683471679688 7.500002861022949
  endloop
endfacet
facet normal 0.0 0.0 0.0
  outer loop
    vertex -20.79937744140625 -73.53682708740234 9.00000286102295
    vertex -22.123437881469727 -73.80020141601562 9.00000286102295
    vertex -22.046613693237305 -74.05345153808594 9.00000286102295
  endloop
endfacet
facet normal 0.0 0.0 0.0
  outer loop
    vertex -20.79937744140625 -73.53682708740234 7.500002861022949
    vertex -22.046613693237305 -74.05345153808594 7.500002861022949
    vertex -22.123435974121094 -73.80020141601562 7.500002861022949
  endloop
endfacet
facet normal 0.0 0.0 0.0
  outer loop
    vertex -20.79937744140625 -73.53682708740234 9.00000286102295
    vertex -22.046613693237305 -74.05345153808594 9.00000286102295
    vertex -21.92186164855957 -74.28684997558594 9.00000286102295
  endloop
endfacet
facet normal 0.0 0.0 0.0
  outer loop
    vertex -20.79937744140625 -73.53682708740234 7.500002861022949
    vertex -21.921859741210938 -74.28684997558594 7.500002861022949
    vertex -22.046613693237305 -74.05345153808594 7.500002861022949
  endloop
endfacet
facet normal 0.0 0.0 0.0
  outer loop
    vertex -20.79937744140625 -73.53682708740234 9.00000286102295
    vertex -21.92186164855957 -74.28684997558594 9.00000286102295
    vertex -21.753971099853516 -74.49142456054688 9.00000286102295
  endloop
endfacet
facet normal 0.0 0.0 0.0
  outer loop
    vertex -20.79937744140625 -73.53682708740234 7.500002861022949
    vertex -21.753971099853516 -74.49142456054688 7.500002861022949
    vertex -21.921859741210938 -74.28684997558594 7.500002861022949
  endloop
endfacet
facet normal 0.0 0.0 0.0
  outer loop
    vertex -20.79937744140625 -73.53682708740234 9.00000286102295
    vertex -21.753971099853516 -74.49142456054688 9.00000286102295
    vertex -21.549396514892578 -74.65930938720703 9.00000286102295
  endloop
endfacet
facet normal 0.0 0.0 0.0
  outer loop
    vertex -20.79937744140625 -73.53682708740234 7.500002861022949
    vertex -21.549396514892578 -74.65931701660156 7.500002861022949
    vertex -21.753971099853516 -74.49142456054688 7.500002861022949
  endloop
endfacet
facet normal 0.0 0.0 0.0
  outer loop
    vertex -20.79937744140625 -73.53682708740234 9.00000286102295
    vertex -21.549396514892578 -74.65930938720703 9.00000286102295
    vertex -21.31599998474121 -74.78406524658203 9.00000286102295
  endloop
endfacet
facet normal 0.0 0.0 0.0
  outer loop
    vertex -20.79937744140625 -73.53682708740234 7.500002861022949
    vertex -21.31599998474121 -74.78406524658203 7.500002861022949
    vertex -21.549396514892578 -74.65931701660156 7.500002861022949
  endloop
endfacet
facet normal 0.0 0.0 0.0
  outer loop
    vertex -20.79937744140625 -73.53682708740234 9.00000286102295
    vertex -21.31599998474121 -74.78406524658203 9.00000286102295
    vertex -21.0627498626709 -74.86088562011719 9.00000286102295
  endloop
endfacet
facet normal 0.0 0.0 0.0
  outer loop
    vertex -20.79937744140625 -73.53682708740234 7.500002861022949
    vertex -21.0627498626709 -74.86088562011719 7.500002861022949
    vertex -21.31599998474121 -74.78406524658203 7.500002861022949
  endloop
endfacet
facet normal 0.0 0.0 0.0
  outer loop
    vertex -20.79937744140625 -73.53682708740234 9.00000286102295
    vertex -21.0627498626709 -74.86088562011719 9.00000286102295
    vertex -20.79937744140625 -74.88682556152344 9.00000286102295
  endloop
endfacet
facet normal 0.0 0.0 0.0
  outer loop
    vertex -20.79937744140625 -73.53682708740234 7.500002861022949
    vertex -20.79937744140625 -74.88682556152344 7.500002861022949
    vertex -21.0627498626709 -74.86088562011719 7.500002861022949
  endloop
endfacet
facet normal 0.0 0.0 0.0
  outer loop
    vertex -20.79937744140625 -73.53682708740234 9.00000286102295
    vertex -20.79937744140625 -74.88682556152344 9.00000286102295
    vertex -20.5360050201416 -74.86088562011719 9.00000286102295
  endloop
endfacet
facet normal 0.0 0.0 0.0
  outer loop
    vertex -20.79937744140625 -73.53682708740234 7.500002861022949
    vertex -20.536006927490234 -74.86088562011719 7.500002861022949
    vertex -20.79937744140625 -74.88682556152344 7.500002861022949
  endloop
endfacet
facet normal 0.0 0.0 0.0
  outer loop
    vertex -20.79937744140625 -73.53682708740234 9.00000286102295
    vertex -20.5360050201416 -74.86088562011719 9.00000286102295
    vertex -20.28275489807129 -74.78406524658203 9.00000286102295
  endloop
endfacet
facet normal 0.0 0.0 0.0
  outer loop
    vertex -20.79937744140625 -73.53682708740234 7.500002861022949
    vertex -20.282756805419922 -74.78406524658203 7.500002861022949
    vertex -20.536006927490234 -74.86088562011719 7.500002861022949
  endloop
endfacet
facet normal 0.0 0.0 0.0
  outer loop
    vertex -20.79937744140625 -73.53682708740234 9.00000286102295
    vertex -20.28275489807129 -74.78406524658203 9.00000286102295
    vertex -20.04935646057129 -74.65930938720703 9.00000286102295
  endloop
endfacet
facet normal 0.0 0.0 0.0
  outer loop
    vertex -20.79937744140625 -73.53682708740234 7.500002861022949
    vertex -20.049360275268555 -74.65931701660156 7.500002861022949
    vertex -20.282756805419922 -74.78406524658203 7.500002861022949
  endloop
endfacet
facet normal 0.0 0.0 0.0
  outer loop
    vertex -20.79937744140625 -73.53682708740234 9.00000286102295
    vertex -20.04935646057129 -74.65930938720703 9.00000286102295
    vertex -19.84478187561035 -74.49142456054688 9.00000286102295
  endloop
endfacet
facet normal 0.0 0.0 0.0
  outer loop
    vertex -20.79937744140625 -73.53682708740234 7.500002861022949
    vertex -19.844785690307617 -74.49142456054688 7.500002861022949
    vertex -20.049360275268555 -74.65931701660156 7.500002861022949
  endloop
endfacet
facet normal 0.0 0.0 0.0
  outer loop
    vertex -20.79937744140625 -73.53682708740234 9.00000286102295
    vertex -19.84478187561035 -74.49142456054688 9.00000286102295
    vertex -19.67689323425293 -74.28684997558594 9.00000286102295
  endloop
endfacet
facet normal 0.0 0.0 0.0
  outer loop
    vertex -20.79937744140625 -73.53682708740234 7.500002861022949
    vertex -19.676895141601562 -74.28684997558594 7.500002861022949
    vertex -19.844785690307617 -74.49142456054688 7.500002861022949
  endloop
endfacet
facet normal 0.0 0.0 0.0
  outer loop
    vertex -20.79937744140625 -73.53682708740234 9.00000286102295
    vertex -19.67689323425293 -74.28684997558594 9.00000286102295
    vertex -19.552139282226562 -74.05345153808594 9.00000286102295
  endloop
endfacet
facet normal 0.0 0.0 0.0
  outer loop
    vertex -20.79937744140625 -73.53682708740234 7.500002861022949
    vertex -19.552141189575195 -74.05345153808594 7.500002861022949
    vertex -19.676895141601562 -74.28684997558594 7.500002861022949
  endloop
endfacet
facet normal 0.0 0.0 0.0
  outer loop
    vertex -20.79937744140625 -73.53682708740234 9.00000286102295
    vertex -19.552139282226562 -74.05345153808594 9.00000286102295
    vertex -19.475317001342773 -73.80020141601562 9.00000286102295
  endloop
endfacet
facet normal 0.0 0.0 0.0
  outer loop
    vertex -20.79937744140625 -73.53682708740234 7.500002861022949
    vertex -19.475318908691406 -73.80020904541016 7.500002861022949
    vertex -19.552141189575195 -74.05345153808594 7.500002861022949
  endloop
endfacet
facet normal 0.0 0.0 0.0
  outer loop
    vertex -20.79937744140625 -73.53682708740234 9.00000286102295
    vertex -19.475317001342773 -73.80020141601562 9.00000286102295
    vertex -19.449377059936523 -73.53682708740234 9.00000286102295
  endloop
endfacet
facet normal 0.0 0.0 0.0
  outer loop
    vertex -20.79937744140625 -73.53682708740234 7.500002861022949
    vertex -19.449377059936523 -73.53683471679688 7.500002861022949
    vertex -19.475318908691406 -73.80020904541016 7.500002861022949
  endloop
endfacet
facet normal 0.0 0.0 0.0
  outer loop
    vertex -20.79937744140625 -73.53682708740234 9.00000286102295
    vertex -19.449377059936523 -73.53682708740234 9.00000286102295
    vertex -19.475317001342773 -73.27345275878906 9.00000286102295
  endloop
endfacet
facet normal 0.0 0.0 0.0
  outer loop
    vertex -20.79937744140625 -73.53682708740234 7.500002861022949
    vertex -19.475317001342773 -73.2734603881836 7.500002861022949
    vertex -19.449377059936523 -73.53683471679688 7.500002861022949
  endloop
endfacet
facet normal 0.0 0.0 0.0
  outer loop
    vertex -20.79937744140625 -73.53682708740234 9.00000286102295
    vertex -19.475317001342773 -73.27345275878906 9.00000286102295
    vertex -19.552141189575195 -73.02020263671875 9.00000286102295
  endloop
endfacet
facet normal 0.0 0.0 0.0
  outer loop
    vertex -20.79937744140625 -73.53682708740234 7.500002861022949
    vertex -19.55213737487793 -73.02021026611328 7.500002861022949
    vertex -19.475317001342773 -73.2734603881836 7.500002861022949
  endloop
endfacet
facet normal 0.0 0.0 0.0
  outer loop
    vertex -20.79937744140625 -73.53682708740234 9.00000286102295
    vertex -19.552141189575195 -73.02020263671875 9.00000286102295
    vertex -19.676895141601562 -72.78681182861328 9.00000286102295
  endloop
endfacet
facet normal 0.0 0.0 0.0
  outer loop
    vertex -20.79937744140625 -73.53682708740234 7.500002861022949
    vertex -19.676889419555664 -72.78681945800781 7.500002861022949
    vertex -19.55213737487793 -73.02021026611328 7.500002861022949
  endloop
endfacet
facet normal 0.0 0.0 0.0
  outer loop
    vertex -20.79937744140625 -73.53682708740234 9.00000286102295
    vertex -19.676895141601562 -72.78681182861328 9.00000286102295
    vertex -19.844783782958984 -72.58223724365234 9.00000286102295
  endloop
endfacet
facet normal 0.0 0.0 0.0
  outer loop
    vertex -20.79937744140625 -73.53682708740234 7.500002861022949
    vertex -19.844778060913086 -72.58223724365234 7.500002861022949
    vertex -19.676889419555664 -72.78681945800781 7.500002861022949
  endloop
endfacet
facet normal 0.0 0.0 0.0
  outer loop
    vertex -20.79937744140625 -73.53682708740234 9.00000286102295
    vertex -19.844783782958984 -72.58223724365234 9.00000286102295
    vertex -20.049358367919922 -72.41434478759766 9.00000286102295
  endloop
endfacet
facet normal 0.0 0.0 0.0
  outer loop
    vertex -20.79937744140625 -73.53682708740234 7.500002861022949
    vertex -20.04935073852539 -72.41435241699219 7.500002861022949
    vertex -19.844778060913086 -72.58223724365234 7.500002861022949
  endloop
endfacet
facet normal 0.0 0.0 0.0
  outer loop
    vertex -20.79937744140625 -73.53682708740234 9.00000286102295
    vertex -20.049358367919922 -72.41434478759766 9.00000286102295
    vertex -20.282756805419922 -72.28958892822266 9.00000286102295
  endloop
endfacet
facet normal 0.0 0.0 0.0
  outer loop
    vertex -20.79937744140625 -73.53682708740234 7.500002861022949
    vertex -20.282747268676758 -72.28959655761719 7.500002861022949
    vertex -20.04935073852539 -72.41435241699219 7.500002861022949
  endloop
endfacet
facet normal 0.0 0.0 0.0
  outer loop
    vertex -20.79937744140625 -73.53682708740234 9.00000286102295
    vertex -20.282756805419922 -72.28958892822266 9.00000286102295
    vertex -20.536006927490234 -72.2127685546875 9.00000286102295
  endloop
endfacet
facet normal 0.0 0.0 0.0
  outer loop
    vertex -20.79937744140625 -73.53682708740234 7.500002861022949
    vertex -20.53599739074707 -72.2127685546875 7.500002861022949
    vertex -20.282747268676758 -72.28959655761719 7.500002861022949
  endloop
endfacet
facet normal 0.0 0.0 0.0
  outer loop
    vertex -20.79937744140625 -73.53682708740234 9.00000286102295
    vertex -20.536006927490234 -72.2127685546875 9.00000286102295
    vertex -20.799379348754883 -72.18682861328125 9.00000286102295
  endloop
endfacet
facet normal 0.0 0.0 0.0
  outer loop
    vertex -20.79937744140625 -73.53682708740234 7.500002861022949
    vertex -20.799367904663086 -72.18682861328125 7.500002861022949
    vertex -20.53599739074707 -72.2127685546875 7.500002861022949
  endloop
endfacet
facet normal 0.0 0.0 0.0
  outer loop
    vertex -20.79937744140625 -73.53682708740234 9.00000286102295
    vertex -20.799379348754883 -72.18682861328125 9.00000286102295
    vertex -21.06275177001953 -72.2127685546875 9.00000286102295
  endloop
endfacet
facet normal 0.0 0.0 0.0
  outer loop
    vertex -20.79937744140625 -73.53682708740234 7.500002861022949
    vertex -21.062740325927734 -72.2127685546875 7.500002861022949
    vertex -20.799367904663086 -72.18682861328125 7.500002861022949
  endloop
endfacet
facet normal 0.0 0.0 0.0
  outer loop
    vertex -20.79937744140625 -73.53682708740234 9.00000286102295
    vertex -21.06275177001953 -72.2127685546875 9.00000286102295
    vertex -21.316001892089844 -72.28959655761719 9.00000286102295
  endloop
endfacet
facet normal 0.0 0.0 0.0
  outer loop
    vertex -20.79937744140625 -73.53682708740234 7.500002861022949
    vertex -21.315990447998047 -72.28958892822266 7.500002861022949
    vertex -21.062740325927734 -72.2127685546875 7.500002861022949
  endloop
endfacet
facet normal 0.0 0.0 0.0
  outer loop
    vertex -20.79937744140625 -73.53682708740234 9.00000286102295
    vertex -21.316001892089844 -72.28959655761719 9.00000286102295
    vertex -21.54939842224121 -72.41434478759766 9.00000286102295
  endloop
endfacet
facet normal 0.0 0.0 0.0
  outer loop
    vertex -20.79937744140625 -73.53682708740234 7.500002861022949
    vertex -21.549388885498047 -72.41433715820312 7.500002861022949
    vertex -21.315990447998047 -72.28958892822266 7.500002861022949
  endloop
endfacet
facet normal 0.0 0.0 0.0
  outer loop
    vertex -21.54939842224121 -72.41434478759766 9.00000286102295
    vertex -21.753971099853516 -72.58223724365234 9.00000286102295
    vertex -20.79937744140625 -73.53682708740234 9.00000286102295
  endloop
endfacet
facet normal 0.0 0.0 0.0
  outer loop
    vertex -20.79937744140625 -73.53682708740234 7.500002861022949
    vertex -21.75397300720215 -72.58223724365234 7.500002861022949
    vertex -21.549388885498047 -72.41433715820312 7.500002861022949
  endloop
endfacet
facet normal 0.0 0.0 0.0
  outer loop
    vertex -21.753971099853516 -72.58223724365234 9.00000286102295
    vertex -21.75397300720215 -72.58223724365234 7.500002861022949
    vertex -21.921863555908203 -72.78681182861328 7.500002861022949
  endloop
endfacet
facet normal 0.0 0.0 0.0
  outer loop
    vertex -21.753971099853516 -72.58223724365234 9.00000286102295
    vertex -21.921863555908203 -72.78681182861328 7.500002861022949
    vertex -21.92186164855957 -72.78681182861328 9.00000286102295
  endloop
endfacet
facet normal 0.0 0.0 0.0
  outer loop
    vertex -21.92186164855957 -72.78681182861328 9.00000286102295
    vertex -21.921863555908203 -72.78681182861328 7.500002861022949
    vertex -22.046615600585938 -73.02021026611328 7.500002861022949
  endloop
endfacet
facet normal 0.0 0.0 0.0
  outer loop
    vertex -21.92186164855957 -72.78681182861328 9.00000286102295
    vertex -22.046615600585938 -73.02021026611328 7.500002861022949
    vertex -22.046613693237305 -73.02021026611328 9.00000286102295
  endloop
endfacet
facet normal 0.0 0.0 0.0
  outer loop
    vertex -22.046613693237305 -73.02021026611328 9.00000286102295
    vertex -22.046615600585938 -73.02021026611328 7.500002861022949
    vertex -22.123437881469727 -73.2734603881836 7.500002861022949
  endloop
endfacet
facet normal 0.0 0.0 0.0
  outer loop
    vertex -22.046613693237305 -73.02021026611328 9.00000286102295
    vertex -22.123437881469727 -73.2734603881836 7.500002861022949
    vertex -22.123437881469727 -73.2734603881836 9.00000286102295
  endloop
endfacet
facet normal 0.0 0.0 0.0
  outer loop
    vertex -22.123437881469727 -73.2734603881836 9.00000286102295
    vertex -22.123437881469727 -73.2734603881836 7.500002861022949
    vertex -22.149377822875977 -73.53683471679688 7.500002861022949
  endloop
endfacet
facet normal 0.0 0.0 0.0
  outer loop
    vertex -22.123437881469727 -73.2734603881836 9.00000286102295
    vertex -22.149377822875977 -73.53683471679688 7.500002861022949
    vertex -22.149377822875977 -73.53682708740234 9.00000286102295
  endloop
endfacet
facet normal 0.0 0.0 0.0
  outer loop
    vertex -22.149377822875977 -73.53682708740234 9.00000286102295
    vertex -22.149377822875977 -73.53683471679688 7.500002861022949
    vertex -22.123435974121094 -73.80020141601562 7.500002861022949
  endloop
endfacet
facet normal 0.0 0.0 0.0
  outer loop
    vertex -22.149377822875977 -73.53682708740234 9.00000286102295
    vertex -22.123435974121094 -73.80020141601562 7.500002861022949
    vertex -22.123437881469727 -73.80020141601562 9.00000286102295
  endloop
endfacet
facet normal 0.0 0.0 0.0
  outer loop
    vertex -22.123437881469727 -73.80020141601562 9.00000286102295
    vertex -22.123435974121094 -73.80020141601562 7.500002861022949
    vertex -22.046613693237305 -74.05345153808594 7.500002861022949
  endloop
endfacet
facet normal 0.0 0.0 0.0
  outer loop
    vertex -22.123437881469727 -73.80020141601562 9.00000286102295
    vertex -22.046613693237305 -74.05345153808594 7.500002861022949
    vertex -22.046613693237305 -74.05345153808594 9.00000286102295
  endloop
endfacet
facet normal 0.0 0.0 0.0
  outer loop
    vertex -22.046613693237305 -74.05345153808594 9.00000286102295
    vertex -22.046613693237305 -74.05345153808594 7.500002861022949
    vertex -21.921859741210938 -74.28684997558594 7.500002861022949
  endloop
endfacet
facet normal 0.0 0.0 0.0
  outer loop
    vertex -22.046613693237305 -74.05345153808594 9.00000286102295
    vertex -21.921859741210938 -74.28684997558594 7.500002861022949
    vertex -21.92186164855957 -74.28684997558594 9.00000286102295
  endloop
endfacet
facet normal 0.0 0.0 0.0
  outer loop
    vertex -21.92186164855957 -74.28684997558594 9.00000286102295
    vertex -21.921859741210938 -74.28684997558594 7.500002861022949
    vertex -21.753971099853516 -74.49142456054688 7.500002861022949
  endloop
endfacet
facet normal 0.0 0.0 0.0
  outer loop
    vertex -21.92186164855957 -74.28684997558594 9.00000286102295
    vertex -21.753971099853516 -74.49142456054688 7.500002861022949
    vertex -21.753971099853516 -74.49142456054688 9.00000286102295
  endloop
endfacet
facet normal 0.0 0.0 0.0
  outer loop
    vertex -21.753971099853516 -74.49142456054688 9.00000286102295
    vertex -21.753971099853516 -74.49142456054688 7.500002861022949
    vertex -21.549396514892578 -74.65931701660156 7.500002861022949
  endloop
endfacet
facet normal 0.0 0.0 0.0
  outer loop
    vertex -21.753971099853516 -74.49142456054688 9.00000286102295
    vertex -21.549396514892578 -74.65931701660156 7.500002861022949
    vertex -21.549396514892578 -74.65930938720703 9.00000286102295
  endloop
endfacet
facet normal 0.0 0.0 0.0
  outer loop
    vertex -21.549396514892578 -74.65930938720703 9.00000286102295
    vertex -21.549396514892578 -74.65931701660156 7.500002861022949
    vertex -21.31599998474121 -74.78406524658203 7.500002861022949
  endloop
endfacet
facet normal 0.0 0.0 0.0
  outer loop
    vertex -21.549396514892578 -74.65930938720703 9.00000286102295
    vertex -21.31599998474121 -74.78406524658203 7.500002861022949
    vertex -21.31599998474121 -74.78406524658203 9.00000286102295
  endloop
endfacet
facet normal 0.0 0.0 0.0
  outer loop
    vertex -21.31599998474121 -74.78406524658203 9.00000286102295
    vertex -21.31599998474121 -74.78406524658203 7.500002861022949
    vertex -21.0627498626709 -74.86088562011719 7.500002861022949
  endloop
endfacet
facet normal 0.0 0.0 0.0
  outer loop
    vertex -21.31599998474121 -74.78406524658203 9.00000286102295
    vertex -21.0627498626709 -74.86088562011719 7.500002861022949
    vertex -21.0627498626709 -74.86088562011719 9.00000286102295
  endloop
endfacet
facet normal 0.0 0.0 0.0
  outer loop
    vertex -21.0627498626709 -74.86088562011719 9.00000286102295
    vertex -21.0627498626709 -74.86088562011719 7.500002861022949
    vertex -20.79937744140625 -74.88682556152344 7.500002861022949
  endloop
endfacet
facet normal 0.0 0.0 0.0
  outer loop
    vertex -21.0627498626709 -74.86088562011719 9.00000286102295
    vertex -20.79937744140625 -74.88682556152344 7.500002861022949
    vertex -20.79937744140625 -74.88682556152344 9.00000286102295
  endloop
endfacet
facet normal 0.0 0.0 0.0
  outer loop
    vertex -20.79937744140625 -74.88682556152344 9.00000286102295
    vertex -20.79937744140625 -74.88682556152344 7.500002861022949
    vertex -20.536006927490234 -74.86088562011719 7.500002861022949
  endloop
endfacet
facet normal 0.0 0.0 0.0
  outer loop
    vertex -20.79937744140625 -74.88682556152344 9.00000286102295
    vertex -20.536006927490234 -74.86088562011719 7.500002861022949
    vertex -20.5360050201416 -74.86088562011719 9.00000286102295
  endloop
endfacet
facet normal 0.0 0.0 0.0
  outer loop
    vertex -20.5360050201416 -74.86088562011719 9.00000286102295
    vertex -20.536006927490234 -74.86088562011719 7.500002861022949
    vertex -20.282756805419922 -74.78406524658203 7.500002861022949
  endloop
endfacet
facet normal 0.0 0.0 0.0
  outer loop
    vertex -20.5360050201416 -74.86088562011719 9.00000286102295
    vertex -20.282756805419922 -74.78406524658203 7.500002861022949
    vertex -20.28275489807129 -74.78406524658203 9.00000286102295
  endloop
endfacet
facet normal 0.0 0.0 0.0
  outer loop
    vertex -20.28275489807129 -74.78406524658203 9.00000286102295
    vertex -20.282756805419922 -74.78406524658203 7.500002861022949
    vertex -20.049360275268555 -74.65931701660156 7.500002861022949
  endloop
endfacet
facet normal 0.0 0.0 0.0
  outer loop
    vertex -20.28275489807129 -74.78406524658203 9.00000286102295
    vertex -20.049360275268555 -74.65931701660156 7.500002861022949
    vertex -20.04935646057129 -74.65930938720703 9.00000286102295
  endloop
endfacet
facet normal 0.0 0.0 0.0
  outer loop
    vertex -20.04935646057129 -74.65930938720703 9.00000286102295
    vertex -20.049360275268555 -74.65931701660156 7.500002861022949
    vertex -19.844785690307617 -74.49142456054688 7.500002861022949
  endloop
endfacet
facet normal 0.0 0.0 0.0
  outer loop
    vertex -20.04935646057129 -74.65930938720703 9.00000286102295
    vertex -19.844785690307617 -74.49142456054688 7.500002861022949
    vertex -19.84478187561035 -74.49142456054688 9.00000286102295
  endloop
endfacet
facet normal 0.0 0.0 0.0
  outer loop
    vertex -19.84478187561035 -74.49142456054688 9.00000286102295
    vertex -19.844785690307617 -74.49142456054688 7.500002861022949
    vertex -19.676895141601562 -74.28684997558594 7.500002861022949
  endloop
endfacet
facet normal 0.0 0.0 0.0
  outer loop
    vertex -19.84478187561035 -74.49142456054688 9.00000286102295
    vertex -19.676895141601562 -74.28684997558594 7.500002861022949
    vertex -19.67689323425293 -74.28684997558594 9.00000286102295
  endloop
endfacet
facet normal 0.0 0.0 0.0
  outer loop
    vertex -19.67689323425293 -74.28684997558594 9.00000286102295
    vertex -19.676895141601562 -74.28684997558594 7.500002861022949
    vertex -19.552141189575195 -74.05345153808594 7.500002861022949
  endloop
endfacet
facet normal 0.0 0.0 0.0
  outer loop
    vertex -19.67689323425293 -74.28684997558594 9.00000286102295
    vertex -19.552141189575195 -74.05345153808594 7.500002861022949
    vertex -19.552139282226562 -74.05345153808594 9.00000286102295
  endloop
endfacet
facet normal 0.0 0.0 0.0
  outer loop
    vertex -19.552139282226562 -74.05345153808594 9.00000286102295
    vertex -19.552141189575195 -74.05345153808594 7.500002861022949
    vertex -19.475318908691406 -73.80020904541016 7.500002861022949
  endloop
endfacet
facet normal 0.0 0.0 0.0
  outer loop
    vertex -19.552139282226562 -74.05345153808594 9.00000286102295
    vertex -19.475318908691406 -73.80020904541016 7.500002861022949
    vertex -19.475317001342773 -73.80020141601562 9.00000286102295
  endloop
endfacet
facet normal 0.0 0.0 0.0
  outer loop
    vertex -19.475317001342773 -73.80020141601562 9.00000286102295
    vertex -19.475318908691406 -73.80020904541016 7.500002861022949
    vertex -19.449377059936523 -73.53683471679688 7.500002861022949
  endloop
endfacet
facet normal 0.0 0.0 0.0
  outer loop
    vertex -19.475317001342773 -73.80020141601562 9.00000286102295
    vertex -19.449377059936523 -73.53683471679688 7.500002861022949
    vertex -19.449377059936523 -73.53682708740234 9.00000286102295
  endloop
endfacet
facet normal 0.0 0.0 0.0
  outer loop
    vertex -19.449377059936523 -73.53682708740234 9.00000286102295
    vertex -19.449377059936523 -73.53683471679688 7.500002861022949
    vertex -19.475317001342773 -73.2734603881836 7.500002861022949
  endloop
endfacet
facet normal 0.0 0.0 0.0
  outer loop
    vertex -19.449377059936523 -73.53682708740234 9.00000286102295
    vertex -19.475317001342773 -73.2734603881836 7.500002861022949
    vertex -19.475317001342773 -73.27345275878906 9.00000286102295
  endloop
endfacet
facet normal 0.0 0.0 0.0
  outer loop
    vertex -19.475317001342773 -73.27345275878906 9.00000286102295
    vertex -19.475317001342773 -73.2734603881836 7.500002861022949
    vertex -19.55213737487793 -73.02021026611328 7.500002861022949
  endloop
endfacet
facet normal 0.0 0.0 0.0
  outer loop
    vertex -19.475317001342773 -73.27345275878906 9.00000286102295
    vertex -19.55213737487793 -73.02021026611328 7.500002861022949
    vertex -19.552141189575195 -73.02020263671875 9.00000286102295
  endloop
endfacet
facet normal 0.0 0.0 0.0
  outer loop
    vertex -19.552141189575195 -73.02020263671875 9.00000286102295
    vertex -19.55213737487793 -73.02021026611328 7.500002861022949
    vertex -19.676889419555664 -72.78681945800781 7.500002861022949
  endloop
endfacet
facet normal 0.0 0.0 0.0
  outer loop
    vertex -19.552141189575195 -73.02020263671875 9.00000286102295
    vertex -19.676889419555664 -72.78681945800781 7.500002861022949
    vertex -19.676895141601562 -72.78681182861328 9.00000286102295
  endloop
endfacet
facet normal 0.0 0.0 0.0
  outer loop
    vertex -19.676895141601562 -72.78681182861328 9.00000286102295
    vertex -19.676889419555664 -72.78681945800781 7.500002861022949
    vertex -19.844778060913086 -72.58223724365234 7.500002861022949
  endloop
endfacet
facet normal 0.0 0.0 0.0
  outer loop
    vertex -19.676895141601562 -72.78681182861328 9.00000286102295
    vertex -19.844778060913086 -72.58223724365234 7.500002861022949
    vertex -19.844783782958984 -72.58223724365234 9.00000286102295
  endloop
endfacet
facet normal 0.0 0.0 0.0
  outer loop
    vertex -19.844783782958984 -72.58223724365234 9.00000286102295
    vertex -19.844778060913086 -72.58223724365234 7.500002861022949
    vertex -20.04935073852539 -72.41435241699219 7.500002861022949
  endloop
endfacet
facet normal 0.0 0.0 0.0
  outer loop
    vertex -19.844783782958984 -72.58223724365234 9.00000286102295
    vertex -20.04935073852539 -72.41435241699219 7.500002861022949
    vertex -20.049358367919922 -72.41434478759766 9.00000286102295
  endloop
endfacet
facet normal 0.0 0.0 0.0
  outer loop
    vertex -20.049358367919922 -72.41434478759766 9.00000286102295
    vertex -20.04935073852539 -72.41435241699219 7.500002861022949
    vertex -20.282747268676758 -72.28959655761719 7.500002861022949
  endloop
endfacet
facet normal 0.0 0.0 0.0
  outer loop
    vertex -20.049358367919922 -72.41434478759766 9.00000286102295
    vertex -20.282747268676758 -72.28959655761719 7.500002861022949
    vertex -20.282756805419922 -72.28958892822266 9.00000286102295
  endloop
endfacet
facet normal 0.0 0.0 0.0
  outer loop
    vertex -20.282756805419922 -72.28958892822266 9.00000286102295
    vertex -20.282747268676758 -72.28959655761719 7.500002861022949
    vertex -20.53599739074707 -72.2127685546875 7.500002861022949
  endloop
endfacet
facet normal 0.0 0.0 0.0
  outer loop
    vertex -20.282756805419922 -72.28958892822266 9.00000286102295
    vertex -20.53599739074707 -72.2127685546875 7.500002861022949
    vertex -20.536006927490234 -72.2127685546875 9.00000286102295
  endloop
endfacet
facet normal 0.0 0.0 0.0
  outer loop
    vertex -20.536006927490234 -72.2127685546875 9.00000286102295
    vertex -20.53599739074707 -72.2127685546875 7.500002861022949
    vertex -20.799367904663086 -72.18682861328125 7.500002861022949
  endloop
endfacet
facet normal 0.0 0.0 0.0
  outer loop
    vertex -20.536006927490234 -72.2127685546875 9.00000286102295
    vertex -20.799367904663086 -72.18682861328125 7.500002861022949
    vertex -20.799379348754883 -72.18682861328125 9.00000286102295
  endloop
endfacet
facet normal 0.0 0.0 0.0
  outer loop
    vertex -20.799379348754883 -72.18682861328125 9.00000286102295
    vertex -20.799367904663086 -72.18682861328125 7.500002861022949
    vertex -21.062740325927734 -72.2127685546875 7.500002861022949
  endloop
endfacet
facet normal 0.0 0.0 0.0
  outer loop
    vertex -20.799379348754883 -72.18682861328125 9.00000286102295
    vertex -21.062740325927734 -72.2127685546875 7.500002861022949
    vertex -21.06275177001953 -72.2127685546875 9.00000286102295
  endloop
endfacet
facet normal 0.0 0.0 0.0
  outer loop
    vertex -21.06275177001953 -72.2127685546875 9.00000286102295
    vertex -21.062740325927734 -72.2127685546875 7.500002861022949
    vertex -21.315990447998047 -72.28958892822266 7.500002861022949
  endloop
endfacet
facet normal 0.0 0.0 0.0
  outer loop
    vertex -21.06275177001953 -72.2127685546875 9.00000286102295
    vertex -21.315990447998047 -72.28958892822266 7.500002861022949
    vertex -21.316001892089844 -72.28959655761719 9.00000286102295
  endloop
endfacet
facet normal 0.0 0.0 0.0
  outer loop
    vertex -21.316001892089844 -72.28959655761719 9.00000286102295
    vertex -21.315990447998047 -72.28958892822266 7.500002861022949
    vertex -21.549388885498047 -72.41433715820312 7.500002861022949
  endloop
endfacet
facet normal 0.0 0.0 0.0
  outer loop
    vertex -21.316001892089844 -72.28959655761719 9.00000286102295
    vertex -21.549388885498047 -72.41433715820312 7.500002861022949
    vertex -21.54939842224121 -72.41434478759766 9.00000286102295
  endloop
endfacet
facet normal 0.0 0.0 0.0
  outer loop
    vertex -21.75397300720215 -72.58223724365234 7.500002861022949
    vertex -21.753971099853516 -72.58223724365234 9.00000286102295
    vertex -21.54939842224121 -72.41434478759766 9.00000286102295
  endloop
endfacet
facet normal 0.0 0.0 0.0
  outer loop
    vertex -21.75397300720215 -72.58223724365234 7.500002861022949
    vertex -21.54939842224121 -72.41434478759766 9.00000286102295
    vertex -21.549388885498047 -72.41433715820312 7.500002861022949
  endloop
endfacet
facet normal 0.0 0.0 0.0
  outer loop
    vertex -20.79937744140625 -50.53683090209961 7.500003814697266
    vertex -22.920698165893555 -48.41551208496094 7.500003814697266
    vertex -23.293785095214844 -48.870121002197266 7.500003814697266
  endloop
endfacet
facet normal 0.0 0.0 0.0
  outer loop
    vertex -20.79937744140625 -50.53683090209961 2.000004291534424
    vertex -23.29378890991211 -48.87012481689453 2.000004529953003
    vertex -22.92070198059082 -48.4155158996582 2.000004529953003
  endloop
endfacet
facet normal 0.0 0.0 0.0
  outer loop
    vertex -20.79937744140625 -50.53683090209961 7.500003814697266
    vertex -23.293785095214844 -48.870121002197266 7.500003814697266
    vertex -23.571016311645508 -49.3887825012207 7.500003814697266
  endloop
endfacet
facet normal 0.0 0.0 0.0
  outer loop
    vertex -20.79937744140625 -50.53683090209961 2.000004291534424
    vertex -23.57101821899414 -49.38878631591797 2.000004291534424
    vertex -23.29378890991211 -48.87012481689453 2.000004529953003
  endloop
endfacet
facet normal 0.0 0.0 0.0
  outer loop
    vertex -20.79937744140625 -50.53683090209961 7.500003814697266
    vertex -23.571016311645508 -49.3887825012207 7.500003814697266
    vertex -23.74173355102539 -49.951560974121094 7.500003337860107
  endloop
endfacet
facet normal 0.0 0.0 0.0
  outer loop
    vertex -20.79937744140625 -50.53683090209961 2.000004291534424
    vertex -23.741735458374023 -49.951568603515625 2.0000040531158447
    vertex -23.57101821899414 -49.38878631591797 2.000004291534424
  endloop
endfacet
facet normal 0.0 0.0 0.0
  outer loop
    vertex -20.79937744140625 -50.53683090209961 7.500003814697266
    vertex -23.74173355102539 -49.951560974121094 7.500003337860107
    vertex -23.79937744140625 -50.53683090209961 7.500003337860107
  endloop
endfacet
facet normal 0.0 0.0 0.0
  outer loop
    vertex -20.79937744140625 -50.53683090209961 2.000004291534424
    vertex -23.79937744140625 -50.53683853149414 2.0000040531158447
    vertex -23.741735458374023 -49.951568603515625 2.0000040531158447
  endloop
endfacet
facet normal 0.0 0.0 0.0
  outer loop
    vertex -20.79937744140625 -50.53683090209961 7.500003814697266
    vertex -23.79937744140625 -50.53683090209961 7.500003337860107
    vertex -23.74173355102539 -51.122100830078125 7.500003337860107
  endloop
endfacet
facet normal 0.0 0.0 0.0
  outer loop
    vertex -20.79937744140625 -50.53683090209961 2.000004291534424
    vertex -23.741731643676758 -51.122108459472656 2.0000040531158447
    vertex -23.79937744140625 -50.53683853149414 2.0000040531158447
  endloop
endfacet
facet normal 0.0 0.0 0.0
  outer loop
    vertex -20.79937744140625 -50.53683090209961 7.500003814697266
    vertex -23.74173355102539 -51.122100830078125 7.500003337860107
    vertex -23.571016311645508 -51.68488311767578 7.500003814697266
  endloop
endfacet
facet normal 0.0 0.0 0.0
  outer loop
    vertex -20.79937744140625 -50.53683090209961 2.000004291534424
    vertex -23.571012496948242 -51.68488693237305 2.000004291534424
    vertex -23.741731643676758 -51.122108459472656 2.0000040531158447
  endloop
endfacet
facet normal 0.0 0.0 0.0
  outer loop
    vertex -20.79937744140625 -50.53683090209961 7.500003814697266
    vertex -23.571016311645508 -51.68488311767578 7.500003814697266
    vertex -23.293787002563477 -52.20354080200195 7.500003814697266
  endloop
endfacet
facet normal 0.0 0.0 0.0
  outer loop
    vertex -20.79937744140625 -50.53683090209961 2.000004291534424
    vertex -23.29378318786621 -52.20354461669922 2.000004291534424
    vertex -23.571012496948242 -51.68488693237305 2.000004291534424
  endloop
endfacet
facet normal 0.0 0.0 0.0
  outer loop
    vertex -20.79937744140625 -50.53683090209961 7.500003814697266
    vertex -23.293787002563477 -52.20354080200195 7.500003814697266
    vertex -22.920698165893555 -52.65814971923828 7.500003814697266
  endloop
endfacet
facet normal 0.0 0.0 0.0
  outer loop
    vertex -20.79937744140625 -50.53683090209961 2.000004291534424
    vertex -22.920696258544922 -52.65815353393555 2.000004291534424
    vertex -23.29378318786621 -52.20354461669922 2.000004291534424
  endloop
endfacet
facet normal 0.0 0.0 0.0
  outer loop
    vertex -20.79937744140625 -50.53683090209961 7.500003814697266
    vertex -22.920698165893555 -52.65814971923828 7.500003814697266
    vertex -22.466087341308594 -53.0312385559082 7.500003814697266
  endloop
endfacet
facet normal 0.0 0.0 0.0
  outer loop
    vertex -20.79937744140625 -50.53683090209961 2.000004291534424
    vertex -22.466087341308594 -53.03124237060547 2.000004291534424
    vertex -22.920696258544922 -52.65815353393555 2.000004291534424
  endloop
endfacet
facet normal 0.0 0.0 0.0
  outer loop
    vertex -20.79937744140625 -50.53683090209961 7.500003814697266
    vertex -22.466087341308594 -53.0312385559082 7.500003814697266
    vertex -21.94742774963379 -53.3084716796875 7.500003814697266
  endloop
endfacet
facet normal 0.0 0.0 0.0
  outer loop
    vertex -20.79937744140625 -50.53683090209961 2.000004291534424
    vertex -21.94742774963379 -53.3084716796875 2.000004291534424
    vertex -22.466087341308594 -53.03124237060547 2.000004291534424
  endloop
endfacet
facet normal 0.0 0.0 0.0
  outer loop
    vertex -20.79937744140625 -50.53683090209961 7.500003814697266
    vertex -21.94742774963379 -53.3084716796875 7.500003814697266
    vertex -21.384647369384766 -53.47918701171875 7.500003814697266
  endloop
endfacet
facet normal 0.0 0.0 0.0
  outer loop
    vertex -20.79937744140625 -50.53683090209961 2.000004291534424
    vertex -21.3846492767334 -53.47918701171875 2.000004291534424
    vertex -21.94742774963379 -53.3084716796875 2.000004291534424
  endloop
endfacet
facet normal 0.0 0.0 0.0
  outer loop
    vertex -20.79937744140625 -50.53683090209961 7.500003814697266
    vertex -21.384647369384766 -53.47918701171875 7.500003814697266
    vertex -20.79937744140625 -53.53683090209961 7.500003814697266
  endloop
endfacet
facet normal 0.0 0.0 0.0
  outer loop
    vertex -20.79937744140625 -50.53683090209961 2.000004291534424
    vertex -20.799379348754883 -53.53683090209961 2.000004291534424
    vertex -21.3846492767334 -53.47918701171875 2.000004291534424
  endloop
endfacet
facet normal 0.0 0.0 0.0
  outer loop
    vertex -20.79937744140625 -50.53683090209961 7.500003814697266
    vertex -20.79937744140625 -53.53683090209961 7.500003814697266
    vertex -20.2141056060791 -53.47918701171875 7.500003814697266
  endloop
endfacet
facet normal 0.0 0.0 0.0
  outer loop
    vertex -20.79937744140625 -50.53683090209961 2.000004291534424
    vertex -20.214109420776367 -53.47918701171875 2.000004291534424
    vertex -20.799379348754883 -53.53683090209961 2.000004291534424
  endloop
endfacet
facet normal 0.0 0.0 0.0
  outer loop
    vertex -20.79937744140625 -50.53683090209961 7.500003814697266
    vertex -20.2141056060791 -53.47918701171875 7.500003814697266
    vertex -19.651325225830078 -53.3084716796875 7.500003814697266
  endloop
endfacet
facet normal 0.0 0.0 0.0
  outer loop
    vertex -20.79937744140625 -50.53683090209961 2.000004291534424
    vertex -19.651330947875977 -53.3084716796875 2.000004291534424
    vertex -20.214109420776367 -53.47918701171875 2.000004291534424
  endloop
endfacet
facet normal 0.0 0.0 0.0
  outer loop
    vertex -20.79937744140625 -50.53683090209961 7.500003814697266
    vertex -19.651325225830078 -53.3084716796875 7.500003814697266
    vertex -19.132665634155273 -53.0312385559082 7.500003814697266
  endloop
endfacet
facet normal 0.0 0.0 0.0
  outer loop
    vertex -20.79937744140625 -50.53683090209961 2.000004291534424
    vertex -19.132671356201172 -53.03124237060547 2.000004291534424
    vertex -19.651330947875977 -53.3084716796875 2.000004291534424
  endloop
endfacet
facet normal 0.0 0.0 0.0
  outer loop
    vertex -20.79937744140625 -50.53683090209961 7.500003814697266
    vertex -19.132665634155273 -53.0312385559082 7.500003814697266
    vertex -18.678054809570312 -52.65814971923828 7.500003814697266
  endloop
endfacet
facet normal 0.0 0.0 0.0
  outer loop
    vertex -20.79937744140625 -50.53683090209961 2.000004291534424
    vertex -18.67806053161621 -52.65815734863281 2.000004291534424
    vertex -19.132671356201172 -53.03124237060547 2.000004291534424
  endloop
endfacet
facet normal 0.0 0.0 0.0
  outer loop
    vertex -20.79937744140625 -50.53683090209961 7.500003814697266
    vertex -18.678054809570312 -52.65814971923828 7.500003814697266
    vertex -18.304967880249023 -52.20354080200195 7.500003814697266
  endloop
endfacet
facet normal 0.0 0.0 0.0
  outer loop
    vertex -20.79937744140625 -50.53683090209961 2.000004291534424
    vertex -18.304973602294922 -52.203548431396484 2.000004291534424
    vertex -18.67806053161621 -52.65815734863281 2.000004291534424
  endloop
endfacet
facet normal 0.0 0.0 0.0
  outer loop
    vertex -20.79937744140625 -50.53683090209961 7.500003814697266
    vertex -18.304967880249023 -52.20354080200195 7.500003814697266
    vertex -18.02773666381836 -51.684879302978516 7.500003814697266
  endloop
endfacet
facet normal 0.0 0.0 0.0
  outer loop
    vertex -20.79937744140625 -50.53683090209961 2.000004291534424
    vertex -18.027742385864258 -51.68489074707031 2.000004291534424
    vertex -18.304973602294922 -52.203548431396484 2.000004291534424
  endloop
endfacet
facet normal 0.0 0.0 0.0
  outer loop
    vertex -20.79937744140625 -50.53683090209961 7.500003814697266
    vertex -18.02773666381836 -51.684879302978516 7.500003814697266
    vertex -17.85702133178711 -51.122100830078125 7.500003814697266
  endloop
endfacet
facet normal 0.0 0.0 0.0
  outer loop
    vertex -20.79937744140625 -50.53683090209961 2.000004291534424
    vertex -17.857023239135742 -51.12211227416992 2.000004291534424
    vertex -18.027742385864258 -51.68489074707031 2.000004291534424
  endloop
endfacet
facet normal 0.0 0.0 0.0
  outer loop
    vertex -20.79937744140625 -50.53683090209961 7.500003814697266
    vertex -17.85702133178711 -51.122100830078125 7.500003814697266
    vertex -17.79937744140625 -50.536827087402344 7.500003814697266
  endloop
endfacet
facet normal 0.0 0.0 0.0
  outer loop
    vertex -20.79937744140625 -50.53683090209961 2.000004291534424
    vertex -17.79937744140625 -50.536842346191406 2.000004291534424
    vertex -17.857023239135742 -51.12211227416992 2.000004291534424
  endloop
endfacet
facet normal 0.0 0.0 0.0
  outer loop
    vertex -20.79937744140625 -50.53683090209961 7.500003814697266
    vertex -17.79937744140625 -50.536827087402344 7.500003814697266
    vertex -17.85702133178711 -49.951560974121094 7.500003814697266
  endloop
endfacet
facet normal 0.0 0.0 0.0
  outer loop
    vertex -20.79937744140625 -50.53683090209961 2.000004291534424
    vertex -17.857019424438477 -49.95157241821289 2.000004291534424
    vertex -17.79937744140625 -50.536842346191406 2.000004291534424
  endloop
endfacet
facet normal 0.0 0.0 0.0
  outer loop
    vertex -20.79937744140625 -50.53683090209961 7.500003814697266
    vertex -17.85702133178711 -49.951560974121094 7.500003814697266
    vertex -18.027738571166992 -49.38877868652344 7.500003814697266
  endloop
endfacet
facet normal 0.0 0.0 0.0
  outer loop
    vertex -20.79937744140625 -50.53683090209961 2.000004291534424
    vertex -18.027732849121094 -49.3887939453125 2.000004291534424
    vertex -17.857019424438477 -49.95157241821289 2.000004291534424
  endloop
endfacet
facet normal 0.0 0.0 0.0
  outer loop
    vertex -20.79937744140625 -50.53683090209961 7.500003814697266
    vertex -18.027738571166992 -49.38877868652344 7.500003814697266
    vertex -18.30497169494629 -48.8701171875 7.500003814697266
  endloop
endfacet
facet normal 0.0 0.0 0.0
  outer loop
    vertex -20.79937744140625 -50.53683090209961 2.000004291534424
    vertex -18.304962158203125 -48.87013244628906 2.000004529953003
    vertex -18.027732849121094 -49.3887939453125 2.000004291534424
  endloop
endfacet
facet normal 0.0 0.0 0.0
  outer loop
    vertex -20.79937744140625 -50.53683090209961 7.500003814697266
    vertex -18.30497169494629 -48.8701171875 7.500003814697266
    vertex -18.678058624267578 -48.41551208496094 7.500003814697266
  endloop
endfacet
facet normal 0.0 0.0 0.0
  outer loop
    vertex -20.79937744140625 -50.53683090209961 2.000004291534424
    vertex -18.67804527282715 -48.415523529052734 2.000004529953003
    vertex -18.304962158203125 -48.87013244628906 2.000004529953003
  endloop
endfacet
facet normal 0.0 0.0 0.0
  outer loop
    vertex -20.79937744140625 -50.53683090209961 7.500003814697266
    vertex -18.678058624267578 -48.41551208496094 7.500003814697266
    vertex -19.13266944885254 -48.042423248291016 7.500003814697266
  endloop
endfacet
facet normal 0.0 0.0 0.0
  outer loop
    vertex -20.79937744140625 -50.53683090209961 2.000004291534424
    vertex -19.132652282714844 -48.04243469238281 2.000004529953003
    vertex -18.67804527282715 -48.415523529052734 2.000004529953003
  endloop
endfacet
facet normal 0.0 0.0 0.0
  outer loop
    vertex -20.79937744140625 -50.53683090209961 7.500003814697266
    vertex -19.13266944885254 -48.042423248291016 7.500003814697266
    vertex -19.651330947875977 -47.765193939208984 7.500003814697266
  endloop
endfacet
facet normal 0.0 0.0 0.0
  outer loop
    vertex -20.79937744140625 -50.53683090209961 2.000004291534424
    vertex -19.651309967041016 -47.765201568603516 2.000004529953003
    vertex -19.132652282714844 -48.04243469238281 2.000004529953003
  endloop
endfacet
facet normal 0.0 0.0 0.0
  outer loop
    vertex -20.79937744140625 -50.53683090209961 7.500003814697266
    vertex -19.651330947875977 -47.765193939208984 7.500003814697266
    vertex -20.214111328125 -47.59447479248047 7.500003814697266
  endloop
endfacet
facet normal 0.0 0.0 0.0
  outer loop
    vertex -20.79937744140625 -50.53683090209961 2.000004291534424
    vertex -20.214086532592773 -47.594482421875 2.000004529953003
    vertex -19.651309967041016 -47.765201568603516 2.000004529953003
  endloop
endfacet
facet normal 0.0 0.0 0.0
  outer loop
    vertex -20.79937744140625 -50.53683090209961 7.500003814697266
    vertex -20.214111328125 -47.59447479248047 7.500003814697266
    vertex -20.799381256103516 -47.536834716796875 7.500003814697266
  endloop
endfacet
facet normal 0.0 0.0 0.0
  outer loop
    vertex -20.79937744140625 -50.53683090209961 2.000004291534424
    vertex -20.79935646057129 -47.536834716796875 2.000004529953003
    vertex -20.214086532592773 -47.594482421875 2.000004529953003
  endloop
endfacet
facet normal 0.0 0.0 0.0
  outer loop
    vertex -20.79937744140625 -50.53683090209961 7.500003814697266
    vertex -20.799381256103516 -47.536834716796875 7.500003814697266
    vertex -21.384653091430664 -47.594478607177734 7.500003814697266
  endloop
endfacet
facet normal 0.0 0.0 0.0
  outer loop
    vertex -20.79937744140625 -50.53683090209961 2.000004291534424
    vertex -21.384626388549805 -47.59447479248047 2.000004529953003
    vertex -20.79935646057129 -47.536834716796875 2.000004529953003
  endloop
endfacet
facet normal 0.0 0.0 0.0
  outer loop
    vertex -20.79937744140625 -50.53683090209961 7.500003814697266
    vertex -21.384653091430664 -47.594478607177734 7.500003814697266
    vertex -21.947431564331055 -47.76519775390625 7.500003814697266
  endloop
endfacet
facet normal 0.0 0.0 0.0
  outer loop
    vertex -20.79937744140625 -50.53683090209961 2.000004291534424
    vertex -21.947406768798828 -47.76518249511719 2.000004529953003
    vertex -21.384626388549805 -47.59447479248047 2.000004529953003
  endloop
endfacet
facet normal 0.0 0.0 0.0
  outer loop
    vertex -20.79937744140625 -50.53683090209961 7.500003814697266
    vertex -21.947431564331055 -47.76519775390625 7.500003814697266
    vertex -22.466093063354492 -48.04242706298828 7.500003814697266
  endloop
endfacet
facet normal 0.0 0.0 0.0
  outer loop
    vertex -20.79937744140625 -50.53683090209961 2.000004291534424
    vertex -22.466068267822266 -48.04241180419922 2.000004529953003
    vertex -21.947406768798828 -47.76518249511719 2.000004529953003
  endloop
endfacet
facet normal 0.0 0.0 0.0
  outer loop
    vertex -22.466093063354492 -48.04242706298828 7.500003814697266
    vertex -22.920698165893555 -48.41551208496094 7.500003814697266
    vertex -20.79937744140625 -50.53683090209961 7.500003814697266
  endloop
endfacet
facet normal 0.0 0.0 0.0
  outer loop
    vertex -20.79937744140625 -50.53683090209961 2.000004291534424
    vertex -22.92070198059082 -48.4155158996582 2.000004529953003
    vertex -22.466068267822266 -48.04241180419922 2.000004529953003
  endloop
endfacet
facet normal 0.0 0.0 0.0
  outer loop
    vertex -22.920698165893555 -48.41551208496094 7.500003814697266
    vertex -22.92070198059082 -48.4155158996582 2.000004529953003
    vertex -23.29378890991211 -48.87012481689453 2.000004529953003
  endloop
endfacet
facet normal 0.0 0.0 0.0
  outer loop
    vertex -22.920698165893555 -48.41551208496094 7.500003814697266
    vertex -23.29378890991211 -48.87012481689453 2.000004529953003
    vertex -23.293785095214844 -48.870121002197266 7.500003814697266
  endloop
endfacet
facet normal 0.0 0.0 0.0
  outer loop
    vertex -23.293785095214844 -48.870121002197266 7.500003814697266
    vertex -23.29378890991211 -48.87012481689453 2.000004529953003
    vertex -23.57101821899414 -49.38878631591797 2.000004291534424
  endloop
endfacet
facet normal 0.0 0.0 0.0
  outer loop
    vertex -23.293785095214844 -48.870121002197266 7.500003814697266
    vertex -23.57101821899414 -49.38878631591797 2.000004291534424
    vertex -23.571016311645508 -49.3887825012207 7.500003814697266
  endloop
endfacet
facet normal 0.0 0.0 0.0
  outer loop
    vertex -23.571016311645508 -49.3887825012207 7.500003814697266
    vertex -23.57101821899414 -49.38878631591797 2.000004291534424
    vertex -23.741735458374023 -49.951568603515625 2.0000040531158447
  endloop
endfacet
facet normal 0.0 0.0 0.0
  outer loop
    vertex -23.571016311645508 -49.3887825012207 7.500003814697266
    vertex -23.741735458374023 -49.951568603515625 2.0000040531158447
    vertex -23.74173355102539 -49.951560974121094 7.500003337860107
  endloop
endfacet
facet normal 0.0 0.0 0.0
  outer loop
    vertex -23.74173355102539 -49.951560974121094 7.500003337860107
    vertex -23.741735458374023 -49.951568603515625 2.0000040531158447
    vertex -23.79937744140625 -50.53683853149414 2.0000040531158447
  endloop
endfacet
facet normal 0.0 0.0 0.0
  outer loop
    vertex -23.74173355102539 -49.951560974121094 7.500003337860107
    vertex -23.79937744140625 -50.53683853149414 2.0000040531158447
    vertex -23.79937744140625 -50.53683090209961 7.500003337860107
  endloop
endfacet
facet normal 0.0 0.0 0.0
  outer loop
    vertex -23.79937744140625 -50.53683090209961 7.500003337860107
    vertex -23.79937744140625 -50.53683853149414 2.0000040531158447
    vertex -23.741731643676758 -51.122108459472656 2.0000040531158447
  endloop
endfacet
facet normal 0.0 0.0 0.0
  outer loop
    vertex -23.79937744140625 -50.53683090209961 7.500003337860107
    vertex -23.741731643676758 -51.122108459472656 2.0000040531158447
    vertex -23.74173355102539 -51.122100830078125 7.500003337860107
  endloop
endfacet
facet normal 0.0 0.0 0.0
  outer loop
    vertex -23.74173355102539 -51.122100830078125 7.500003337860107
    vertex -23.741731643676758 -51.122108459472656 2.0000040531158447
    vertex -23.571012496948242 -51.68488693237305 2.000004291534424
  endloop
endfacet
facet normal 0.0 0.0 0.0
  outer loop
    vertex -23.74173355102539 -51.122100830078125 7.500003337860107
    vertex -23.571012496948242 -51.68488693237305 2.000004291534424
    vertex -23.571016311645508 -51.68488311767578 7.500003814697266
  endloop
endfacet
facet normal 0.0 0.0 0.0
  outer loop
    vertex -23.571016311645508 -51.68488311767578 7.500003814697266
    vertex -23.571012496948242 -51.68488693237305 2.000004291534424
    vertex -23.29378318786621 -52.20354461669922 2.000004291534424
  endloop
endfacet
facet normal 0.0 0.0 0.0
  outer loop
    vertex -23.571016311645508 -51.68488311767578 7.500003814697266
    vertex -23.29378318786621 -52.20354461669922 2.000004291534424
    vertex -23.293787002563477 -52.20354080200195 7.500003814697266
  endloop
endfacet
facet normal 0.0 0.0 0.0
  outer loop
    vertex -23.293787002563477 -52.20354080200195 7.500003814697266
    vertex -23.29378318786621 -52.20354461669922 2.000004291534424
    vertex -22.920696258544922 -52.65815353393555 2.000004291534424
  endloop
endfacet
facet normal 0.0 0.0 0.0
  outer loop
    vertex -23.293787002563477 -52.20354080200195 7.500003814697266
    vertex -22.920696258544922 -52.65815353393555 2.000004291534424
    vertex -22.920698165893555 -52.65814971923828 7.500003814697266
  endloop
endfacet
facet normal 0.0 0.0 0.0
  outer loop
    vertex -22.920698165893555 -52.65814971923828 7.500003814697266
    vertex -22.920696258544922 -52.65815353393555 2.000004291534424
    vertex -22.466087341308594 -53.03124237060547 2.000004291534424
  endloop
endfacet
facet normal 0.0 0.0 0.0
  outer loop
    vertex -22.920698165893555 -52.65814971923828 7.500003814697266
    vertex -22.466087341308594 -53.03124237060547 2.000004291534424
    vertex -22.466087341308594 -53.0312385559082 7.500003814697266
  endloop
endfacet
facet normal 0.0 0.0 0.0
  outer loop
    vertex -22.466087341308594 -53.0312385559082 7.500003814697266
    vertex -22.466087341308594 -53.03124237060547 2.000004291534424
    vertex -21.94742774963379 -53.3084716796875 2.000004291534424
  endloop
endfacet
facet normal 0.0 0.0 0.0
  outer loop
    vertex -22.466087341308594 -53.0312385559082 7.500003814697266
    vertex -21.94742774963379 -53.3084716796875 2.000004291534424
    vertex -21.94742774963379 -53.3084716796875 7.500003814697266
  endloop
endfacet
facet normal 0.0 0.0 0.0
  outer loop
    vertex -21.94742774963379 -53.3084716796875 7.500003814697266
    vertex -21.94742774963379 -53.3084716796875 2.000004291534424
    vertex -21.3846492767334 -53.47918701171875 2.000004291534424
  endloop
endfacet
facet normal 0.0 0.0 0.0
  outer loop
    vertex -21.94742774963379 -53.3084716796875 7.500003814697266
    vertex -21.3846492767334 -53.47918701171875 2.000004291534424
    vertex -21.384647369384766 -53.47918701171875 7.500003814697266
  endloop
endfacet
facet normal 0.0 0.0 0.0
  outer loop
    vertex -21.384647369384766 -53.47918701171875 7.500003814697266
    vertex -21.3846492767334 -53.47918701171875 2.000004291534424
    vertex -20.799379348754883 -53.53683090209961 2.000004291534424
  endloop
endfacet
facet normal 0.0 0.0 0.0
  outer loop
    vertex -21.384647369384766 -53.47918701171875 7.500003814697266
    vertex -20.799379348754883 -53.53683090209961 2.000004291534424
    vertex -20.79937744140625 -53.53683090209961 7.500003814697266
  endloop
endfacet
facet normal 0.0 0.0 0.0
  outer loop
    vertex -20.79937744140625 -53.53683090209961 7.500003814697266
    vertex -20.799379348754883 -53.53683090209961 2.000004291534424
    vertex -20.214109420776367 -53.47918701171875 2.000004291534424
  endloop
endfacet
facet normal 0.0 0.0 0.0
  outer loop
    vertex -20.79937744140625 -53.53683090209961 7.500003814697266
    vertex -20.214109420776367 -53.47918701171875 2.000004291534424
    vertex -20.2141056060791 -53.47918701171875 7.500003814697266
  endloop
endfacet
facet normal 0.0 0.0 0.0
  outer loop
    vertex -20.2141056060791 -53.47918701171875 7.500003814697266
    vertex -20.214109420776367 -53.47918701171875 2.000004291534424
    vertex -19.651330947875977 -53.3084716796875 2.000004291534424
  endloop
endfacet
facet normal 0.0 0.0 0.0
  outer loop
    vertex -20.2141056060791 -53.47918701171875 7.500003814697266
    vertex -19.651330947875977 -53.3084716796875 2.000004291534424
    vertex -19.651325225830078 -53.3084716796875 7.500003814697266
  endloop
endfacet
facet normal 0.0 0.0 0.0
  outer loop
    vertex -19.651325225830078 -53.3084716796875 7.500003814697266
    vertex -19.651330947875977 -53.3084716796875 2.000004291534424
    vertex -19.132671356201172 -53.03124237060547 2.000004291534424
  endloop
endfacet
facet normal 0.0 0.0 0.0
  outer loop
    vertex -19.651325225830078 -53.3084716796875 7.500003814697266
    vertex -19.132671356201172 -53.03124237060547 2.000004291534424
    vertex -19.132665634155273 -53.0312385559082 7.500003814697266
  endloop
endfacet
facet normal 0.0 0.0 0.0
  outer loop
    vertex -19.132665634155273 -53.0312385559082 7.500003814697266
    vertex -19.132671356201172 -53.03124237060547 2.000004291534424
    vertex -18.67806053161621 -52.65815734863281 2.000004291534424
  endloop
endfacet
facet normal 0.0 0.0 0.0
  outer loop
    vertex -19.132665634155273 -53.0312385559082 7.500003814697266
    vertex -18.67806053161621 -52.65815734863281 2.000004291534424
    vertex -18.678054809570312 -52.65814971923828 7.500003814697266
  endloop
endfacet
facet normal 0.0 0.0 0.0
  outer loop
    vertex -18.678054809570312 -52.65814971923828 7.500003814697266
    vertex -18.67806053161621 -52.65815734863281 2.000004291534424
    vertex -18.304973602294922 -52.203548431396484 2.000004291534424
  endloop
endfacet
facet normal 0.0 0.0 0.0
  outer loop
    vertex -18.678054809570312 -52.65814971923828 7.500003814697266
    vertex -18.304973602294922 -52.203548431396484 2.000004291534424
    vertex -18.304967880249023 -52.20354080200195 7.500003814697266
  endloop
endfacet
facet normal 0.0 0.0 0.0
  outer loop
    vertex -18.304967880249023 -52.20354080200195 7.500003814697266
    vertex -18.304973602294922 -52.203548431396484 2.000004291534424
    vertex -18.027742385864258 -51.68489074707031 2.000004291534424
  endloop
endfacet
facet normal 0.0 0.0 0.0
  outer loop
    vertex -18.304967880249023 -52.20354080200195 7.500003814697266
    vertex -18.027742385864258 -51.68489074707031 2.000004291534424
    vertex -18.02773666381836 -51.684879302978516 7.500003814697266
  endloop
endfacet
facet normal 0.0 0.0 0.0
  outer loop
    vertex -18.02773666381836 -51.684879302978516 7.500003814697266
    vertex -18.027742385864258 -51.68489074707031 2.000004291534424
    vertex -17.857023239135742 -51.12211227416992 2.000004291534424
  endloop
endfacet
facet normal 0.0 0.0 0.0
  outer loop
    vertex -18.02773666381836 -51.684879302978516 7.500003814697266
    vertex -17.857023239135742 -51.12211227416992 2.000004291534424
    vertex -17.85702133178711 -51.122100830078125 7.500003814697266
  endloop
endfacet
facet normal 0.0 0.0 0.0
  outer loop
    vertex -17.85702133178711 -51.122100830078125 7.500003814697266
    vertex -17.857023239135742 -51.12211227416992 2.000004291534424
    vertex -17.79937744140625 -50.536842346191406 2.000004291534424
  endloop
endfacet
facet normal 0.0 0.0 0.0
  outer loop
    vertex -17.85702133178711 -51.122100830078125 7.500003814697266
    vertex -17.79937744140625 -50.536842346191406 2.000004291534424
    vertex -17.79937744140625 -50.536827087402344 7.500003814697266
  endloop
endfacet
facet normal 0.0 0.0 0.0
  outer loop
    vertex -17.79937744140625 -50.536827087402344 7.500003814697266
    vertex -17.79937744140625 -50.536842346191406 2.000004291534424
    vertex -17.857019424438477 -49.95157241821289 2.000004291534424
  endloop
endfacet
facet normal 0.0 0.0 0.0
  outer loop
    vertex -17.79937744140625 -50.536827087402344 7.500003814697266
    vertex -17.857019424438477 -49.95157241821289 2.000004291534424
    vertex -17.85702133178711 -49.951560974121094 7.500003814697266
  endloop
endfacet
facet normal 0.0 0.0 0.0
  outer loop
    vertex -17.85702133178711 -49.951560974121094 7.500003814697266
    vertex -17.857019424438477 -49.95157241821289 2.000004291534424
    vertex -18.027732849121094 -49.3887939453125 2.000004291534424
  endloop
endfacet
facet normal 0.0 0.0 0.0
  outer loop
    vertex -17.85702133178711 -49.951560974121094 7.500003814697266
    vertex -18.027732849121094 -49.3887939453125 2.000004291534424
    vertex -18.027738571166992 -49.38877868652344 7.500003814697266
  endloop
endfacet
facet normal 0.0 0.0 0.0
  outer loop
    vertex -18.027738571166992 -49.38877868652344 7.500003814697266
    vertex -18.027732849121094 -49.3887939453125 2.000004291534424
    vertex -18.304962158203125 -48.87013244628906 2.000004529953003
  endloop
endfacet
facet normal 0.0 0.0 0.0
  outer loop
    vertex -18.027738571166992 -49.38877868652344 7.500003814697266
    vertex -18.304962158203125 -48.87013244628906 2.000004529953003
    vertex -18.30497169494629 -48.8701171875 7.500003814697266
  endloop
endfacet
facet normal 0.0 0.0 0.0
  outer loop
    vertex -18.30497169494629 -48.8701171875 7.500003814697266
    vertex -18.304962158203125 -48.87013244628906 2.000004529953003
    vertex -18.67804527282715 -48.415523529052734 2.000004529953003
  endloop
endfacet
facet normal 0.0 0.0 0.0
  outer loop
    vertex -18.30497169494629 -48.8701171875 7.500003814697266
    vertex -18.67804527282715 -48.415523529052734 2.000004529953003
    vertex -18.678058624267578 -48.41551208496094 7.500003814697266
  endloop
endfacet
facet normal 0.0 0.0 0.0
  outer loop
    vertex -18.678058624267578 -48.41551208496094 7.500003814697266
    vertex -18.67804527282715 -48.415523529052734 2.000004529953003
    vertex -19.132652282714844 -48.04243469238281 2.000004529953003
  endloop
endfacet
facet normal 0.0 0.0 0.0
  outer loop
    vertex -18.678058624267578 -48.41551208496094 7.500003814697266
    vertex -19.132652282714844 -48.04243469238281 2.000004529953003
    vertex -19.13266944885254 -48.042423248291016 7.500003814697266
  endloop
endfacet
facet normal 0.0 0.0 0.0
  outer loop
    vertex -19.13266944885254 -48.042423248291016 7.500003814697266
    vertex -19.132652282714844 -48.04243469238281 2.000004529953003
    vertex -19.651309967041016 -47.765201568603516 2.000004529953003
  endloop
endfacet
facet normal 0.0 0.0 0.0
  outer loop
    vertex -19.13266944885254 -48.042423248291016 7.500003814697266
    vertex -19.651309967041016 -47.765201568603516 2.000004529953003
    vertex -19.651330947875977 -47.765193939208984 7.500003814697266
  endloop
endfacet
facet normal 0.0 0.0 0.0
  outer loop
    vertex -19.651330947875977 -47.765193939208984 7.500003814697266
    vertex -19.651309967041016 -47.765201568603516 2.000004529953003
    vertex -20.214086532592773 -47.594482421875 2.000004529953003
  endloop
endfacet
facet normal 0.0 0.0 0.0
  outer loop
    vertex -19.651330947875977 -47.765193939208984 7.500003814697266
    vertex -20.214086532592773 -47.594482421875 2.000004529953003
    vertex -20.214111328125 -47.59447479248047 7.500003814697266
  endloop
endfacet
facet normal 0.0 0.0 0.0
  outer loop
    vertex -20.214111328125 -47.59447479248047 7.500003814697266
    vertex -20.214086532592773 -47.594482421875 2.000004529953003
    vertex -20.79935646057129 -47.536834716796875 2.000004529953003
  endloop
endfacet
facet normal 0.0 0.0 0.0
  outer loop
    vertex -20.214111328125 -47.59447479248047 7.500003814697266
    vertex -20.79935646057129 -47.536834716796875 2.000004529953003
    vertex -20.799381256103516 -47.536834716796875 7.500003814697266
  endloop
endfacet
facet normal 0.0 0.0 0.0
  outer loop
    vertex -20.799381256103516 -47.536834716796875 7.500003814697266
    vertex -20.79935646057129 -47.536834716796875 2.000004529953003
    vertex -21.384626388549805 -47.59447479248047 2.000004529953003
  endloop
endfacet
facet normal 0.0 0.0 0.0
  outer loop
    vertex -20.799381256103516 -47.536834716796875 7.500003814697266
    vertex -21.384626388549805 -47.59447479248047 2.000004529953003
    vertex -21.384653091430664 -47.594478607177734 7.500003814697266
  endloop
endfacet
facet normal 0.0 0.0 0.0
  outer loop
    vertex -21.384653091430664 -47.594478607177734 7.500003814697266
    vertex -21.384626388549805 -47.59447479248047 2.000004529953003
    vertex -21.947406768798828 -47.76518249511719 2.000004529953003
  endloop
endfacet
facet normal 0.0 0.0 0.0
  outer loop
    vertex -21.384653091430664 -47.594478607177734 7.500003814697266
    vertex -21.947406768798828 -47.76518249511719 2.000004529953003
    vertex -21.947431564331055 -47.76519775390625 7.500003814697266
  endloop
endfacet
facet normal 0.0 0.0 0.0
  outer loop
    vertex -21.947431564331055 -47.76519775390625 7.500003814697266
    vertex -21.947406768798828 -47.76518249511719 2.000004529953003
    vertex -22.466068267822266 -48.04241180419922 2.000004529953003
  endloop
endfacet
facet normal 0.0 0.0 0.0
  outer loop
    vertex -21.947431564331055 -47.76519775390625 7.500003814697266
    vertex -22.466068267822266 -48.04241180419922 2.000004529953003
    vertex -22.466093063354492 -48.04242706298828 7.500003814697266
  endloop
endfacet
facet normal 0.0 0.0 0.0
  outer loop
    vertex -22.92070198059082 -48.4155158996582 2.000004529953003
    vertex -22.920698165893555 -48.41551208496094 7.500003814697266
    vertex -22.466093063354492 -48.04242706298828 7.500003814697266
  endloop
endfacet
facet normal 0.0 0.0 0.0
  outer loop
    vertex -22.92070198059082 -48.4155158996582 2.000004529953003
    vertex -22.466093063354492 -48.04242706298828 7.500003814697266
    vertex -22.466068267822266 -48.04241180419922 2.000004529953003
  endloop
endfacet
facet normal 0.0 0.0 0.0
  outer loop
    vertex -20.79937744140625 -50.53683090209961 9.000003814697266
    vertex -21.753971099853516 -49.582237243652344 9.000003814697266
    vertex -21.92186164855957 -49.78681182861328 9.000003814697266
  endloop
endfacet
facet normal 0.0 0.0 0.0
  outer loop
    vertex -20.79937744140625 -50.53683090209961 7.500003814697266
    vertex -21.921863555908203 -49.78681564331055 7.500003814697266
    vertex -21.75397300720215 -49.58224105834961 7.500003814697266
  endloop
endfacet
facet normal 0.0 0.0 0.0
  outer loop
    vertex -20.79937744140625 -50.53683090209961 9.000003814697266
    vertex -21.92186164855957 -49.78681182861328 9.000003814697266
    vertex -22.046613693237305 -50.02021026611328 9.000003814697266
  endloop
endfacet
facet normal 0.0 0.0 0.0
  outer loop
    vertex -20.79937744140625 -50.53683090209961 7.500003814697266
    vertex -22.046615600585938 -50.02021408081055 7.500003814697266
    vertex -21.921863555908203 -49.78681564331055 7.500003814697266
  endloop
endfacet
facet normal 0.0 0.0 0.0
  outer loop
    vertex -20.79937744140625 -50.53683090209961 9.000003814697266
    vertex -22.046613693237305 -50.02021026611328 9.000003814697266
    vertex -22.123437881469727 -50.273460388183594 9.000003814697266
  endloop
endfacet
facet normal 0.0 0.0 0.0
  outer loop
    vertex -20.79937744140625 -50.53683090209961 7.500003814697266
    vertex -22.123437881469727 -50.273460388183594 7.500003814697266
    vertex -22.046615600585938 -50.02021408081055 7.500003814697266
  endloop
endfacet
facet normal 0.0 0.0 0.0
  outer loop
    vertex -20.79937744140625 -50.53683090209961 9.000003814697266
    vertex -22.123437881469727 -50.273460388183594 9.000003814697266
    vertex -22.149377822875977 -50.53683090209961 9.000003814697266
  endloop
endfacet
facet normal 0.0 0.0 0.0
  outer loop
    vertex -20.79937744140625 -50.53683090209961 7.500003814697266
    vertex -22.149377822875977 -50.536834716796875 7.500003814697266
    vertex -22.123437881469727 -50.273460388183594 7.500003814697266
  endloop
endfacet
facet normal 0.0 0.0 0.0
  outer loop
    vertex -20.79937744140625 -50.53683090209961 9.000003814697266
    vertex -22.149377822875977 -50.53683090209961 9.000003814697266
    vertex -22.123437881469727 -50.800201416015625 9.000003814697266
  endloop
endfacet
facet normal 0.0 0.0 0.0
  outer loop
    vertex -20.79937744140625 -50.53683090209961 7.500003814697266
    vertex -22.123435974121094 -50.800209045410156 7.500003814697266
    vertex -22.149377822875977 -50.536834716796875 7.500003814697266
  endloop
endfacet
facet normal 0.0 0.0 0.0
  outer loop
    vertex -20.79937744140625 -50.53683090209961 9.000003814697266
    vertex -22.123437881469727 -50.800201416015625 9.000003814697266
    vertex -22.046613693237305 -51.0534553527832 9.000003814697266
  endloop
endfacet
facet normal 0.0 0.0 0.0
  outer loop
    vertex -20.79937744140625 -50.53683090209961 7.500003814697266
    vertex -22.046613693237305 -51.05345916748047 7.500003814697266
    vertex -22.123435974121094 -50.800209045410156 7.500003814697266
  endloop
endfacet
facet normal 0.0 0.0 0.0
  outer loop
    vertex -20.79937744140625 -50.53683090209961 9.000003814697266
    vertex -22.046613693237305 -51.0534553527832 9.000003814697266
    vertex -21.92186164855957 -51.28684997558594 9.000003814697266
  endloop
endfacet
facet normal 0.0 0.0 0.0
  outer loop
    vertex -20.79937744140625 -50.53683090209961 7.500003814697266
    vertex -21.921859741210938 -51.2868537902832 7.500003814697266
    vertex -22.046613693237305 -51.05345916748047 7.500003814697266
  endloop
endfacet
facet normal 0.0 0.0 0.0
  outer loop
    vertex -20.79937744140625 -50.53683090209961 9.000003814697266
    vertex -21.92186164855957 -51.28684997558594 9.000003814697266
    vertex -21.753971099853516 -51.491424560546875 9.000003814697266
  endloop
endfacet
facet normal 0.0 0.0 0.0
  outer loop
    vertex -20.79937744140625 -50.53683090209961 7.500003814697266
    vertex -21.753971099853516 -51.491424560546875 7.500003814697266
    vertex -21.921859741210938 -51.2868537902832 7.500003814697266
  endloop
endfacet
facet normal 0.0 0.0 0.0
  outer loop
    vertex -20.79937744140625 -50.53683090209961 9.000003814697266
    vertex -21.753971099853516 -51.491424560546875 9.000003814697266
    vertex -21.549396514892578 -51.65931701660156 9.000003814697266
  endloop
endfacet
facet normal 0.0 0.0 0.0
  outer loop
    vertex -20.79937744140625 -50.53683090209961 7.500003814697266
    vertex -21.549396514892578 -51.65931701660156 7.500003814697266
    vertex -21.753971099853516 -51.491424560546875 7.500003814697266
  endloop
endfacet
facet normal 0.0 0.0 0.0
  outer loop
    vertex -20.79937744140625 -50.53683090209961 9.000003814697266
    vertex -21.549396514892578 -51.65931701660156 9.000003814697266
    vertex -21.31599998474121 -51.7840690612793 9.000003814697266
  endloop
endfacet
facet normal 0.0 0.0 0.0
  outer loop
    vertex -20.79937744140625 -50.53683090209961 7.500003814697266
    vertex -21.31599998474121 -51.7840690612793 7.500003814697266
    vertex -21.549396514892578 -51.65931701660156 7.500003814697266
  endloop
endfacet
facet normal 0.0 0.0 0.0
  outer loop
    vertex -20.79937744140625 -50.53683090209961 9.000003814697266
    vertex -21.31599998474121 -51.7840690612793 9.000003814697266
    vertex -21.0627498626709 -51.86089324951172 9.000003814697266
  endloop
endfacet
facet normal 0.0 0.0 0.0
  outer loop
    vertex -20.79937744140625 -50.53683090209961 7.500003814697266
    vertex -21.0627498626709 -51.86089324951172 7.500003814697266
    vertex -21.31599998474121 -51.7840690612793 7.500003814697266
  endloop
endfacet
facet normal 0.0 0.0 0.0
  outer loop
    vertex -20.79937744140625 -50.53683090209961 9.000003814697266
    vertex -21.0627498626709 -51.86089324951172 9.000003814697266
    vertex -20.79937744140625 -51.88683319091797 9.000003814697266
  endloop
endfacet
facet normal 0.0 0.0 0.0
  outer loop
    vertex -20.79937744140625 -50.53683090209961 7.500003814697266
    vertex -20.79937744140625 -51.88683319091797 7.500003814697266
    vertex -21.0627498626709 -51.86089324951172 7.500003814697266
  endloop
endfacet
facet normal 0.0 0.0 0.0
  outer loop
    vertex -20.79937744140625 -50.53683090209961 9.000003814697266
    vertex -20.79937744140625 -51.88683319091797 9.000003814697266
    vertex -20.5360050201416 -51.86089324951172 9.000003814697266
  endloop
endfacet
facet normal 0.0 0.0 0.0
  outer loop
    vertex -20.79937744140625 -50.53683090209961 7.500003814697266
    vertex -20.536006927490234 -51.86089324951172 7.500003814697266
    vertex -20.79937744140625 -51.88683319091797 7.500003814697266
  endloop
endfacet
facet normal 0.0 0.0 0.0
  outer loop
    vertex -20.79937744140625 -50.53683090209961 9.000003814697266
    vertex -20.5360050201416 -51.86089324951172 9.000003814697266
    vertex -20.28275489807129 -51.7840690612793 9.000003814697266
  endloop
endfacet
facet normal 0.0 0.0 0.0
  outer loop
    vertex -20.79937744140625 -50.53683090209961 7.500003814697266
    vertex -20.282756805419922 -51.7840690612793 7.500003814697266
    vertex -20.536006927490234 -51.86089324951172 7.500003814697266
  endloop
endfacet
facet normal 0.0 0.0 0.0
  outer loop
    vertex -20.79937744140625 -50.53683090209961 9.000003814697266
    vertex -20.28275489807129 -51.7840690612793 9.000003814697266
    vertex -20.04935646057129 -51.65931701660156 9.000003814697266
  endloop
endfacet
facet normal 0.0 0.0 0.0
  outer loop
    vertex -20.79937744140625 -50.53683090209961 7.500003814697266
    vertex -20.049360275268555 -51.65931701660156 7.500003814697266
    vertex -20.282756805419922 -51.7840690612793 7.500003814697266
  endloop
endfacet
facet normal 0.0 0.0 0.0
  outer loop
    vertex -20.79937744140625 -50.53683090209961 9.000003814697266
    vertex -20.04935646057129 -51.65931701660156 9.000003814697266
    vertex -19.84478187561035 -51.491424560546875 9.000003814697266
  endloop
endfacet
facet normal 0.0 0.0 0.0
  outer loop
    vertex -20.79937744140625 -50.53683090209961 7.500003814697266
    vertex -19.844785690307617 -51.49142837524414 7.500003814697266
    vertex -20.049360275268555 -51.65931701660156 7.500003814697266
  endloop
endfacet
facet normal 0.0 0.0 0.0
  outer loop
    vertex -20.79937744140625 -50.53683090209961 9.000003814697266
    vertex -19.84478187561035 -51.491424560546875 9.000003814697266
    vertex -19.67689323425293 -51.28684997558594 9.000003814697266
  endloop
endfacet
facet normal 0.0 0.0 0.0
  outer loop
    vertex -20.79937744140625 -50.53683090209961 7.500003814697266
    vertex -19.676895141601562 -51.2868537902832 7.500003814697266
    vertex -19.844785690307617 -51.49142837524414 7.500003814697266
  endloop
endfacet
facet normal 0.0 0.0 0.0
  outer loop
    vertex -20.79937744140625 -50.53683090209961 9.000003814697266
    vertex -19.67689323425293 -51.28684997558594 9.000003814697266
    vertex -19.552139282226562 -51.05345153808594 9.000003814697266
  endloop
endfacet
facet normal 0.0 0.0 0.0
  outer loop
    vertex -20.79937744140625 -50.53683090209961 7.500003814697266
    vertex -19.552141189575195 -51.05345916748047 7.500003814697266
    vertex -19.676895141601562 -51.2868537902832 7.500003814697266
  endloop
endfacet
facet normal 0.0 0.0 0.0
  outer loop
    vertex -20.79937744140625 -50.53683090209961 9.000003814697266
    vertex -19.552139282226562 -51.05345153808594 9.000003814697266
    vertex -19.475317001342773 -50.800201416015625 9.000003814697266
  endloop
endfacet
facet normal 0.0 0.0 0.0
  outer loop
    vertex -20.79937744140625 -50.53683090209961 7.500003814697266
    vertex -19.475318908691406 -50.800209045410156 7.500003814697266
    vertex -19.552141189575195 -51.05345916748047 7.500003814697266
  endloop
endfacet
facet normal 0.0 0.0 0.0
  outer loop
    vertex -20.79937744140625 -50.53683090209961 9.000003814697266
    vertex -19.475317001342773 -50.800201416015625 9.000003814697266
    vertex -19.449377059936523 -50.53683090209961 9.000003814697266
  endloop
endfacet
facet normal 0.0 0.0 0.0
  outer loop
    vertex -20.79937744140625 -50.53683090209961 7.500003814697266
    vertex -19.449377059936523 -50.536834716796875 7.500003814697266
    vertex -19.475318908691406 -50.800209045410156 7.500003814697266
  endloop
endfacet
facet normal 0.0 0.0 0.0
  outer loop
    vertex -20.79937744140625 -50.53683090209961 9.000003814697266
    vertex -19.449377059936523 -50.53683090209961 9.000003814697266
    vertex -19.475317001342773 -50.273460388183594 9.000003814697266
  endloop
endfacet
facet normal 0.0 0.0 0.0
  outer loop
    vertex -20.79937744140625 -50.53683090209961 7.500003814697266
    vertex -19.475317001342773 -50.27346420288086 7.500003814697266
    vertex -19.449377059936523 -50.536834716796875 7.500003814697266
  endloop
endfacet
facet normal 0.0 0.0 0.0
  outer loop
    vertex -20.79937744140625 -50.53683090209961 9.000003814697266
    vertex -19.475317001342773 -50.273460388183594 9.000003814697266
    vertex -19.552141189575195 -50.02021026611328 9.000003814697266
  endloop
endfacet
facet normal 0.0 0.0 0.0
  outer loop
    vertex -20.79937744140625 -50.53683090209961 7.500003814697266
    vertex -19.55213737487793 -50.02021789550781 7.500003814697266
    vertex -19.475317001342773 -50.27346420288086 7.500003814697266
  endloop
endfacet
facet normal 0.0 0.0 0.0
  outer loop
    vertex -20.79937744140625 -50.53683090209961 9.000003814697266
    vertex -19.552141189575195 -50.02021026611328 9.000003814697266
    vertex -19.676895141601562 -49.78681182861328 9.000003814697266
  endloop
endfacet
facet normal 0.0 0.0 0.0
  outer loop
    vertex -20.79937744140625 -50.53683090209961 7.500003814697266
    vertex -19.676889419555664 -49.78681945800781 7.500003814697266
    vertex -19.55213737487793 -50.02021789550781 7.500003814697266
  endloop
endfacet
facet normal 0.0 0.0 0.0
  outer loop
    vertex -20.79937744140625 -50.53683090209961 9.000003814697266
    vertex -19.676895141601562 -49.78681182861328 9.000003814697266
    vertex -19.844783782958984 -49.582237243652344 9.000003814697266
  endloop
endfacet
facet normal 0.0 0.0 0.0
  outer loop
    vertex -20.79937744140625 -50.53683090209961 7.500003814697266
    vertex -19.844778060913086 -49.582244873046875 7.500003814697266
    vertex -19.676889419555664 -49.78681945800781 7.500003814697266
  endloop
endfacet
facet normal 0.0 0.0 0.0
  outer loop
    vertex -20.79937744140625 -50.53683090209961 9.000003814697266
    vertex -19.844783782958984 -49.582237243652344 9.000003814697266
    vertex -20.049358367919922 -49.41434860229492 9.000003814697266
  endloop
endfacet
facet normal 0.0 0.0 0.0
  outer loop
    vertex -20.79937744140625 -50.53683090209961 7.500003814697266
    vertex -20.04935073852539 -49.41435241699219 7.500003814697266
    vertex -19.844778060913086 -49.582244873046875 7.500003814697266
  endloop
endfacet
facet normal 0.0 0.0 0.0
  outer loop
    vertex -20.79937744140625 -50.53683090209961 9.000003814697266
    vertex -20.049358367919922 -49.41434860229492 9.000003814697266
    vertex -20.282756805419922 -49.28959655761719 9.000003814697266
  endloop
endfacet
facet normal 0.0 0.0 0.0
  outer loop
    vertex -20.79937744140625 -50.53683090209961 7.500003814697266
    vertex -20.282747268676758 -49.28959655761719 7.500003814697266
    vertex -20.04935073852539 -49.41435241699219 7.500003814697266
  endloop
endfacet
facet normal 0.0 0.0 0.0
  outer loop
    vertex -20.79937744140625 -50.53683090209961 9.000003814697266
    vertex -20.282756805419922 -49.28959655761719 9.000003814697266
    vertex -20.536006927490234 -49.212772369384766 9.000003814697266
  endloop
endfacet
facet normal 0.0 0.0 0.0
  outer loop
    vertex -20.79937744140625 -50.53683090209961 7.500003814697266
    vertex -20.53599739074707 -49.21277618408203 7.500003814697266
    vertex -20.282747268676758 -49.28959655761719 7.500003814697266
  endloop
endfacet
facet normal 0.0 0.0 0.0
  outer loop
    vertex -20.79937744140625 -50.53683090209961 9.000003814697266
    vertex -20.536006927490234 -49.212772369384766 9.000003814697266
    vertex -20.799379348754883 -49.186832427978516 9.000003814697266
  endloop
endfacet
facet normal 0.0 0.0 0.0
  outer loop
    vertex -20.79937744140625 -50.53683090209961 7.500003814697266
    vertex -20.799367904663086 -49.186832427978516 7.500003814697266
    vertex -20.53599739074707 -49.21277618408203 7.500003814697266
  endloop
endfacet
facet normal 0.0 0.0 0.0
  outer loop
    vertex -20.79937744140625 -50.53683090209961 9.000003814697266
    vertex -20.799379348754883 -49.186832427978516 9.000003814697266
    vertex -21.06275177001953 -49.212772369384766 9.000003814697266
  endloop
endfacet
facet normal 0.0 0.0 0.0
  outer loop
    vertex -20.79937744140625 -50.53683090209961 7.500003814697266
    vertex -21.062740325927734 -49.2127685546875 7.500003814697266
    vertex -20.799367904663086 -49.186832427978516 7.500003814697266
  endloop
endfacet
facet normal 0.0 0.0 0.0
  outer loop
    vertex -20.79937744140625 -50.53683090209961 9.000003814697266
    vertex -21.06275177001953 -49.212772369384766 9.000003814697266
    vertex -21.316001892089844 -49.28959655761719 9.000003814697266
  endloop
endfacet
facet normal 0.0 0.0 0.0
  outer loop
    vertex -20.79937744140625 -50.53683090209961 7.500003814697266
    vertex -21.315990447998047 -49.289588928222656 7.500003814697266
    vertex -21.062740325927734 -49.2127685546875 7.500003814697266
  endloop
endfacet
facet normal 0.0 0.0 0.0
  outer loop
    vertex -20.79937744140625 -50.53683090209961 9.000003814697266
    vertex -21.316001892089844 -49.28959655761719 9.000003814697266
    vertex -21.54939842224121 -49.41435241699219 9.000003814697266
  endloop
endfacet
facet normal 0.0 0.0 0.0
  outer loop
    vertex -20.79937744140625 -50.53683090209961 7.500003814697266
    vertex -21.549388885498047 -49.414344787597656 7.500003814697266
    vertex -21.315990447998047 -49.289588928222656 7.500003814697266
  endloop
endfacet
facet normal 0.0 0.0 0.0
  outer loop
    vertex -21.54939842224121 -49.41435241699219 9.000003814697266
    vertex -21.753971099853516 -49.582237243652344 9.000003814697266
    vertex -20.79937744140625 -50.53683090209961 9.000003814697266
  endloop
endfacet
facet normal 0.0 0.0 0.0
  outer loop
    vertex -20.79937744140625 -50.53683090209961 7.500003814697266
    vertex -21.75397300720215 -49.58224105834961 7.500003814697266
    vertex -21.549388885498047 -49.414344787597656 7.500003814697266
  endloop
endfacet
facet normal 0.0 0.0 0.0
  outer loop
    vertex -21.753971099853516 -49.582237243652344 9.000003814697266
    vertex -21.75397300720215 -49.58224105834961 7.500003814697266
    vertex -21.921863555908203 -49.78681564331055 7.500003814697266
  endloop
endfacet
facet normal 0.0 0.0 0.0
  outer loop
    vertex -21.753971099853516 -49.582237243652344 9.000003814697266
    vertex -21.921863555908203 -49.78681564331055 7.500003814697266
    vertex -21.92186164855957 -49.78681182861328 9.000003814697266
  endloop
endfacet
facet normal 0.0 0.0 0.0
  outer loop
    vertex -21.92186164855957 -49.78681182861328 9.000003814697266
    vertex -21.921863555908203 -49.78681564331055 7.500003814697266
    vertex -22.046615600585938 -50.02021408081055 7.500003814697266
  endloop
endfacet
facet normal 0.0 0.0 0.0
  outer loop
    vertex -21.92186164855957 -49.78681182861328 9.000003814697266
    vertex -22.046615600585938 -50.02021408081055 7.500003814697266
    vertex -22.046613693237305 -50.02021026611328 9.000003814697266
  endloop
endfacet
facet normal 0.0 0.0 0.0
  outer loop
    vertex -22.046613693237305 -50.02021026611328 9.000003814697266
    vertex -22.046615600585938 -50.02021408081055 7.500003814697266
    vertex -22.123437881469727 -50.273460388183594 7.500003814697266
  endloop
endfacet
facet normal 0.0 0.0 0.0
  outer loop
    vertex -22.046613693237305 -50.02021026611328 9.000003814697266
    vertex -22.123437881469727 -50.273460388183594 7.500003814697266
    vertex -22.123437881469727 -50.273460388183594 9.000003814697266
  endloop
endfacet
facet normal 0.0 0.0 0.0
  outer loop
    vertex -22.123437881469727 -50.273460388183594 9.000003814697266
    vertex -22.123437881469727 -50.273460388183594 7.500003814697266
    vertex -22.149377822875977 -50.536834716796875 7.500003814697266
  endloop
endfacet
facet normal 0.0 0.0 0.0
  outer loop
    vertex -22.123437881469727 -50.273460388183594 9.000003814697266
    vertex -22.149377822875977 -50.536834716796875 7.500003814697266
    vertex -22.149377822875977 -50.53683090209961 9.000003814697266
  endloop
endfacet
facet normal 0.0 0.0 0.0
  outer loop
    vertex -22.149377822875977 -50.53683090209961 9.000003814697266
    vertex -22.149377822875977 -50.536834716796875 7.500003814697266
    vertex -22.123435974121094 -50.800209045410156 7.500003814697266
  endloop
endfacet
facet normal 0.0 0.0 0.0
  outer loop
    vertex -22.149377822875977 -50.53683090209961 9.000003814697266
    vertex -22.123435974121094 -50.800209045410156 7.500003814697266
    vertex -22.123437881469727 -50.800201416015625 9.000003814697266
  endloop
endfacet
facet normal 0.0 0.0 0.0
  outer loop
    vertex -22.123437881469727 -50.800201416015625 9.000003814697266
    vertex -22.123435974121094 -50.800209045410156 7.500003814697266
    vertex -22.046613693237305 -51.05345916748047 7.500003814697266
  endloop
endfacet
facet normal 0.0 0.0 0.0
  outer loop
    vertex -22.123437881469727 -50.800201416015625 9.000003814697266
    vertex -22.046613693237305 -51.05345916748047 7.500003814697266
    vertex -22.046613693237305 -51.0534553527832 9.000003814697266
  endloop
endfacet
facet normal 0.0 0.0 0.0
  outer loop
    vertex -22.046613693237305 -51.0534553527832 9.000003814697266
    vertex -22.046613693237305 -51.05345916748047 7.500003814697266
    vertex -21.921859741210938 -51.2868537902832 7.500003814697266
  endloop
endfacet
facet normal 0.0 0.0 0.0
  outer loop
    vertex -22.046613693237305 -51.0534553527832 9.000003814697266
    vertex -21.921859741210938 -51.2868537902832 7.500003814697266
    vertex -21.92186164855957 -51.28684997558594 9.000003814697266
  endloop
endfacet
facet normal 0.0 0.0 0.0
  outer loop
    vertex -21.92186164855957 -51.28684997558594 9.000003814697266
    vertex -21.921859741210938 -51.2868537902832 7.500003814697266
    vertex -21.753971099853516 -51.491424560546875 7.500003814697266
  endloop
endfacet
facet normal 0.0 0.0 0.0
  outer loop
    vertex -21.92186164855957 -51.28684997558594 9.000003814697266
    vertex -21.753971099853516 -51.491424560546875 7.500003814697266
    vertex -21.753971099853516 -51.491424560546875 9.000003814697266
  endloop
endfacet
facet normal 0.0 0.0 0.0
  outer loop
    vertex -21.753971099853516 -51.491424560546875 9.000003814697266
    vertex -21.753971099853516 -51.491424560546875 7.500003814697266
    vertex -21.549396514892578 -51.65931701660156 7.500003814697266
  endloop
endfacet
facet normal 0.0 0.0 0.0
  outer loop
    vertex -21.753971099853516 -51.491424560546875 9.000003814697266
    vertex -21.549396514892578 -51.65931701660156 7.500003814697266
    vertex -21.549396514892578 -51.65931701660156 9.000003814697266
  endloop
endfacet
facet normal 0.0 0.0 0.0
  outer loop
    vertex -21.549396514892578 -51.65931701660156 9.000003814697266
    vertex -21.549396514892578 -51.65931701660156 7.500003814697266
    vertex -21.31599998474121 -51.7840690612793 7.500003814697266
  endloop
endfacet
facet normal 0.0 0.0 0.0
  outer loop
    vertex -21.549396514892578 -51.65931701660156 9.000003814697266
    vertex -21.31599998474121 -51.7840690612793 7.500003814697266
    vertex -21.31599998474121 -51.7840690612793 9.000003814697266
  endloop
endfacet
facet normal 0.0 0.0 0.0
  outer loop
    vertex -21.31599998474121 -51.7840690612793 9.000003814697266
    vertex -21.31599998474121 -51.7840690612793 7.500003814697266
    vertex -21.0627498626709 -51.86089324951172 7.500003814697266
  endloop
endfacet
facet normal 0.0 0.0 0.0
  outer loop
    vertex -21.31599998474121 -51.7840690612793 9.000003814697266
    vertex -21.0627498626709 -51.86089324951172 7.500003814697266
    vertex -21.0627498626709 -51.86089324951172 9.000003814697266
  endloop
endfacet
facet normal 0.0 0.0 0.0
  outer loop
    vertex -21.0627498626709 -51.86089324951172 9.000003814697266
    vertex -21.0627498626709 -51.86089324951172 7.500003814697266
    vertex -20.79937744140625 -51.88683319091797 7.500003814697266
  endloop
endfacet
facet normal 0.0 0.0 0.0
  outer loop
    vertex -21.0627498626709 -51.86089324951172 9.000003814697266
    vertex -20.79937744140625 -51.88683319091797 7.500003814697266
    vertex -20.79937744140625 -51.88683319091797 9.000003814697266
  endloop
endfacet
facet normal 0.0 0.0 0.0
  outer loop
    vertex -20.79937744140625 -51.88683319091797 9.000003814697266
    vertex -20.79937744140625 -51.88683319091797 7.500003814697266
    vertex -20.536006927490234 -51.86089324951172 7.500003814697266
  endloop
endfacet
facet normal 0.0 0.0 0.0
  outer loop
    vertex -20.79937744140625 -51.88683319091797 9.000003814697266
    vertex -20.536006927490234 -51.86089324951172 7.500003814697266
    vertex -20.5360050201416 -51.86089324951172 9.000003814697266
  endloop
endfacet
facet normal 0.0 0.0 0.0
  outer loop
    vertex -20.5360050201416 -51.86089324951172 9.000003814697266
    vertex -20.536006927490234 -51.86089324951172 7.500003814697266
    vertex -20.282756805419922 -51.7840690612793 7.500003814697266
  endloop
endfacet
facet normal 0.0 0.0 0.0
  outer loop
    vertex -20.5360050201416 -51.86089324951172 9.000003814697266
    vertex -20.282756805419922 -51.7840690612793 7.500003814697266
    vertex -20.28275489807129 -51.7840690612793 9.000003814697266
  endloop
endfacet
facet normal 0.0 0.0 0.0
  outer loop
    vertex -20.28275489807129 -51.7840690612793 9.000003814697266
    vertex -20.282756805419922 -51.7840690612793 7.500003814697266
    vertex -20.049360275268555 -51.65931701660156 7.500003814697266
  endloop
endfacet
facet normal 0.0 0.0 0.0
  outer loop
    vertex -20.28275489807129 -51.7840690612793 9.000003814697266
    vertex -20.049360275268555 -51.65931701660156 7.500003814697266
    vertex -20.04935646057129 -51.65931701660156 9.000003814697266
  endloop
endfacet
facet normal 0.0 0.0 0.0
  outer loop
    vertex -20.04935646057129 -51.65931701660156 9.000003814697266
    vertex -20.049360275268555 -51.65931701660156 7.500003814697266
    vertex -19.844785690307617 -51.49142837524414 7.500003814697266
  endloop
endfacet
facet normal 0.0 0.0 0.0
  outer loop
    vertex -20.04935646057129 -51.65931701660156 9.000003814697266
    vertex -19.844785690307617 -51.49142837524414 7.500003814697266
    vertex -19.84478187561035 -51.491424560546875 9.000003814697266
  endloop
endfacet
facet normal 0.0 0.0 0.0
  outer loop
    vertex -19.84478187561035 -51.491424560546875 9.000003814697266
    vertex -19.844785690307617 -51.49142837524414 7.500003814697266
    vertex -19.676895141601562 -51.2868537902832 7.500003814697266
  endloop
endfacet
facet normal 0.0 0.0 0.0
  outer loop
    vertex -19.84478187561035 -51.491424560546875 9.000003814697266
    vertex -19.676895141601562 -51.2868537902832 7.500003814697266
    vertex -19.67689323425293 -51.28684997558594 9.000003814697266
  endloop
endfacet
facet normal 0.0 0.0 0.0
  outer loop
    vertex -19.67689323425293 -51.28684997558594 9.000003814697266
    vertex -19.676895141601562 -51.2868537902832 7.500003814697266
    vertex -19.552141189575195 -51.05345916748047 7.500003814697266
  endloop
endfacet
facet normal 0.0 0.0 0.0
  outer loop
    vertex -19.67689323425293 -51.28684997558594 9.000003814697266
    vertex -19.552141189575195 -51.05345916748047 7.500003814697266
    vertex -19.552139282226562 -51.05345153808594 9.000003814697266
  endloop
endfacet
facet normal 0.0 0.0 0.0
  outer loop
    vertex -19.552139282226562 -51.05345153808594 9.000003814697266
    vertex -19.552141189575195 -51.05345916748047 7.500003814697266
    vertex -19.475318908691406 -50.800209045410156 7.500003814697266
  endloop
endfacet
facet normal 0.0 0.0 0.0
  outer loop
    vertex -19.552139282226562 -51.05345153808594 9.000003814697266
    vertex -19.475318908691406 -50.800209045410156 7.500003814697266
    vertex -19.475317001342773 -50.800201416015625 9.000003814697266
  endloop
endfacet
facet normal 0.0 0.0 0.0
  outer loop
    vertex -19.475317001342773 -50.800201416015625 9.000003814697266
    vertex -19.475318908691406 -50.800209045410156 7.500003814697266
    vertex -19.449377059936523 -50.536834716796875 7.500003814697266
  endloop
endfacet
facet normal 0.0 0.0 0.0
  outer loop
    vertex -19.475317001342773 -50.800201416015625 9.000003814697266
    vertex -19.449377059936523 -50.536834716796875 7.500003814697266
    vertex -19.449377059936523 -50.53683090209961 9.000003814697266
  endloop
endfacet
facet normal 0.0 0.0 0.0
  outer loop
    vertex -19.449377059936523 -50.53683090209961 9.000003814697266
    vertex -19.449377059936523 -50.536834716796875 7.500003814697266
    vertex -19.475317001342773 -50.27346420288086 7.500003814697266
  endloop
endfacet
facet normal 0.0 0.0 0.0
  outer loop
    vertex -19.449377059936523 -50.53683090209961 9.000003814697266
    vertex -19.475317001342773 -50.27346420288086 7.500003814697266
    vertex -19.475317001342773 -50.273460388183594 9.000003814697266
  endloop
endfacet
facet normal 0.0 0.0 0.0
  outer loop
    vertex -19.475317001342773 -50.273460388183594 9.000003814697266
    vertex -19.475317001342773 -50.27346420288086 7.500003814697266
    vertex -19.55213737487793 -50.02021789550781 7.500003814697266
  endloop
endfacet
facet normal 0.0 0.0 0.0
  outer loop
    vertex -19.475317001342773 -50.273460388183594 9.000003814697266
    vertex -19.55213737487793 -50.02021789550781 7.500003814697266
    vertex -19.552141189575195 -50.02021026611328 9.000003814697266
  endloop
endfacet
facet normal 0.0 0.0 0.0
  outer loop
    vertex -19.552141189575195 -50.02021026611328 9.000003814697266
    vertex -19.55213737487793 -50.02021789550781 7.500003814697266
    vertex -19.676889419555664 -49.78681945800781 7.500003814697266
  endloop
endfacet
facet normal 0.0 0.0 0.0
  outer loop
    vertex -19.552141189575195 -50.02021026611328 9.000003814697266
    vertex -19.676889419555664 -49.78681945800781 7.500003814697266
    vertex -19.676895141601562 -49.78681182861328 9.000003814697266
  endloop
endfacet
facet normal 0.0 0.0 0.0
  outer loop
    vertex -19.676895141601562 -49.78681182861328 9.000003814697266
    vertex -19.676889419555664 -49.78681945800781 7.500003814697266
    vertex -19.844778060913086 -49.582244873046875 7.500003814697266
  endloop
endfacet
facet normal 0.0 0.0 0.0
  outer loop
    vertex -19.676895141601562 -49.78681182861328 9.000003814697266
    vertex -19.844778060913086 -49.582244873046875 7.500003814697266
    vertex -19.844783782958984 -49.582237243652344 9.000003814697266
  endloop
endfacet
facet normal 0.0 0.0 0.0
  outer loop
    vertex -19.844783782958984 -49.582237243652344 9.000003814697266
    vertex -19.844778060913086 -49.582244873046875 7.500003814697266
    vertex -20.04935073852539 -49.41435241699219 7.500003814697266
  endloop
endfacet
facet normal 0.0 0.0 0.0
  outer loop
    vertex -19.844783782958984 -49.582237243652344 9.000003814697266
    vertex -20.04935073852539 -49.41435241699219 7.500003814697266
    vertex -20.049358367919922 -49.41434860229492 9.000003814697266
  endloop
endfacet
facet normal 0.0 0.0 0.0
  outer loop
    vertex -20.049358367919922 -49.41434860229492 9.000003814697266
    vertex -20.04935073852539 -49.41435241699219 7.500003814697266
    vertex -20.282747268676758 -49.28959655761719 7.500003814697266
  endloop
endfacet
facet normal 0.0 0.0 0.0
  outer loop
    vertex -20.049358367919922 -49.41434860229492 9.000003814697266
    vertex -20.282747268676758 -49.28959655761719 7.500003814697266
    vertex -20.282756805419922 -49.28959655761719 9.000003814697266
  endloop
endfacet
facet normal 0.0 0.0 0.0
  outer loop
    vertex -20.282756805419922 -49.28959655761719 9.000003814697266
    vertex -20.282747268676758 -49.28959655761719 7.500003814697266
    vertex -20.53599739074707 -49.21277618408203 7.500003814697266
  endloop
endfacet
facet normal 0.0 0.0 0.0
  outer loop
    vertex -20.282756805419922 -49.28959655761719 9.000003814697266
    vertex -20.53599739074707 -49.21277618408203 7.500003814697266
    vertex -20.536006927490234 -49.212772369384766 9.000003814697266
  endloop
endfacet
facet normal 0.0 0.0 0.0
  outer loop
    vertex -20.536006927490234 -49.212772369384766 9.000003814697266
    vertex -20.53599739074707 -49.21277618408203 7.500003814697266
    vertex -20.799367904663086 -49.186832427978516 7.500003814697266
  endloop
endfacet
facet normal 0.0 0.0 0.0
  outer loop
    vertex -20.536006927490234 -49.212772369384766 9.000003814697266
    vertex -20.799367904663086 -49.186832427978516 7.500003814697266
    vertex -20.799379348754883 -49.186832427978516 9.000003814697266
  endloop
endfacet
facet normal 0.0 0.0 0.0
  outer loop
    vertex -20.799379348754883 -49.186832427978516 9.000003814697266
    vertex -20.799367904663086 -49.186832427978516 7.500003814697266
    vertex -21.062740325927734 -49.2127685546875 7.500003814697266
  endloop
endfacet
facet normal 0.0 0.0 0.0
  outer loop
    vertex -20.799379348754883 -49.186832427978516 9.000003814697266
    vertex -21.062740325927734 -49.2127685546875 7.500003814697266
    vertex -21.06275177001953 -49.212772369384766 9.000003814697266
  endloop
endfacet
facet normal 0.0 0.0 0.0
  outer loop
    vertex -21.06275177001953 -49.212772369384766 9.000003814697266
    vertex -21.062740325927734 -49.2127685546875 7.500003814697266
    vertex -21.315990447998047 -49.289588928222656 7.500003814697266
  endloop
endfacet
facet normal 0.0 0.0 0.0
  outer loop
    vertex -21.06275177001953 -49.212772369384766 9.000003814697266
    vertex -21.315990447998047 -49.289588928222656 7.500003814697266
    vertex -21.316001892089844 -49.28959655761719 9.000003814697266
  endloop
endfacet
facet normal 0.0 0.0 0.0
  outer loop
    vertex -21.316001892089844 -49.28959655761719 9.000003814697266
    vertex -21.315990447998047 -49.289588928222656 7.500003814697266
    vertex -21.549388885498047 -49.414344787597656 7.500003814697266
  endloop
endfacet
facet normal 0.0 0.0 0.0
  outer loop
    vertex -21.316001892089844 -49.28959655761719 9.000003814697266
    vertex -21.549388885498047 -49.414344787597656 7.500003814697266
    vertex -21.54939842224121 -49.41435241699219 9.000003814697266
  endloop
endfacet
facet normal 0.0 0.0 0.0
  outer loop
    vertex -21.75397300720215 -49.58224105834961 7.500003814697266
    vertex -21.753971099853516 -49.582237243652344 9.000003814697266
    vertex -21.54939842224121 -49.41435241699219 9.000003814697266
  endloop
endfacet
facet normal 0.0 0.0 0.0
  outer loop
    vertex -21.75397300720215 -49.58224105834961 7.500003814697266
    vertex -21.54939842224121 -49.41435241699219 9.000003814697266
    vertex -21.549388885498047 -49.414344787597656 7.500003814697266
  endloop
endfacet
facet normal 0.0 0.0 0.0
  outer loop
    vertex 8.299320220947266 -76.4173355102539 0.0
    vertex 79.29931640625 -50.417335510253906 0.0
    vertex 79.29931640625 -76.4173355102539 0.0
  endloop
endfacet
facet normal 0.0 0.0 0.0
  outer loop
    vertex 8.299320220947266 -76.4173355102539 0.0
    vertex 8.299320220947266 -50.417335510253906 0.0
    vertex 79.29931640625 -50.417335510253906 0.0
  endloop
endfacet
facet normal 0.0 0.0 0.0
  outer loop
    vertex 8.299320220947266 -76.4173355102539 0.0
    vertex 8.299320220947266 -50.417335510253906 2.0
    vertex 8.299320220947266 -50.417335510253906 0.0
  endloop
endfacet
facet normal 0.0 0.0 0.0
  outer loop
    vertex 8.299320220947266 -76.4173355102539 0.0
    vertex 8.299320220947266 -76.4173355102539 2.0
    vertex 8.299320220947266 -50.417335510253906 2.0
  endloop
endfacet
facet normal 0.0 0.0 0.0
  outer loop
    vertex 8.299320220947266 -50.417335510253906 0.0
    vertex 79.29931640625 -50.417335510253906 2.0
    vertex 79.29931640625 -50.417335510253906 0.0
  endloop
endfacet
facet normal 0.0 0.0 0.0
  outer loop
    vertex 8.299320220947266 -50.417335510253906 0.0
    vertex 8.299320220947266 -50.417335510253906 2.0
    vertex 79.29931640625 -50.417335510253906 2.0
  endloop
endfacet
facet normal 0.0 0.0 0.0
  outer loop
    vertex 79.29931640625 -76.4173355102539 0.0
    vertex 79.29931640625 -50.417335510253906 0.0
    vertex 79.29931640625 -50.417335510253906 2.0
  endloop
endfacet
facet normal 0.0 0.0 0.0
  outer loop
    vertex 79.29931640625 -76.4173355102539 0.0
    vertex 79.29931640625 -50.417335510253906 2.0
    vertex 79.29931640625 -76.4173355102539 2.0
  endloop
endfacet
facet normal 0.0 0.0 0.0
  outer loop
    vertex 8.299320220947266 -76.4173355102539 0.0
    vertex 79.29931640625 -76.4173355102539 0.0
    vertex 79.29931640625 -76.4173355102539 2.0
  endloop
endfacet
facet normal 0.0 0.0 0.0
  outer loop
    vertex 8.299320220947266 -76.4173355102539 0.0
    vertex 79.29931640625 -76.4173355102539 2.0
    vertex 8.299320220947266 -76.4173355102539 2.0
  endloop
endfacet
facet normal 0.0 0.0 0.0
  outer loop
    vertex 8.299320220947266 -76.4173355102539 2.0
    vertex 79.29931640625 -76.4173355102539 2.0
    vertex 79.29931640625 -50.417335510253906 2.0
  endloop
endfacet
facet normal 0.0 0.0 0.0
  outer loop
    vertex 8.299320220947266 -76.4173355102539 2.0
    vertex 79.29931640625 -50.417335510253906 2.0
    vertex 8.299320220947266 -50.417335510253906 2.0
  endloop
endfacet
facet normal 0.0 0.0 0.0
  outer loop
    vertex 8.299320220947266 -78.4173355102539 0.0
    vertex 23.299320220947266 -76.4173355102539 0.0
    vertex 23.299320220947266 -78.4173355102539 0.0
  endloop
endfacet
facet normal 0.0 0.0 0.0
  outer loop
    vertex 8.299320220947266 -78.4173355102539 0.0
    vertex 8.299320220947266 -76.4173355102539 0.0
    vertex 23.299320220947266 -76.4173355102539 0.0
  endloop
endfacet
facet normal 0.0 0.0 0.0
  outer loop
    vertex 8.299320220947266 -78.4173355102539 0.0
    vertex 8.299320220947266 -76.4173355102539 2.0
    vertex 8.299320220947266 -76.4173355102539 0.0
  endloop
endfacet
facet normal 0.0 0.0 0.0
  outer loop
    vertex 8.299320220947266 -78.4173355102539 0.0
    vertex 8.299320220947266 -78.4173355102539 2.0
    vertex 8.299320220947266 -76.4173355102539 2.0
  endloop
endfacet
facet normal 0.0 0.0 0.0
  outer loop
    vertex 8.299320220947266 -76.4173355102539 0.0
    vertex 23.299320220947266 -76.4173355102539 2.0
    vertex 23.299320220947266 -76.4173355102539 0.0
  endloop
endfacet
facet normal 0.0 0.0 0.0
  outer loop
    vertex 8.299320220947266 -76.4173355102539 0.0
    vertex 8.299320220947266 -76.4173355102539 2.0
    vertex 23.299320220947266 -76.4173355102539 2.0
  endloop
endfacet
facet normal 0.0 0.0 0.0
  outer loop
    vertex 23.299320220947266 -78.4173355102539 0.0
    vertex 23.299320220947266 -76.4173355102539 0.0
    vertex 23.299320220947266 -76.4173355102539 2.0
  endloop
endfacet
facet normal 0.0 0.0 0.0
  outer loop
    vertex 23.299320220947266 -78.4173355102539 0.0
    vertex 23.299320220947266 -76.4173355102539 2.0
    vertex 23.299320220947266 -78.4173355102539 2.0
  endloop
endfacet
facet normal 0.0 0.0 0.0
  outer loop
    vertex 8.299320220947266 -78.4173355102539 0.0
    vertex 23.299320220947266 -78.4173355102539 0.0
    vertex 23.299320220947266 -78.4173355102539 2.0
  endloop
endfacet
facet normal 0.0 0.0 0.0
  outer loop
    vertex 8.299320220947266 -78.4173355102539 0.0
    vertex 23.299320220947266 -78.4173355102539 2.0
    vertex 8.299320220947266 -78.4173355102539 2.0
  endloop
endfacet
facet normal 0.0 0.0 0.0
  outer loop
    vertex 8.299320220947266 -78.4173355102539 2.0
    vertex 23.299320220947266 -78.4173355102539 2.0
    vertex 23.299320220947266 -76.4173355102539 2.0
  endloop
endfacet
facet normal 0.0 0.0 0.0
  outer loop
    vertex 8.299320220947266 -78.4173355102539 2.0
    vertex 23.299320220947266 -76.4173355102539 2.0
    vertex 8.299320220947266 -76.4173355102539 2.0
  endloop
endfacet
facet normal 0.0 0.0 0.0
  outer loop
    vertex 64.29931640625 -78.4173355102539 0.0
    vertex 79.29931640625 -76.4173355102539 0.0
    vertex 79.29931640625 -78.4173355102539 0.0
  endloop
endfacet
facet normal 0.0 0.0 0.0
  outer loop
    vertex 64.29931640625 -78.4173355102539 0.0
    vertex 64.29931640625 -76.4173355102539 0.0
    vertex 79.29931640625 -76.4173355102539 0.0
  endloop
endfacet
facet normal 0.0 0.0 0.0
  outer loop
    vertex 64.29931640625 -78.4173355102539 0.0
    vertex 64.29931640625 -76.4173355102539 2.0
    vertex 64.29931640625 -76.4173355102539 0.0
  endloop
endfacet
facet normal 0.0 0.0 0.0
  outer loop
    vertex 64.29931640625 -78.4173355102539 0.0
    vertex 64.29931640625 -78.4173355102539 2.0
    vertex 64.29931640625 -76.4173355102539 2.0
  endloop
endfacet
facet normal 0.0 0.0 0.0
  outer loop
    vertex 64.29931640625 -76.4173355102539 0.0
    vertex 79.29931640625 -76.4173355102539 2.0
    vertex 79.29931640625 -76.4173355102539 0.0
  endloop
endfacet
facet normal 0.0 0.0 0.0
  outer loop
    vertex 64.29931640625 -76.4173355102539 0.0
    vertex 64.29931640625 -76.4173355102539 2.0
    vertex 79.29931640625 -76.4173355102539 2.0
  endloop
endfacet
facet normal 0.0 0.0 0.0
  outer loop
    vertex 79.29931640625 -78.4173355102539 0.0
    vertex 79.29931640625 -76.4173355102539 0.0
    vertex 79.29931640625 -76.4173355102539 2.0
  endloop
endfacet
facet normal 0.0 0.0 0.0
  outer loop
    vertex 79.29931640625 -78.4173355102539 0.0
    vertex 79.29931640625 -76.4173355102539 2.0
    vertex 79.29931640625 -78.4173355102539 2.0
  endloop
endfacet
facet normal 0.0 0.0 0.0
  outer loop
    vertex 64.29931640625 -78.4173355102539 0.0
    vertex 79.29931640625 -78.4173355102539 0.0
    vertex 79.29931640625 -78.4173355102539 2.0
  endloop
endfacet
facet normal 0.0 0.0 0.0
  outer loop
    vertex 64.29931640625 -78.4173355102539 0.0
    vertex 79.29931640625 -78.4173355102539 2.0
    vertex 64.29931640625 -78.4173355102539 2.0
  endloop
endfacet
facet normal 0.0 0.0 0.0
  outer loop
    vertex 64.29931640625 -78.4173355102539 2.0
    vertex 79.29931640625 -78.4173355102539 2.0
    vertex 79.29931640625 -76.4173355102539 2.0
  endloop
endfacet
facet normal 0.0 0.0 0.0
  outer loop
    vertex 64.29931640625 -78.4173355102539 2.0
    vertex 79.29931640625 -76.4173355102539 2.0
    vertex 64.29931640625 -76.4173355102539 2.0
  endloop
endfacet
facet normal 0.0 0.0 0.0
  outer loop
    vertex 8.299320220947266 -50.417335510253906 0.0
    vertex 23.299320220947266 -48.417335510253906 0.0
    vertex 23.299320220947266 -50.417335510253906 0.0
  endloop
endfacet
facet normal 0.0 0.0 0.0
  outer loop
    vertex 8.299320220947266 -50.417335510253906 0.0
    vertex 8.299320220947266 -48.417335510253906 0.0
    vertex 23.299320220947266 -48.417335510253906 0.0
  endloop
endfacet
facet normal 0.0 0.0 0.0
  outer loop
    vertex 8.299320220947266 -50.417335510253906 0.0
    vertex 8.299320220947266 -48.417335510253906 2.0
    vertex 8.299320220947266 -48.417335510253906 0.0
  endloop
endfacet
facet normal 0.0 0.0 0.0
  outer loop
    vertex 8.299320220947266 -50.417335510253906 0.0
    vertex 8.299320220947266 -50.417335510253906 2.0
    vertex 8.299320220947266 -48.417335510253906 2.0
  endloop
endfacet
facet normal 0.0 0.0 0.0
  outer loop
    vertex 8.299320220947266 -48.417335510253906 0.0
    vertex 23.299320220947266 -48.417335510253906 2.0
    vertex 23.299320220947266 -48.417335510253906 0.0
  endloop
endfacet
facet normal 0.0 0.0 0.0
  outer loop
    vertex 8.299320220947266 -48.417335510253906 0.0
    vertex 8.299320220947266 -48.417335510253906 2.0
    vertex 23.299320220947266 -48.417335510253906 2.0
  endloop
endfacet
facet normal 0.0 0.0 0.0
  outer loop
    vertex 23.299320220947266 -50.417335510253906 0.0
    vertex 23.299320220947266 -48.417335510253906 0.0
    vertex 23.299320220947266 -48.417335510253906 2.0
  endloop
endfacet
facet normal 0.0 0.0 0.0
  outer loop
    vertex 23.299320220947266 -50.417335510253906 0.0
    vertex 23.299320220947266 -48.417335510253906 2.0
    vertex 23.299320220947266 -50.417335510253906 2.0
  endloop
endfacet
facet normal 0.0 0.0 0.0
  outer loop
    vertex 8.299320220947266 -50.417335510253906 0.0
    vertex 23.299320220947266 -50.417335510253906 0.0
    vertex 23.299320220947266 -50.417335510253906 2.0
  endloop
endfacet
facet normal 0.0 0.0 0.0
  outer loop
    vertex 8.299320220947266 -50.417335510253906 0.0
    vertex 23.299320220947266 -50.417335510253906 2.0
    vertex 8.299320220947266 -50.417335510253906 2.0
  endloop
endfacet
facet normal 0.0 0.0 0.0
  outer loop
    vertex 8.299320220947266 -50.417335510253906 2.0
    vertex 23.299320220947266 -50.417335510253906 2.0
    vertex 23.299320220947266 -48.417335510253906 2.0
  endloop
endfacet
facet normal 0.0 0.0 0.0
  outer loop
    vertex 8.299320220947266 -50.417335510253906 2.0
    vertex 23.299320220947266 -48.417335510253906 2.0
    vertex 8.299320220947266 -48.417335510253906 2.0
  endloop
endfacet
facet normal 0.0 0.0 0.0
  outer loop
    vertex 64.29931640625 -50.417335510253906 0.0
    vertex 79.29931640625 -48.417335510253906 0.0
    vertex 79.29931640625 -50.417335510253906 0.0
  endloop
endfacet
facet normal 0.0 0.0 0.0
  outer loop
    vertex 64.29931640625 -50.417335510253906 0.0
    vertex 64.29931640625 -48.417335510253906 0.0
    vertex 79.29931640625 -48.417335510253906 0.0
  endloop
endfacet
facet normal 0.0 0.0 0.0
  outer loop
    vertex 64.29931640625 -50.417335510253906 0.0
    vertex 64.29931640625 -48.417335510253906 2.0
    vertex 64.29931640625 -48.417335510253906 0.0
  endloop
endfacet
facet normal 0.0 0.0 0.0
  outer loop
    vertex 64.29931640625 -50.417335510253906 0.0
    vertex 64.29931640625 -50.417335510253906 2.0
    vertex 64.29931640625 -48.417335510253906 2.0
  endloop
endfacet
facet normal 0.0 0.0 0.0
  outer loop
    vertex 64.29931640625 -48.417335510253906 0.0
    vertex 79.29931640625 -48.417335510253906 2.0
    vertex 79.29931640625 -48.417335510253906 0.0
  endloop
endfacet
facet normal 0.0 0.0 0.0
  outer loop
    vertex 64.29931640625 -48.417335510253906 0.0
    vertex 64.29931640625 -48.417335510253906 2.0
    vertex 79.29931640625 -48.417335510253906 2.0
  endloop
endfacet
facet normal 0.0 0.0 0.0
  outer loop
    vertex 79.29931640625 -50.417335510253906 0.0
    vertex 79.29931640625 -48.417335510253906 0.0
    vertex 79.29931640625 -48.417335510253906 2.0
  endloop
endfacet
facet normal 0.0 0.0 0.0
  outer loop
    vertex 79.29931640625 -50.417335510253906 0.0
    vertex 79.29931640625 -48.417335510253906 2.0
    vertex 79.29931640625 -50.417335510253906 2.0
  endloop
endfacet
facet normal 0.0 0.0 0.0
  outer loop
    vertex 64.29931640625 -50.417335510253906 0.0
    vertex 79.29931640625 -50.417335510253906 0.0
    vertex 79.29931640625 -50.417335510253906 2.0
  endloop
endfacet
facet normal 0.0 0.0 0.0
  outer loop
    vertex 64.29931640625 -50.417335510253906 0.0
    vertex 79.29931640625 -50.417335510253906 2.0
    vertex 64.29931640625 -50.417335510253906 2.0
  endloop
endfacet
facet normal 0.0 0.0 0.0
  outer loop
    vertex 64.29931640625 -50.417335510253906 2.0
    vertex 79.29931640625 -50.417335510253906 2.0
    vertex 79.29931640625 -48.417335510253906 2.0
  endloop
endfacet
facet normal 0.0 0.0 0.0
  outer loop
    vertex 64.29931640625 -50.417335510253906 2.0
    vertex 79.29931640625 -48.417335510253906 2.0
    vertex 64.29931640625 -48.417335510253906 2.0
  endloop
endfacet
facet normal 0.0 0.0 0.0
  outer loop
    vertex -57.589454650878906 -19.710128784179688 1.9999985694885254
    vertex -57.589454650878906 -17.710128784179688 -1.1920928955078125e-06
    vertex -57.589454650878906 -19.710128784179688 -1.1920928955078125e-06
  endloop
endfacet
facet normal 0.0 0.0 0.0
  outer loop
    vertex -57.589454650878906 -19.710128784179688 1.9999985694885254
    vertex -57.589454650878906 -17.710128784179688 1.9999985694885254
    vertex -57.589454650878906 -17.710128784179688 -1.1920928955078125e-06
  endloop
endfacet
facet normal 0.0 0.0 0.0
  outer loop
    vertex -57.589454650878906 -19.710128784179688 1.9999985694885254
    vertex -46.089454650878906 -17.710128784179688 1.9999988079071045
    vertex -57.589454650878906 -17.710128784179688 1.9999985694885254
  endloop
endfacet
facet normal 0.0 0.0 0.0
  outer loop
    vertex -57.589454650878906 -19.710128784179688 1.9999985694885254
    vertex -46.089454650878906 -19.710128784179688 1.9999988079071045
    vertex -46.089454650878906 -17.710128784179688 1.9999988079071045
  endloop
endfacet
facet normal 0.0 0.0 0.0
  outer loop
    vertex -57.589454650878906 -17.710128784179688 1.9999985694885254
    vertex -46.089454650878906 -17.710128784179688 -8.344650268554688e-07
    vertex -57.589454650878906 -17.710128784179688 -1.1920928955078125e-06
  endloop
endfacet
facet normal 0.0 0.0 0.0
  outer loop
    vertex -57.589454650878906 -17.710128784179688 1.9999985694885254
    vertex -46.089454650878906 -17.710128784179688 1.9999988079071045
    vertex -46.089454650878906 -17.710128784179688 -8.344650268554688e-07
  endloop
endfacet
facet normal 0.0 0.0 0.0
  outer loop
    vertex -57.589454650878906 -19.710128784179688 -1.1920928955078125e-06
    vertex -57.589454650878906 -17.710128784179688 -1.1920928955078125e-06
    vertex -46.089454650878906 -17.710128784179688 -8.344650268554688e-07
  endloop
endfacet
facet normal 0.0 0.0 0.0
  outer loop
    vertex -57.589454650878906 -19.710128784179688 -1.1920928955078125e-06
    vertex -46.089454650878906 -17.710128784179688 -8.344650268554688e-07
    vertex -46.089454650878906 -19.710128784179688 -8.344650268554688e-07
  endloop
endfacet
facet normal 0.0 0.0 0.0
  outer loop
    vertex -57.589454650878906 -19.710128784179688 1.9999985694885254
    vertex -57.589454650878906 -19.710128784179688 -1.1920928955078125e-06
    vertex -46.089454650878906 -19.710128784179688 -8.344650268554688e-07
  endloop
endfacet
facet normal 0.0 0.0 0.0
  outer loop
    vertex -57.589454650878906 -19.710128784179688 1.9999985694885254
    vertex -46.089454650878906 -19.710128784179688 -8.344650268554688e-07
    vertex -46.089454650878906 -19.710128784179688 1.9999988079071045
  endloop
endfacet
facet normal 0.0 0.0 0.0
  outer loop
    vertex -46.089454650878906 -19.710128784179688 1.9999988079071045
    vertex -46.089454650878906 -19.710128784179688 -8.344650268554688e-07
    vertex -46.089454650878906 -17.710128784179688 -8.344650268554688e-07
  endloop
endfacet
facet normal 0.0 0.0 0.0
  outer loop
    vertex -46.089454650878906 -19.710128784179688 1.9999988079071045
    vertex -46.089454650878906 -17.710128784179688 -8.344650268554688e-07
    vertex -46.089454650878906 -17.710128784179688 1.9999988079071045
  endloop
endfacet
facet normal 0.0 0.0 0.0
  outer loop
    vertex -84.0894546508789 -19.710128784179688 1.999997854232788
    vertex -84.0894546508789 -17.710128784179688 -1.8477439880371094e-06
    vertex -84.0894546508789 -19.710128784179688 -1.8477439880371094e-06
  endloop
endfacet
facet normal 0.0 0.0 0.0
  outer loop
    vertex -84.0894546508789 -19.710128784179688 1.999997854232788
    vertex -84.0894546508789 -17.710128784179688 1.999997854232788
    vertex -84.0894546508789 -17.710128784179688 -1.8477439880371094e-06
  endloop
endfacet
facet normal 0.0 0.0 0.0
  outer loop
    vertex -84.0894546508789 -19.710128784179688 1.999997854232788
    vertex -72.5894546508789 -17.710128784179688 1.9999982118606567
    vertex -84.0894546508789 -17.710128784179688 1.999997854232788
  endloop
endfacet
facet normal 0.0 0.0 0.0
  outer loop
    vertex -84.0894546508789 -19.710128784179688 1.999997854232788
    vertex -72.5894546508789 -19.710128784179688 1.9999982118606567
    vertex -72.5894546508789 -17.710128784179688 1.9999982118606567
  endloop
endfacet
facet normal 0.0 0.0 0.0
  outer loop
    vertex -84.0894546508789 -17.710128784179688 1.999997854232788
    vertex -72.5894546508789 -17.710128784179688 -1.6093254089355469e-06
    vertex -84.0894546508789 -17.710128784179688 -1.8477439880371094e-06
  endloop
endfacet
facet normal 0.0 0.0 0.0
  outer loop
    vertex -84.0894546508789 -17.710128784179688 1.999997854232788
    vertex -72.5894546508789 -17.710128784179688 1.9999982118606567
    vertex -72.5894546508789 -17.710128784179688 -1.6093254089355469e-06
  endloop
endfacet
facet normal 0.0 0.0 0.0
  outer loop
    vertex -84.0894546508789 -19.710128784179688 -1.8477439880371094e-06
    vertex -84.0894546508789 -17.710128784179688 -1.8477439880371094e-06
    vertex -72.5894546508789 -17.710128784179688 -1.6093254089355469e-06
  endloop
endfacet
facet normal 0.0 0.0 0.0
  outer loop
    vertex -84.0894546508789 -19.710128784179688 -1.8477439880371094e-06
    vertex -72.5894546508789 -17.710128784179688 -1.6093254089355469e-06
    vertex -72.5894546508789 -19.710128784179688 -1.6093254089355469e-06
  endloop
endfacet
facet normal 0.0 0.0 0.0
  outer loop
    vertex -84.0894546508789 -19.710128784179688 1.999997854232788
    vertex -84.0894546508789 -19.710128784179688 -1.8477439880371094e-06
    vertex -72.5894546508789 -19.710128784179688 -1.6093254089355469e-06
  endloop
endfacet
facet normal 0.0 0.0 0.0
  outer loop
    vertex -84.0894546508789 -19.710128784179688 1.999997854232788
    vertex -72.5894546508789 -19.710128784179688 -1.6093254089355469e-06
    vertex -72.5894546508789 -19.710128784179688 1.9999982118606567
  endloop
endfacet
facet normal 0.0 0.0 0.0
  outer loop
    vertex -72.5894546508789 -19.710128784179688 1.9999982118606567
    vertex -72.5894546508789 -19.710128784179688 -1.6093254089355469e-06
    vertex -72.5894546508789 -17.710128784179688 -1.6093254089355469e-06
  endloop
endfacet
facet normal 0.0 0.0 0.0
  outer loop
    vertex -72.5894546508789 -19.710128784179688 1.9999982118606567
    vertex -72.5894546508789 -17.710128784179688 -1.6093254089355469e-06
    vertex -72.5894546508789 -17.710128784179688 1.9999982118606567
  endloop
endfacet
facet normal 0.0 0.0 0.0
  outer loop
    vertex -84.0894546508789 -17.710128784179688 1.999997854232788
    vertex -84.0894546508789 1.289872169494629 -1.8477439880371094e-06
    vertex -84.0894546508789 -17.710128784179688 -1.8477439880371094e-06
  endloop
endfacet
facet normal 0.0 0.0 0.0
  outer loop
    vertex -84.0894546508789 -17.710128784179688 1.999997854232788
    vertex -84.0894546508789 1.289872169494629 1.999997854232788
    vertex -84.0894546508789 1.289872169494629 -1.8477439880371094e-06
  endloop
endfacet
facet normal 0.0 0.0 0.0
  outer loop
    vertex -84.0894546508789 -17.710128784179688 1.999997854232788
    vertex -46.089454650878906 1.289872169494629 1.9999988079071045
    vertex -84.0894546508789 1.289872169494629 1.999997854232788
  endloop
endfacet
facet normal 0.0 0.0 0.0
  outer loop
    vertex -84.0894546508789 -17.710128784179688 1.999997854232788
    vertex -46.089454650878906 -17.710128784179688 1.9999988079071045
    vertex -46.089454650878906 1.289872169494629 1.9999988079071045
  endloop
endfacet
facet normal 0.0 0.0 0.0
  outer loop
    vertex -84.0894546508789 1.289872169494629 1.999997854232788
    vertex -46.089454650878906 1.289872169494629 -8.344650268554688e-07
    vertex -84.0894546508789 1.289872169494629 -1.8477439880371094e-06
  endloop
endfacet
facet normal 0.0 0.0 0.0
  outer loop
    vertex -84.0894546508789 1.289872169494629 1.999997854232788
    vertex -46.089454650878906 1.289872169494629 1.9999988079071045
    vertex -46.089454650878906 1.289872169494629 -8.344650268554688e-07
  endloop
endfacet
facet normal 0.0 0.0 0.0
  outer loop
    vertex -84.0894546508789 -17.710128784179688 -1.8477439880371094e-06
    vertex -84.0894546508789 1.289872169494629 -1.8477439880371094e-06
    vertex -46.089454650878906 1.289872169494629 -8.344650268554688e-07
  endloop
endfacet
facet normal 0.0 0.0 0.0
  outer loop
    vertex -84.0894546508789 -17.710128784179688 -1.8477439880371094e-06
    vertex -46.089454650878906 1.289872169494629 -8.344650268554688e-07
    vertex -46.089454650878906 -17.710128784179688 -8.344650268554688e-07
  endloop
endfacet
facet normal 0.0 0.0 0.0
  outer loop
    vertex -84.0894546508789 -17.710128784179688 1.999997854232788
    vertex -84.0894546508789 -17.710128784179688 -1.8477439880371094e-06
    vertex -46.089454650878906 -17.710128784179688 -8.344650268554688e-07
  endloop
endfacet
facet normal 0.0 0.0 0.0
  outer loop
    vertex -84.0894546508789 -17.710128784179688 1.999997854232788
    vertex -46.089454650878906 -17.710128784179688 -8.344650268554688e-07
    vertex -46.089454650878906 -17.710128784179688 1.9999988079071045
  endloop
endfacet
facet normal 0.0 0.0 0.0
  outer loop
    vertex -46.089454650878906 -17.710128784179688 1.9999988079071045
    vertex -46.089454650878906 -17.710128784179688 -8.344650268554688e-07
    vertex -46.089454650878906 1.289872169494629 -8.344650268554688e-07
  endloop
endfacet
facet normal 0.0 0.0 0.0
  outer loop
    vertex -46.089454650878906 -17.710128784179688 1.9999988079071045
    vertex -46.089454650878906 1.289872169494629 -8.344650268554688e-07
    vertex -46.089454650878906 1.289872169494629 1.9999988079071045
  endloop
endfacet
facet normal 0.0 0.0 0.0
  outer loop
    vertex -84.0894546508789 6.289872169494629 1.999997854232788
    vertex -84.0894546508789 10.289872169494629 -1.8477439880371094e-06
    vertex -84.0894546508789 6.289872169494629 -1.8477439880371094e-06
  endloop
endfacet
facet normal 0.0 0.0 0.0
  outer loop
    vertex -84.0894546508789 6.289872169494629 1.999997854232788
    vertex -84.0894546508789 10.289872169494629 1.999997854232788
    vertex -84.0894546508789 10.289872169494629 -1.8477439880371094e-06
  endloop
endfacet
facet normal 0.0 0.0 0.0
  outer loop
    vertex -84.0894546508789 6.289872169494629 1.999997854232788
    vertex -46.089454650878906 10.289872169494629 1.9999988079071045
    vertex -84.0894546508789 10.289872169494629 1.999997854232788
  endloop
endfacet
facet normal 0.0 0.0 0.0
  outer loop
    vertex -84.0894546508789 6.289872169494629 1.999997854232788
    vertex -46.089454650878906 6.289872169494629 1.9999988079071045
    vertex -46.089454650878906 10.289872169494629 1.9999988079071045
  endloop
endfacet
facet normal 0.0 0.0 0.0
  outer loop
    vertex -84.0894546508789 10.289872169494629 1.999997854232788
    vertex -46.089454650878906 10.289872169494629 -8.344650268554688e-07
    vertex -84.0894546508789 10.289872169494629 -1.8477439880371094e-06
  endloop
endfacet
facet normal 0.0 0.0 0.0
  outer loop
    vertex -84.0894546508789 10.289872169494629 1.999997854232788
    vertex -46.089454650878906 10.289872169494629 1.9999988079071045
    vertex -46.089454650878906 10.289872169494629 -8.344650268554688e-07
  endloop
endfacet
facet normal 0.0 0.0 0.0
  outer loop
    vertex -84.0894546508789 6.289872169494629 -1.8477439880371094e-06
    vertex -84.0894546508789 10.289872169494629 -1.8477439880371094e-06
    vertex -46.089454650878906 10.289872169494629 -8.344650268554688e-07
  endloop
endfacet
facet normal 0.0 0.0 0.0
  outer loop
    vertex -84.0894546508789 6.289872169494629 -1.8477439880371094e-06
    vertex -46.089454650878906 10.289872169494629 -8.344650268554688e-07
    vertex -46.089454650878906 6.289872169494629 -8.344650268554688e-07
  endloop
endfacet
facet normal 0.0 0.0 0.0
  outer loop
    vertex -84.0894546508789 6.289872169494629 1.999997854232788
    vertex -84.0894546508789 6.289872169494629 -1.8477439880371094e-06
    vertex -46.089454650878906 6.289872169494629 -8.344650268554688e-07
  endloop
endfacet
facet normal 0.0 0.0 0.0
  outer loop
    vertex -84.0894546508789 6.289872169494629 1.999997854232788
    vertex -46.089454650878906 6.289872169494629 -8.344650268554688e-07
    vertex -46.089454650878906 6.289872169494629 1.9999988079071045
  endloop
endfacet
facet normal 0.0 0.0 0.0
  outer loop
    vertex -46.089454650878906 6.289872169494629 1.9999988079071045
    vertex -46.089454650878906 6.289872169494629 -8.344650268554688e-07
    vertex -46.089454650878906 10.289872169494629 -8.344650268554688e-07
  endloop
endfacet
facet normal 0.0 0.0 0.0
  outer loop
    vertex -46.089454650878906 6.289872169494629 1.9999988079071045
    vertex -46.089454650878906 10.289872169494629 -8.344650268554688e-07
    vertex -46.089454650878906 10.289872169494629 1.9999988079071045
  endloop
endfacet
facet normal 0.0 0.0 0.0
  outer loop
    vertex -54.589454650878906 1.289872169494629 1.9999985694885254
    vertex -54.589454650878906 6.289872169494629 -1.0728836059570312e-06
    vertex -54.589454650878906 1.289872169494629 -1.0728836059570312e-06
  endloop
endfacet
facet normal 0.0 0.0 0.0
  outer loop
    vertex -54.589454650878906 1.289872169494629 1.9999985694885254
    vertex -54.589454650878906 6.289872169494629 1.9999985694885254
    vertex -54.589454650878906 6.289872169494629 -1.0728836059570312e-06
  endloop
endfacet
facet normal 0.0 0.0 0.0
  outer loop
    vertex -54.589454650878906 1.289872169494629 1.9999985694885254
    vertex -46.089454650878906 6.289872169494629 1.9999988079071045
    vertex -54.589454650878906 6.289872169494629 1.9999985694885254
  endloop
endfacet
facet normal 0.0 0.0 0.0
  outer loop
    vertex -54.589454650878906 1.289872169494629 1.9999985694885254
    vertex -46.089454650878906 1.289872169494629 1.9999988079071045
    vertex -46.089454650878906 6.289872169494629 1.9999988079071045
  endloop
endfacet
facet normal 0.0 0.0 0.0
  outer loop
    vertex -54.589454650878906 6.289872169494629 1.9999985694885254
    vertex -46.089454650878906 6.289872169494629 -8.344650268554688e-07
    vertex -54.589454650878906 6.289872169494629 -1.0728836059570312e-06
  endloop
endfacet
facet normal 0.0 0.0 0.0
  outer loop
    vertex -54.589454650878906 6.289872169494629 1.9999985694885254
    vertex -46.089454650878906 6.289872169494629 1.9999988079071045
    vertex -46.089454650878906 6.289872169494629 -8.344650268554688e-07
  endloop
endfacet
facet normal 0.0 0.0 0.0
  outer loop
    vertex -54.589454650878906 1.289872169494629 -1.0728836059570312e-06
    vertex -54.589454650878906 6.289872169494629 -1.0728836059570312e-06
    vertex -46.089454650878906 6.289872169494629 -8.344650268554688e-07
  endloop
endfacet
facet normal 0.0 0.0 0.0
  outer loop
    vertex -54.589454650878906 1.289872169494629 -1.0728836059570312e-06
    vertex -46.089454650878906 6.289872169494629 -8.344650268554688e-07
    vertex -46.089454650878906 1.289872169494629 -8.344650268554688e-07
  endloop
endfacet
facet normal 0.0 0.0 0.0
  outer loop
    vertex -54.589454650878906 1.289872169494629 1.9999985694885254
    vertex -54.589454650878906 1.289872169494629 -1.0728836059570312e-06
    vertex -46.089454650878906 1.289872169494629 -8.344650268554688e-07
  endloop
endfacet
facet normal 0.0 0.0 0.0
  outer loop
    vertex -54.589454650878906 1.289872169494629 1.9999985694885254
    vertex -46.089454650878906 1.289872169494629 -8.344650268554688e-07
    vertex -46.089454650878906 1.289872169494629 1.9999988079071045
  endloop
endfacet
facet normal 0.0 0.0 0.0
  outer loop
    vertex -46.089454650878906 1.289872169494629 1.9999988079071045
    vertex -46.089454650878906 1.289872169494629 -8.344650268554688e-07
    vertex -46.089454650878906 6.289872169494629 -8.344650268554688e-07
  endloop
endfacet
facet normal 0.0 0.0 0.0
  outer loop
    vertex -46.089454650878906 1.289872169494629 1.9999988079071045
    vertex -46.089454650878906 6.289872169494629 -8.344650268554688e-07
    vertex -46.089454650878906 6.289872169494629 1.9999988079071045
  endloop
endfacet
facet normal 0.0 0.0 0.0
  outer loop
    vertex -84.0894546508789 1.289872169494629 1.999997854232788
    vertex -84.0894546508789 6.289872169494629 -1.8477439880371094e-06
    vertex -84.0894546508789 1.289872169494629 -1.8477439880371094e-06
  endloop
endfacet
facet normal 0.0 0.0 0.0
  outer loop
    vertex -84.0894546508789 1.289872169494629 1.999997854232788
    vertex -84.0894546508789 6.289872169494629 1.999997854232788
    vertex -84.0894546508789 6.289872169494629 -1.8477439880371094e-06
  endloop
endfacet
facet normal 0.0 0.0 0.0
  outer loop
    vertex -84.0894546508789 1.289872169494629 1.999997854232788
    vertex -75.5894546508789 6.289872169494629 1.9999980926513672
    vertex -84.0894546508789 6.289872169494629 1.999997854232788
  endloop
endfacet
facet normal 0.0 0.0 0.0
  outer loop
    vertex -84.0894546508789 1.289872169494629 1.999997854232788
    vertex -75.5894546508789 1.289872169494629 1.9999980926513672
    vertex -75.5894546508789 6.289872169494629 1.9999980926513672
  endloop
endfacet
facet normal 0.0 0.0 0.0
  outer loop
    vertex -84.0894546508789 6.289872169494629 1.999997854232788
    vertex -75.5894546508789 6.289872169494629 -1.6093254089355469e-06
    vertex -84.0894546508789 6.289872169494629 -1.8477439880371094e-06
  endloop
endfacet
facet normal 0.0 0.0 0.0
  outer loop
    vertex -84.0894546508789 6.289872169494629 1.999997854232788
    vertex -75.5894546508789 6.289872169494629 1.9999980926513672
    vertex -75.5894546508789 6.289872169494629 -1.6093254089355469e-06
  endloop
endfacet
facet normal 0.0 0.0 0.0
  outer loop
    vertex -84.0894546508789 1.289872169494629 -1.8477439880371094e-06
    vertex -84.0894546508789 6.289872169494629 -1.8477439880371094e-06
    vertex -75.5894546508789 6.289872169494629 -1.6093254089355469e-06
  endloop
endfacet
facet normal 0.0 0.0 0.0
  outer loop
    vertex -84.0894546508789 1.289872169494629 -1.8477439880371094e-06
    vertex -75.5894546508789 6.289872169494629 -1.6093254089355469e-06
    vertex -75.5894546508789 1.289872169494629 -1.6093254089355469e-06
  endloop
endfacet
facet normal 0.0 0.0 0.0
  outer loop
    vertex -84.0894546508789 1.289872169494629 1.999997854232788
    vertex -84.0894546508789 1.289872169494629 -1.8477439880371094e-06
    vertex -75.5894546508789 1.289872169494629 -1.6093254089355469e-06
  endloop
endfacet
facet normal 0.0 0.0 0.0
  outer loop
    vertex -84.0894546508789 1.289872169494629 1.999997854232788
    vertex -75.5894546508789 1.289872169494629 -1.6093254089355469e-06
    vertex -75.5894546508789 1.289872169494629 1.9999980926513672
  endloop
endfacet
facet normal 0.0 0.0 0.0
  outer loop
    vertex -75.5894546508789 1.289872169494629 1.9999980926513672
    vertex -75.5894546508789 1.289872169494629 -1.6093254089355469e-06
    vertex -75.5894546508789 6.289872169494629 -1.6093254089355469e-06
  endloop
endfacet
facet normal 0.0 0.0 0.0
  outer loop
    vertex -75.5894546508789 1.289872169494629 1.9999980926513672
    vertex -75.5894546508789 6.289872169494629 -1.6093254089355469e-06
    vertex -75.5894546508789 6.289872169494629 1.9999980926513672
  endloop
endfacet
facet normal 0.0 0.0 0.0
  outer loop
    vertex -73.0614013671875 27.324249267578125 -1.8477439880371094e-06
    vertex -73.0614013671875 29.324249267578125 1.9999979734420776
    vertex -73.0614013671875 27.324249267578125 1.9999979734420776
  endloop
endfacet
facet normal 0.0 0.0 0.0
  outer loop
    vertex -73.0614013671875 27.324249267578125 -1.8477439880371094e-06
    vertex -73.0614013671875 29.324249267578125 -1.8477439880371094e-06
    vertex -73.0614013671875 29.324249267578125 1.9999979734420776
  endloop
endfacet
facet normal 0.0 0.0 0.0
  outer loop
    vertex -73.0614013671875 27.324249267578125 -1.8477439880371094e-06
    vertex -84.5614013671875 29.324249267578125 -1.4901161193847656e-06
    vertex -73.0614013671875 29.324249267578125 -1.8477439880371094e-06
  endloop
endfacet
facet normal 0.0 0.0 0.0
  outer loop
    vertex -73.0614013671875 27.324249267578125 -1.8477439880371094e-06
    vertex -84.5614013671875 27.324249267578125 -1.4901161193847656e-06
    vertex -84.5614013671875 29.324249267578125 -1.4901161193847656e-06
  endloop
endfacet
facet normal 0.0 0.0 0.0
  outer loop
    vertex -73.0614013671875 29.324249267578125 -1.8477439880371094e-06
    vertex -84.5614013671875 29.324249267578125 1.9999982118606567
    vertex -73.0614013671875 29.324249267578125 1.9999979734420776
  endloop
endfacet
facet normal 0.0 0.0 0.0
  outer loop
    vertex -73.0614013671875 29.324249267578125 -1.8477439880371094e-06
    vertex -84.5614013671875 29.324249267578125 -1.4901161193847656e-06
    vertex -84.5614013671875 29.324249267578125 1.9999982118606567
  endloop
endfacet
facet normal 0.0 0.0 0.0
  outer loop
    vertex -73.0614013671875 27.324249267578125 1.9999979734420776
    vertex -73.0614013671875 29.324249267578125 1.9999979734420776
    vertex -84.5614013671875 29.324249267578125 1.9999982118606567
  endloop
endfacet
facet normal 0.0 0.0 0.0
  outer loop
    vertex -73.0614013671875 27.324249267578125 1.9999979734420776
    vertex -84.5614013671875 29.324249267578125 1.9999982118606567
    vertex -84.5614013671875 27.324249267578125 1.9999982118606567
  endloop
endfacet
facet normal 0.0 0.0 0.0
  outer loop
    vertex -73.0614013671875 27.324249267578125 -1.8477439880371094e-06
    vertex -73.0614013671875 27.324249267578125 1.9999979734420776
    vertex -84.5614013671875 27.324249267578125 1.9999982118606567
  endloop
endfacet
facet normal 0.0 0.0 0.0
  outer loop
    vertex -73.0614013671875 27.324249267578125 -1.8477439880371094e-06
    vertex -84.5614013671875 27.324249267578125 1.9999982118606567
    vertex -84.5614013671875 27.324249267578125 -1.4901161193847656e-06
  endloop
endfacet
facet normal 0.0 0.0 0.0
  outer loop
    vertex -84.5614013671875 27.324249267578125 -1.4901161193847656e-06
    vertex -84.5614013671875 27.324249267578125 1.9999982118606567
    vertex -84.5614013671875 29.324249267578125 1.9999982118606567
  endloop
endfacet
facet normal 0.0 0.0 0.0
  outer loop
    vertex -84.5614013671875 27.324249267578125 -1.4901161193847656e-06
    vertex -84.5614013671875 29.324249267578125 1.9999982118606567
    vertex -84.5614013671875 29.324249267578125 -1.4901161193847656e-06
  endloop
endfacet
facet normal 0.0 0.0 0.0
  outer loop
    vertex -46.5614013671875 27.324249267578125 -2.5033950805664062e-06
    vertex -46.5614013671875 29.324249267578125 1.9999971389770508
    vertex -46.5614013671875 27.324249267578125 1.9999971389770508
  endloop
endfacet
facet normal 0.0 0.0 0.0
  outer loop
    vertex -46.5614013671875 27.324249267578125 -2.5033950805664062e-06
    vertex -46.5614013671875 29.324249267578125 -2.5033950805664062e-06
    vertex -46.5614013671875 29.324249267578125 1.9999971389770508
  endloop
endfacet
facet normal 0.0 0.0 0.0
  outer loop
    vertex -46.5614013671875 27.324249267578125 -2.5033950805664062e-06
    vertex -58.0614013671875 29.324249267578125 -2.2649765014648438e-06
    vertex -46.5614013671875 29.324249267578125 -2.5033950805664062e-06
  endloop
endfacet
facet normal 0.0 0.0 0.0
  outer loop
    vertex -46.5614013671875 27.324249267578125 -2.5033950805664062e-06
    vertex -58.0614013671875 27.324249267578125 -2.2649765014648438e-06
    vertex -58.0614013671875 29.324249267578125 -2.2649765014648438e-06
  endloop
endfacet
facet normal 0.0 0.0 0.0
  outer loop
    vertex -46.5614013671875 29.324249267578125 -2.5033950805664062e-06
    vertex -58.0614013671875 29.324249267578125 1.999997615814209
    vertex -46.5614013671875 29.324249267578125 1.9999971389770508
  endloop
endfacet
facet normal 0.0 0.0 0.0
  outer loop
    vertex -46.5614013671875 29.324249267578125 -2.5033950805664062e-06
    vertex -58.0614013671875 29.324249267578125 -2.2649765014648438e-06
    vertex -58.0614013671875 29.324249267578125 1.999997615814209
  endloop
endfacet
facet normal 0.0 0.0 0.0
  outer loop
    vertex -46.5614013671875 27.324249267578125 1.9999971389770508
    vertex -46.5614013671875 29.324249267578125 1.9999971389770508
    vertex -58.0614013671875 29.324249267578125 1.999997615814209
  endloop
endfacet
facet normal 0.0 0.0 0.0
  outer loop
    vertex -46.5614013671875 27.324249267578125 1.9999971389770508
    vertex -58.0614013671875 29.324249267578125 1.999997615814209
    vertex -58.0614013671875 27.324249267578125 1.999997615814209
  endloop
endfacet
facet normal 0.0 0.0 0.0
  outer loop
    vertex -46.5614013671875 27.324249267578125 -2.5033950805664062e-06
    vertex -46.5614013671875 27.324249267578125 1.9999971389770508
    vertex -58.0614013671875 27.324249267578125 1.999997615814209
  endloop
endfacet
facet normal 0.0 0.0 0.0
  outer loop
    vertex -46.5614013671875 27.324249267578125 -2.5033950805664062e-06
    vertex -58.0614013671875 27.324249267578125 1.999997615814209
    vertex -58.0614013671875 27.324249267578125 -2.2649765014648438e-06
  endloop
endfacet
facet normal 0.0 0.0 0.0
  outer loop
    vertex -58.0614013671875 27.324249267578125 -2.2649765014648438e-06
    vertex -58.0614013671875 27.324249267578125 1.999997615814209
    vertex -58.0614013671875 29.324249267578125 1.999997615814209
  endloop
endfacet
facet normal 0.0 0.0 0.0
  outer loop
    vertex -58.0614013671875 27.324249267578125 -2.2649765014648438e-06
    vertex -58.0614013671875 29.324249267578125 1.999997615814209
    vertex -58.0614013671875 29.324249267578125 -2.2649765014648438e-06
  endloop
endfacet
facet normal 0.0 0.0 0.0
  outer loop
    vertex -46.5614013671875 29.324249267578125 -2.5033950805664062e-06
    vertex -46.5614013671875 41.824249267578125 1.9999971389770508
    vertex -46.5614013671875 29.324249267578125 1.9999971389770508
  endloop
endfacet
facet normal 0.0 0.0 0.0
  outer loop
    vertex -46.5614013671875 29.324249267578125 -2.5033950805664062e-06
    vertex -46.5614013671875 41.824249267578125 -2.5033950805664062e-06
    vertex -46.5614013671875 41.824249267578125 1.9999971389770508
  endloop
endfacet
facet normal 0.0 0.0 0.0
  outer loop
    vertex -46.5614013671875 29.324249267578125 -2.5033950805664062e-06
    vertex -84.5614013671875 41.824249267578125 -1.4901161193847656e-06
    vertex -46.5614013671875 41.824249267578125 -2.5033950805664062e-06
  endloop
endfacet
facet normal 0.0 0.0 0.0
  outer loop
    vertex -46.5614013671875 29.324249267578125 -2.5033950805664062e-06
    vertex -84.5614013671875 29.324249267578125 -1.4901161193847656e-06
    vertex -84.5614013671875 41.824249267578125 -1.4901161193847656e-06
  endloop
endfacet
facet normal 0.0 0.0 0.0
  outer loop
    vertex -46.5614013671875 41.824249267578125 -2.5033950805664062e-06
    vertex -84.5614013671875 41.824249267578125 1.9999982118606567
    vertex -46.5614013671875 41.824249267578125 1.9999971389770508
  endloop
endfacet
facet normal 0.0 0.0 0.0
  outer loop
    vertex -46.5614013671875 41.824249267578125 -2.5033950805664062e-06
    vertex -84.5614013671875 41.824249267578125 -1.4901161193847656e-06
    vertex -84.5614013671875 41.824249267578125 1.9999982118606567
  endloop
endfacet
facet normal 0.0 0.0 0.0
  outer loop
    vertex -46.5614013671875 29.324249267578125 1.9999971389770508
    vertex -46.5614013671875 41.824249267578125 1.9999971389770508
    vertex -84.5614013671875 41.824249267578125 1.9999982118606567
  endloop
endfacet
facet normal 0.0 0.0 0.0
  outer loop
    vertex -46.5614013671875 29.324249267578125 1.9999971389770508
    vertex -84.5614013671875 41.824249267578125 1.9999982118606567
    vertex -84.5614013671875 29.324249267578125 1.9999982118606567
  endloop
endfacet
facet normal 0.0 0.0 0.0
  outer loop
    vertex -46.5614013671875 29.324249267578125 -2.5033950805664062e-06
    vertex -46.5614013671875 29.324249267578125 1.9999971389770508
    vertex -84.5614013671875 29.324249267578125 1.9999982118606567
  endloop
endfacet
facet normal 0.0 0.0 0.0
  outer loop
    vertex -46.5614013671875 29.324249267578125 -2.5033950805664062e-06
    vertex -84.5614013671875 29.324249267578125 1.9999982118606567
    vertex -84.5614013671875 29.324249267578125 -1.4901161193847656e-06
  endloop
endfacet
facet normal 0.0 0.0 0.0
  outer loop
    vertex -84.5614013671875 29.324249267578125 -1.4901161193847656e-06
    vertex -84.5614013671875 29.324249267578125 1.9999982118606567
    vertex -84.5614013671875 41.824249267578125 1.9999982118606567
  endloop
endfacet
facet normal 0.0 0.0 0.0
  outer loop
    vertex -84.5614013671875 29.324249267578125 -1.4901161193847656e-06
    vertex -84.5614013671875 41.824249267578125 1.9999982118606567
    vertex -84.5614013671875 41.824249267578125 -1.4901161193847656e-06
  endloop
endfacet
facet normal 0.0 0.0 0.0
  outer loop
    vertex 78.9513931274414 -21.109088897705078 0.0
    vertex 61.951393127441406 49.89090347290039 0.0
    vertex 78.9513931274414 49.89090347290039 0.0
  endloop
endfacet
facet normal 0.0 0.0 0.0
  outer loop
    vertex 78.9513931274414 -21.109088897705078 0.0
    vertex 61.951393127441406 -21.109088897705078 0.0
    vertex 61.951393127441406 49.89090347290039 0.0
  endloop
endfacet
facet normal 0.0 0.0 0.0
  outer loop
    vertex 78.9513931274414 -21.109088897705078 0.0
    vertex 61.951393127441406 -21.109088897705078 2.0
    vertex 61.951393127441406 -21.109088897705078 0.0
  endloop
endfacet
facet normal 0.0 0.0 0.0
  outer loop
    vertex 78.9513931274414 -21.109088897705078 0.0
    vertex 78.9513931274414 -21.109088897705078 2.0
    vertex 61.951393127441406 -21.109088897705078 2.0
  endloop
endfacet
facet normal 0.0 0.0 0.0
  outer loop
    vertex 61.951393127441406 -21.109088897705078 0.0
    vertex 61.951393127441406 49.89090347290039 2.0
    vertex 61.951393127441406 49.89090347290039 0.0
  endloop
endfacet
facet normal 0.0 0.0 0.0
  outer loop
    vertex 61.951393127441406 -21.109088897705078 0.0
    vertex 61.951393127441406 -21.109088897705078 2.0
    vertex 61.951393127441406 49.89090347290039 2.0
  endloop
endfacet
facet normal 0.0 0.0 0.0
  outer loop
    vertex 78.9513931274414 49.89090347290039 0.0
    vertex 61.951393127441406 49.89090347290039 0.0
    vertex 61.951393127441406 49.89090347290039 2.0
  endloop
endfacet
facet normal 0.0 0.0 0.0
  outer loop
    vertex 78.9513931274414 49.89090347290039 0.0
    vertex 61.951393127441406 49.89090347290039 2.0
    vertex 78.9513931274414 49.89090347290039 2.0
  endloop
endfacet
facet normal 0.0 0.0 0.0
  outer loop
    vertex 78.9513931274414 -21.109088897705078 0.0
    vertex 78.9513931274414 49.89090347290039 0.0
    vertex 78.9513931274414 49.89090347290039 2.0
  endloop
endfacet
facet normal 0.0 0.0 0.0
  outer loop
    vertex 78.9513931274414 -21.109088897705078 0.0
    vertex 78.9513931274414 49.89090347290039 2.0
    vertex 78.9513931274414 -21.109088897705078 2.0
  endloop
endfacet
facet normal 0.0 0.0 0.0
  outer loop
    vertex 78.9513931274414 -21.109088897705078 2.0
    vertex 78.9513931274414 49.89090347290039 2.0
    vertex 61.951393127441406 49.89090347290039 2.0
  endloop
endfacet
facet normal 0.0 0.0 0.0
  outer loop
    vertex 78.9513931274414 -21.109088897705078 2.0
    vertex 61.951393127441406 49.89090347290039 2.0
    vertex 61.951393127441406 -21.109088897705078 2.0
  endloop
endfacet
facet normal 0.0 0.0 0.0
  outer loop
    vertex 61.951393127441406 -21.109088897705078 0.0
    vertex 52.95139694213867 30.39090347290039 0.0
    vertex 61.951393127441406 30.39090347290039 0.0
  endloop
endfacet
facet normal 0.0 0.0 0.0
  outer loop
    vertex 61.951393127441406 -21.109088897705078 0.0
    vertex 52.951393127441406 -21.109088897705078 0.0
    vertex 52.95139694213867 30.39090347290039 0.0
  endloop
endfacet
facet normal 0.0 0.0 0.0
  outer loop
    vertex 61.951393127441406 -21.109088897705078 0.0
    vertex 52.951393127441406 -21.109088897705078 2.0
    vertex 52.951393127441406 -21.109088897705078 0.0
  endloop
endfacet
facet normal 0.0 0.0 0.0
  outer loop
    vertex 61.951393127441406 -21.109088897705078 0.0
    vertex 61.951393127441406 -21.109088897705078 2.0
    vertex 52.951393127441406 -21.109088897705078 2.0
  endloop
endfacet
facet normal 0.0 0.0 0.0
  outer loop
    vertex 52.951393127441406 -21.109088897705078 0.0
    vertex 52.95139694213867 30.39090347290039 2.0
    vertex 52.95139694213867 30.39090347290039 0.0
  endloop
endfacet
facet normal 0.0 0.0 0.0
  outer loop
    vertex 52.951393127441406 -21.109088897705078 0.0
    vertex 52.951393127441406 -21.109088897705078 2.0
    vertex 52.95139694213867 30.39090347290039 2.0
  endloop
endfacet
facet normal 0.0 0.0 0.0
  outer loop
    vertex 61.951393127441406 30.39090347290039 0.0
    vertex 52.95139694213867 30.39090347290039 0.0
    vertex 52.95139694213867 30.39090347290039 2.0
  endloop
endfacet
facet normal 0.0 0.0 0.0
  outer loop
    vertex 61.951393127441406 30.39090347290039 0.0
    vertex 52.95139694213867 30.39090347290039 2.0
    vertex 61.951393127441406 30.39090347290039 2.0
  endloop
endfacet
facet normal 0.0 0.0 0.0
  outer loop
    vertex 61.951393127441406 -21.109088897705078 0.0
    vertex 61.951393127441406 30.39090347290039 0.0
    vertex 61.951393127441406 30.39090347290039 2.0
  endloop
endfacet
facet normal 0.0 0.0 0.0
  outer loop
    vertex 61.951393127441406 -21.109088897705078 0.0
    vertex 61.951393127441406 30.39090347290039 2.0
    vertex 61.951393127441406 -21.109088897705078 2.0
  endloop
endfacet
facet normal 0.0 0.0 0.0
  outer loop
    vertex 61.951393127441406 -21.109088897705078 2.0
    vertex 61.951393127441406 30.39090347290039 2.0
    vertex 52.95139694213867 30.39090347290039 2.0
  endloop
endfacet
facet normal 0.0 0.0 0.0
  outer loop
    vertex 61.951393127441406 -21.109088897705078 2.0
    vertex 52.95139694213867 30.39090347290039 2.0
    vertex 52.951393127441406 -21.109088897705078 2.0
  endloop
endfacet
facet normal 0.0 0.0 0.0
  outer loop
    vertex 61.951393127441406 41.39090347290039 0.0
    vertex 52.95139694213867 49.89090347290039 0.0
    vertex 61.951393127441406 49.89090347290039 0.0
  endloop
endfacet
facet normal 0.0 0.0 0.0
  outer loop
    vertex 61.951393127441406 41.39090347290039 0.0
    vertex 52.95139694213867 41.39090347290039 0.0
    vertex 52.95139694213867 49.89090347290039 0.0
  endloop
endfacet
facet normal 0.0 0.0 0.0
  outer loop
    vertex 61.951393127441406 41.39090347290039 0.0
    vertex 52.95139694213867 41.39090347290039 2.0
    vertex 52.95139694213867 41.39090347290039 0.0
  endloop
endfacet
facet normal 0.0 0.0 0.0
  outer loop
    vertex 61.951393127441406 41.39090347290039 0.0
    vertex 61.951393127441406 41.39090347290039 2.0
    vertex 52.95139694213867 41.39090347290039 2.0
  endloop
endfacet
facet normal 0.0 0.0 0.0
  outer loop
    vertex 52.95139694213867 41.39090347290039 0.0
    vertex 52.95139694213867 49.89090347290039 2.0
    vertex 52.95139694213867 49.89090347290039 0.0
  endloop
endfacet
facet normal 0.0 0.0 0.0
  outer loop
    vertex 52.95139694213867 41.39090347290039 0.0
    vertex 52.95139694213867 41.39090347290039 2.0
    vertex 52.95139694213867 49.89090347290039 2.0
  endloop
endfacet
facet normal 0.0 0.0 0.0
  outer loop
    vertex 61.951393127441406 49.89090347290039 0.0
    vertex 52.95139694213867 49.89090347290039 0.0
    vertex 52.95139694213867 49.89090347290039 2.0
  endloop
endfacet
facet normal 0.0 0.0 0.0
  outer loop
    vertex 61.951393127441406 49.89090347290039 0.0
    vertex 52.95139694213867 49.89090347290039 2.0
    vertex 61.951393127441406 49.89090347290039 2.0
  endloop
endfacet
facet normal 0.0 0.0 0.0
  outer loop
    vertex 61.951393127441406 41.39090347290039 0.0
    vertex 61.951393127441406 49.89090347290039 0.0
    vertex 61.951393127441406 49.89090347290039 2.0
  endloop
endfacet
facet normal 0.0 0.0 0.0
  outer loop
    vertex 61.951393127441406 41.39090347290039 0.0
    vertex 61.951393127441406 49.89090347290039 2.0
    vertex 61.951393127441406 41.39090347290039 2.0
  endloop
endfacet
facet normal 0.0 0.0 0.0
  outer loop
    vertex 61.951393127441406 41.39090347290039 2.0
    vertex 61.951393127441406 49.89090347290039 2.0
    vertex 52.95139694213867 49.89090347290039 2.0
  endloop
endfacet
facet normal 0.0 0.0 0.0
  outer loop
    vertex 61.951393127441406 41.39090347290039 2.0
    vertex 52.95139694213867 49.89090347290039 2.0
    vertex 52.95139694213867 41.39090347290039 2.0
  endloop
endfacet
facet normal 0.0 0.0 0.0
  outer loop
    vertex 80.9513931274414 -21.109088897705078 0.0
    vertex 78.9513931274414 -6.109091758728027 0.0
    vertex 80.9513931274414 -6.109091758728027 0.0
  endloop
endfacet
facet normal 0.0 0.0 0.0
  outer loop
    vertex 80.9513931274414 -21.109088897705078 0.0
    vertex 78.9513931274414 -21.109088897705078 0.0
    vertex 78.9513931274414 -6.109091758728027 0.0
  endloop
endfacet
facet normal 0.0 0.0 0.0
  outer loop
    vertex 80.9513931274414 -21.109088897705078 0.0
    vertex 78.9513931274414 -21.109088897705078 2.0
    vertex 78.9513931274414 -21.109088897705078 0.0
  endloop
endfacet
facet normal 0.0 0.0 0.0
  outer loop
    vertex 80.9513931274414 -21.109088897705078 0.0
    vertex 80.9513931274414 -21.109088897705078 2.0
    vertex 78.9513931274414 -21.109088897705078 2.0
  endloop
endfacet
facet normal 0.0 0.0 0.0
  outer loop
    vertex 78.9513931274414 -21.109088897705078 0.0
    vertex 78.9513931274414 -6.109091758728027 2.0
    vertex 78.9513931274414 -6.109091758728027 0.0
  endloop
endfacet
facet normal 0.0 0.0 0.0
  outer loop
    vertex 78.9513931274414 -21.109088897705078 0.0
    vertex 78.9513931274414 -21.109088897705078 2.0
    vertex 78.9513931274414 -6.109091758728027 2.0
  endloop
endfacet
facet normal 0.0 0.0 0.0
  outer loop
    vertex 80.9513931274414 -6.109091758728027 0.0
    vertex 78.9513931274414 -6.109091758728027 0.0
    vertex 78.9513931274414 -6.109091758728027 2.0
  endloop
endfacet
facet normal 0.0 0.0 0.0
  outer loop
    vertex 80.9513931274414 -6.109091758728027 0.0
    vertex 78.9513931274414 -6.109091758728027 2.0
    vertex 80.9513931274414 -6.109091758728027 2.0
  endloop
endfacet
facet normal 0.0 0.0 0.0
  outer loop
    vertex 80.9513931274414 -21.109088897705078 0.0
    vertex 80.9513931274414 -6.109091758728027 0.0
    vertex 80.9513931274414 -6.109091758728027 2.0
  endloop
endfacet
facet normal 0.0 0.0 0.0
  outer loop
    vertex 80.9513931274414 -21.109088897705078 0.0
    vertex 80.9513931274414 -6.109091758728027 2.0
    vertex 80.9513931274414 -21.109088897705078 2.0
  endloop
endfacet
facet normal 0.0 0.0 0.0
  outer loop
    vertex 80.9513931274414 -21.109088897705078 2.0
    vertex 80.9513931274414 -6.109091758728027 2.0
    vertex 78.9513931274414 -6.109091758728027 2.0
  endloop
endfacet
facet normal 0.0 0.0 0.0
  outer loop
    vertex 80.9513931274414 -21.109088897705078 2.0
    vertex 78.9513931274414 -6.109091758728027 2.0
    vertex 78.9513931274414 -21.109088897705078 2.0
  endloop
endfacet
facet normal 0.0 0.0 0.0
  outer loop
    vertex 80.9513931274414 34.89090347290039 0.0
    vertex 78.9513931274414 49.89090347290039 0.0
    vertex 80.9513931274414 49.89090347290039 0.0
  endloop
endfacet
facet normal 0.0 0.0 0.0
  outer loop
    vertex 80.9513931274414 34.89090347290039 0.0
    vertex 78.9513931274414 34.89090347290039 0.0
    vertex 78.9513931274414 49.89090347290039 0.0
  endloop
endfacet
facet normal 0.0 0.0 0.0
  outer loop
    vertex 80.9513931274414 34.89090347290039 0.0
    vertex 78.9513931274414 34.89090347290039 2.0
    vertex 78.9513931274414 34.89090347290039 0.0
  endloop
endfacet
facet normal 0.0 0.0 0.0
  outer loop
    vertex 80.9513931274414 34.89090347290039 0.0
    vertex 80.9513931274414 34.89090347290039 2.0
    vertex 78.9513931274414 34.89090347290039 2.0
  endloop
endfacet
facet normal 0.0 0.0 0.0
  outer loop
    vertex 78.9513931274414 34.89090347290039 0.0
    vertex 78.9513931274414 49.89090347290039 2.0
    vertex 78.9513931274414 49.89090347290039 0.0
  endloop
endfacet
facet normal 0.0 0.0 0.0
  outer loop
    vertex 78.9513931274414 34.89090347290039 0.0
    vertex 78.9513931274414 34.89090347290039 2.0
    vertex 78.9513931274414 49.89090347290039 2.0
  endloop
endfacet
facet normal 0.0 0.0 0.0
  outer loop
    vertex 80.9513931274414 49.89090347290039 0.0
    vertex 78.9513931274414 49.89090347290039 0.0
    vertex 78.9513931274414 49.89090347290039 2.0
  endloop
endfacet
facet normal 0.0 0.0 0.0
  outer loop
    vertex 80.9513931274414 49.89090347290039 0.0
    vertex 78.9513931274414 49.89090347290039 2.0
    vertex 80.9513931274414 49.89090347290039 2.0
  endloop
endfacet
facet normal 0.0 0.0 0.0
  outer loop
    vertex 80.9513931274414 34.89090347290039 0.0
    vertex 80.9513931274414 49.89090347290039 0.0
    vertex 80.9513931274414 49.89090347290039 2.0
  endloop
endfacet
facet normal 0.0 0.0 0.0
  outer loop
    vertex 80.9513931274414 34.89090347290039 0.0
    vertex 80.9513931274414 49.89090347290039 2.0
    vertex 80.9513931274414 34.89090347290039 2.0
  endloop
endfacet
facet normal 0.0 0.0 0.0
  outer loop
    vertex 80.9513931274414 34.89090347290039 2.0
    vertex 80.9513931274414 49.89090347290039 2.0
    vertex 78.9513931274414 49.89090347290039 2.0
  endloop
endfacet
facet normal 0.0 0.0 0.0
  outer loop
    vertex 80.9513931274414 34.89090347290039 2.0
    vertex 78.9513931274414 49.89090347290039 2.0
    vertex 78.9513931274414 34.89090347290039 2.0
  endloop
endfacet
facet normal 0.0 0.0 0.0
  outer loop
    vertex 52.951393127441406 -21.109088897705078 0.0
    vertex 50.951393127441406 -6.109091758728027 0.0
    vertex 52.951393127441406 -6.109091758728027 0.0
  endloop
endfacet
facet normal 0.0 0.0 0.0
  outer loop
    vertex 52.951393127441406 -21.109088897705078 0.0
    vertex 50.951393127441406 -21.109088897705078 0.0
    vertex 50.951393127441406 -6.109091758728027 0.0
  endloop
endfacet
facet normal 0.0 0.0 0.0
  outer loop
    vertex 52.951393127441406 -21.109088897705078 0.0
    vertex 50.951393127441406 -21.109088897705078 2.0
    vertex 50.951393127441406 -21.109088897705078 0.0
  endloop
endfacet
facet normal 0.0 0.0 0.0
  outer loop
    vertex 52.951393127441406 -21.109088897705078 0.0
    vertex 52.951393127441406 -21.109088897705078 2.0
    vertex 50.951393127441406 -21.109088897705078 2.0
  endloop
endfacet
facet normal 0.0 0.0 0.0
  outer loop
    vertex 50.951393127441406 -21.109088897705078 0.0
    vertex 50.951393127441406 -6.109091758728027 2.0
    vertex 50.951393127441406 -6.109091758728027 0.0
  endloop
endfacet
facet normal 0.0 0.0 0.0
  outer loop
    vertex 50.951393127441406 -21.109088897705078 0.0
    vertex 50.951393127441406 -21.109088897705078 2.0
    vertex 50.951393127441406 -6.109091758728027 2.0
  endloop
endfacet
facet normal 0.0 0.0 0.0
  outer loop
    vertex 52.951393127441406 -6.109091758728027 0.0
    vertex 50.951393127441406 -6.109091758728027 0.0
    vertex 50.951393127441406 -6.109091758728027 2.0
  endloop
endfacet
facet normal 0.0 0.0 0.0
  outer loop
    vertex 52.951393127441406 -6.109091758728027 0.0
    vertex 50.951393127441406 -6.109091758728027 2.0
    vertex 52.951393127441406 -6.109091758728027 2.0
  endloop
endfacet
facet normal 0.0 0.0 0.0
  outer loop
    vertex 52.951393127441406 -21.109088897705078 0.0
    vertex 52.951393127441406 -6.109091758728027 0.0
    vertex 52.951393127441406 -6.109091758728027 2.0
  endloop
endfacet
facet normal 0.0 0.0 0.0
  outer loop
    vertex 52.951393127441406 -21.109088897705078 0.0
    vertex 52.951393127441406 -6.109091758728027 2.0
    vertex 52.951393127441406 -21.109088897705078 2.0
  endloop
endfacet
facet normal 0.0 0.0 0.0
  outer loop
    vertex 52.951393127441406 -21.109088897705078 2.0
    vertex 52.951393127441406 -6.109091758728027 2.0
    vertex 50.951393127441406 -6.109091758728027 2.0
  endloop
endfacet
facet normal 0.0 0.0 0.0
  outer loop
    vertex 52.951393127441406 -21.109088897705078 2.0
    vertex 50.951393127441406 -6.109091758728027 2.0
    vertex 50.951393127441406 -21.109088897705078 2.0
  endloop
endfacet
facet normal 0.0 0.0 0.0
  outer loop
    vertex -17.263643264770508 43.41197204589844 -3.719329833984375e-05
    vertex -17.26364517211914 2.4119796752929688 1.9999628067016602
    vertex -17.26364517211914 2.4119796752929688 -3.719329833984375e-05
  endloop
endfacet
facet normal 0.0 0.0 0.0
  outer loop
    vertex -17.263643264770508 43.41197204589844 -3.719329833984375e-05
    vertex -17.263641357421875 43.41197204589844 1.9999628067016602
    vertex -17.26364517211914 2.4119796752929688 1.9999628067016602
  endloop
endfacet
facet normal 0.0 0.0 0.0
  outer loop
    vertex -17.263643264770508 43.41197204589844 -3.719329833984375e-05
    vertex -19.263639450073242 43.41197204589844 1.9999628067016602
    vertex -17.263641357421875 43.41197204589844 1.9999628067016602
  endloop
endfacet
facet normal 0.0 0.0 0.0
  outer loop
    vertex -17.263643264770508 43.41197204589844 -3.719329833984375e-05
    vertex -19.263641357421875 43.41197204589844 -3.719329833984375e-05
    vertex -19.263639450073242 43.41197204589844 1.9999628067016602
  endloop
endfacet
facet normal 0.0 0.0 0.0
  outer loop
    vertex -17.263641357421875 43.41197204589844 1.9999628067016602
    vertex -19.263643264770508 2.4119796752929688 1.9999628067016602
    vertex -17.26364517211914 2.4119796752929688 1.9999628067016602
  endloop
endfacet
facet normal 0.0 0.0 0.0
  outer loop
    vertex -17.263641357421875 43.41197204589844 1.9999628067016602
    vertex -19.263639450073242 43.41197204589844 1.9999628067016602
    vertex -19.263643264770508 2.4119796752929688 1.9999628067016602
  endloop
endfacet
facet normal 0.0 0.0 0.0
  outer loop
    vertex -17.26364517211914 2.4119796752929688 -3.719329833984375e-05
    vertex -17.26364517211914 2.4119796752929688 1.9999628067016602
    vertex -19.263643264770508 2.4119796752929688 1.9999628067016602
  endloop
endfacet
facet normal 0.0 0.0 0.0
  outer loop
    vertex -17.26364517211914 2.4119796752929688 -3.719329833984375e-05
    vertex -19.263643264770508 2.4119796752929688 1.9999628067016602
    vertex -19.263643264770508 2.4119796752929688 -3.719329833984375e-05
  endloop
endfacet
facet normal 0.0 0.0 0.0
  outer loop
    vertex -17.263643264770508 43.41197204589844 -3.719329833984375e-05
    vertex -17.26364517211914 2.4119796752929688 -3.719329833984375e-05
    vertex -19.263643264770508 2.4119796752929688 -3.719329833984375e-05
  endloop
endfacet
facet normal 0.0 0.0 0.0
  outer loop
    vertex -17.263643264770508 43.41197204589844 -3.719329833984375e-05
    vertex -19.263643264770508 2.4119796752929688 -3.719329833984375e-05
    vertex -19.263641357421875 43.41197204589844 -3.719329833984375e-05
  endloop
endfacet
facet normal 0.0 0.0 0.0
  outer loop
    vertex -19.263641357421875 43.41197204589844 -3.719329833984375e-05
    vertex -19.263643264770508 2.4119796752929688 -3.719329833984375e-05
    vertex -19.263643264770508 2.4119796752929688 1.9999628067016602
  endloop
endfacet
facet normal 0.0 0.0 0.0
  outer loop
    vertex -19.263641357421875 43.41197204589844 -3.719329833984375e-05
    vertex -19.263643264770508 2.4119796752929688 1.9999628067016602
    vertex -19.263639450073242 43.41197204589844 1.9999628067016602
  endloop
endfacet
facet normal 0.0 0.0 0.0
  outer loop
    vertex 18.736343383789062 43.41197204589844 -3.910064697265625e-05
    vertex 18.73634147644043 2.4119796752929688 1.999959945678711
    vertex 18.73634147644043 2.4119796752929688 -3.910064697265625e-05
  endloop
endfacet
facet normal 0.0 0.0 0.0
  outer loop
    vertex 18.736343383789062 43.41197204589844 -3.910064697265625e-05
    vertex 18.736345291137695 43.41197204589844 1.999959945678711
    vertex 18.73634147644043 2.4119796752929688 1.999959945678711
  endloop
endfacet
facet normal 0.0 0.0 0.0
  outer loop
    vertex 18.736343383789062 43.41197204589844 -3.910064697265625e-05
    vertex 16.736347198486328 43.41197204589844 1.999959945678711
    vertex 18.736345291137695 43.41197204589844 1.999959945678711
  endloop
endfacet
facet normal 0.0 0.0 0.0
  outer loop
    vertex 18.736343383789062 43.41197204589844 -3.910064697265625e-05
    vertex 16.736345291137695 43.41197204589844 -3.910064697265625e-05
    vertex 16.736347198486328 43.41197204589844 1.999959945678711
  endloop
endfacet
facet normal 0.0 0.0 0.0
  outer loop
    vertex 18.736345291137695 43.41197204589844 1.999959945678711
    vertex 16.736343383789062 2.4119796752929688 1.999959945678711
    vertex 18.73634147644043 2.4119796752929688 1.999959945678711
  endloop
endfacet
facet normal 0.0 0.0 0.0
  outer loop
    vertex 18.736345291137695 43.41197204589844 1.999959945678711
    vertex 16.736347198486328 43.41197204589844 1.999959945678711
    vertex 16.736343383789062 2.4119796752929688 1.999959945678711
  endloop
endfacet
facet normal 0.0 0.0 0.0
  outer loop
    vertex 18.73634147644043 2.4119796752929688 -3.910064697265625e-05
    vertex 18.73634147644043 2.4119796752929688 1.999959945678711
    vertex 16.736343383789062 2.4119796752929688 1.999959945678711
  endloop
endfacet
facet normal 0.0 0.0 0.0
  outer loop
    vertex 18.73634147644043 2.4119796752929688 -3.910064697265625e-05
    vertex 16.736343383789062 2.4119796752929688 1.999959945678711
    vertex 16.736343383789062 2.4119796752929688 -3.910064697265625e-05
  endloop
endfacet
facet normal 0.0 0.0 0.0
  outer loop
    vertex 18.736343383789062 43.41197204589844 -3.910064697265625e-05
    vertex 18.73634147644043 2.4119796752929688 -3.910064697265625e-05
    vertex 16.736343383789062 2.4119796752929688 -3.910064697265625e-05
  endloop
endfacet
facet normal 0.0 0.0 0.0
  outer loop
    vertex 18.736343383789062 43.41197204589844 -3.910064697265625e-05
    vertex 16.736343383789062 2.4119796752929688 -3.910064697265625e-05
    vertex 16.736345291137695 43.41197204589844 -3.910064697265625e-05
  endloop
endfacet
facet normal 0.0 0.0 0.0
  outer loop
    vertex 16.736345291137695 43.41197204589844 -3.910064697265625e-05
    vertex 16.736343383789062 2.4119796752929688 -3.910064697265625e-05
    vertex 16.736343383789062 2.4119796752929688 1.999959945678711
  endloop
endfacet
facet normal 0.0 0.0 0.0
  outer loop
    vertex 16.736345291137695 43.41197204589844 -3.910064697265625e-05
    vertex 16.736343383789062 2.4119796752929688 1.999959945678711
    vertex 16.736347198486328 43.41197204589844 1.999959945678711
  endloop
endfacet
facet normal 0.0 0.0 0.0
  outer loop
    vertex 7.986344337463379 -12.588018417358398 -3.910064697265625e-05
    vertex 7.986344337463379 -25.0880184173584 1.9999608993530273
    vertex 7.986344337463379 -25.0880184173584 -3.910064697265625e-05
  endloop
endfacet
facet normal 0.0 0.0 0.0
  outer loop
    vertex 7.986344337463379 -12.588018417358398 -3.910064697265625e-05
    vertex 7.986345291137695 -12.588018417358398 1.9999608993530273
    vertex 7.986344337463379 -25.0880184173584 1.9999608993530273
  endloop
endfacet
facet normal 0.0 0.0 0.0
  outer loop
    vertex 7.986344337463379 -12.588018417358398 -3.910064697265625e-05
    vertex -8.513648986816406 -12.588018417358398 1.9999618530273438
    vertex 7.986345291137695 -12.588018417358398 1.9999608993530273
  endloop
endfacet
facet normal 0.0 0.0 0.0
  outer loop
    vertex 7.986344337463379 -12.588018417358398 -3.910064697265625e-05
    vertex -8.513649940490723 -12.588018417358398 -3.719329833984375e-05
    vertex -8.513648986816406 -12.588018417358398 1.9999618530273438
  endloop
endfacet
facet normal 0.0 0.0 0.0
  outer loop
    vertex 7.986345291137695 -12.588018417358398 1.9999608993530273
    vertex -8.513649940490723 -25.0880184173584 1.9999618530273438
    vertex 7.986344337463379 -25.0880184173584 1.9999608993530273
  endloop
endfacet
facet normal 0.0 0.0 0.0
  outer loop
    vertex 7.986345291137695 -12.588018417358398 1.9999608993530273
    vertex -8.513648986816406 -12.588018417358398 1.9999618530273438
    vertex -8.513649940490723 -25.0880184173584 1.9999618530273438
  endloop
endfacet
facet normal 0.0 0.0 0.0
  outer loop
    vertex 7.986344337463379 -25.0880184173584 -3.910064697265625e-05
    vertex 7.986344337463379 -25.0880184173584 1.9999608993530273
    vertex -8.513649940490723 -25.0880184173584 1.9999618530273438
  endloop
endfacet
facet normal 0.0 0.0 0.0
  outer loop
    vertex 7.986344337463379 -25.0880184173584 -3.910064697265625e-05
    vertex -8.513649940490723 -25.0880184173584 1.9999618530273438
    vertex -8.513649940490723 -25.0880184173584 -3.719329833984375e-05
  endloop
endfacet
facet normal 0.0 0.0 0.0
  outer loop
    vertex 7.986344337463379 -12.588018417358398 -3.910064697265625e-05
    vertex 7.986344337463379 -25.0880184173584 -3.910064697265625e-05
    vertex -8.513649940490723 -25.0880184173584 -3.719329833984375e-05
  endloop
endfacet
facet normal 0.0 0.0 0.0
  outer loop
    vertex 7.986344337463379 -12.588018417358398 -3.910064697265625e-05
    vertex -8.513649940490723 -25.0880184173584 -3.719329833984375e-05
    vertex -8.513649940490723 -12.588018417358398 -3.719329833984375e-05
  endloop
endfacet
facet normal 0.0 0.0 0.0
  outer loop
    vertex -8.513649940490723 -12.588018417358398 -3.719329833984375e-05
    vertex -8.513649940490723 -25.0880184173584 -3.719329833984375e-05
    vertex -8.513649940490723 -25.0880184173584 1.9999618530273438
  endloop
endfacet
facet normal 0.0 0.0 0.0
  outer loop
    vertex -8.513649940490723 -12.588018417358398 -3.719329833984375e-05
    vertex -8.513649940490723 -25.0880184173584 1.9999618530273438
    vertex -8.513648986816406 -12.588018417358398 1.9999618530273438
  endloop
endfacet
facet normal 0.0 0.0 0.0
  outer loop
    vertex -6.513648986816406 -12.588018417358398 14.499958992004395
    vertex -6.513650417327881 -25.0880184173584 1.9999618530273438
    vertex -6.513649940490723 -12.588018417358398 1.9999618530273438
  endloop
endfacet
facet normal 0.0 0.0 0.0
  outer loop
    vertex -8.513648986816406 -12.588018417358398 1.9999618530273438
    vertex -8.513649940490723 -25.0880184173584 1.9999618530273438
    vertex -8.51364803314209 -12.588018417358398 14.499958992004395
  endloop
endfacet
facet normal 0.0 0.0 0.0
  outer loop
    vertex -8.51364803314209 -12.588018417358398 14.499958992004395
    vertex -8.513649940490723 -25.0880184173584 1.9999618530273438
    vertex -6.513650417327881 -25.0880184173584 1.9999618530273438
  endloop
endfacet
facet normal 0.0 0.0 0.0
  outer loop
    vertex -6.513650417327881 -25.0880184173584 1.9999618530273438
    vertex -6.513648986816406 -12.588018417358398 14.499958992004395
    vertex -8.51364803314209 -12.588018417358398 14.499958992004395
  endloop
endfacet
facet normal 0.0 0.0 0.0
  outer loop
    vertex -8.513648986816406 -12.588018417358398 1.9999618530273438
    vertex -8.51364803314209 -12.588018417358398 14.499958992004395
    vertex -6.513648986816406 -12.588018417358398 14.499958992004395
  endloop
endfacet
facet normal 0.0 0.0 0.0
  outer loop
    vertex -6.513648986816406 -12.588018417358398 14.499958992004395
    vertex -6.513649940490723 -12.588018417358398 1.9999618530273438
    vertex -8.513648986816406 -12.588018417358398 1.9999618530273438
  endloop
endfacet
facet normal 0.0 0.0 0.0
  outer loop
    vertex -8.513649940490723 -25.0880184173584 1.9999618530273438
    vertex -8.513648986816406 -12.588018417358398 1.9999618530273438
    vertex -6.513649940490723 -12.588018417358398 1.9999618530273438
  endloop
endfacet
facet normal 0.0 0.0 0.0
  outer loop
    vertex -6.513649940490723 -12.588018417358398 1.9999618530273438
    vertex -6.513650417327881 -25.0880184173584 1.9999618530273438
    vertex -8.513649940490723 -25.0880184173584 1.9999618530273438
  endloop
endfacet
facet normal 0.0 0.0 0.0
  outer loop
    vertex 7.986346244812012 -12.588018417358398 14.499958038330078
    vertex 7.986344337463379 -25.0880184173584 1.9999608993530273
    vertex 7.986345291137695 -12.588018417358398 1.9999608993530273
  endloop
endfacet
facet normal 0.0 0.0 0.0
  outer loop
    vertex 5.986345291137695 -12.588018417358398 1.9999608993530273
    vertex 5.986344814300537 -25.0880184173584 1.9999608993530273
    vertex 5.986346244812012 -12.588018417358398 14.499958038330078
  endloop
endfacet
facet normal 0.0 0.0 0.0
  outer loop
    vertex 5.986346244812012 -12.588018417358398 14.499958038330078
    vertex 5.986344814300537 -25.0880184173584 1.9999608993530273
    vertex 7.986344337463379 -25.0880184173584 1.9999608993530273
  endloop
endfacet
facet normal 0.0 0.0 0.0
  outer loop
    vertex 7.986344337463379 -25.0880184173584 1.9999608993530273
    vertex 7.986346244812012 -12.588018417358398 14.499958038330078
    vertex 5.986346244812012 -12.588018417358398 14.499958038330078
  endloop
endfacet
facet normal 0.0 0.0 0.0
  outer loop
    vertex 5.986345291137695 -12.588018417358398 1.9999608993530273
    vertex 5.986346244812012 -12.588018417358398 14.499958038330078
    vertex 7.986346244812012 -12.588018417358398 14.499958038330078
  endloop
endfacet
facet normal 0.0 0.0 0.0
  outer loop
    vertex 7.986346244812012 -12.588018417358398 14.499958038330078
    vertex 7.986345291137695 -12.588018417358398 1.9999608993530273
    vertex 5.986345291137695 -12.588018417358398 1.9999608993530273
  endloop
endfacet
facet normal 0.0 0.0 0.0
  outer loop
    vertex 5.986344814300537 -25.0880184173584 1.9999608993530273
    vertex 5.986345291137695 -12.588018417358398 1.9999608993530273
    vertex 7.986345291137695 -12.588018417358398 1.9999608993530273
  endloop
endfacet
facet normal 0.0 0.0 0.0
  outer loop
    vertex 7.986345291137695 -12.588018417358398 1.9999608993530273
    vertex 7.986344337463379 -25.0880184173584 1.9999608993530273
    vertex 5.986344814300537 -25.0880184173584 1.9999608993530273
  endloop
endfacet
facet normal 0.0 0.0 0.0
  outer loop
    vertex 7.986346244812012 -12.588018417358398 14.499958038330078
    vertex 7.986344337463379 -25.0880184173584 3.4141745567321777
    vertex 7.986344337463379 -24.380910873413086 2.7070674896240234
  endloop
endfacet
facet normal 0.0 0.0 0.0
  outer loop
    vertex 7.986346244812012 -12.588018417358398 14.499958038330078
    vertex 7.986346244812012 -13.295125961303711 15.207064628601074
    vertex 7.986344337463379 -25.0880184173584 3.4141745567321777
  endloop
endfacet
facet normal 0.0 0.0 0.0
  outer loop
    vertex 7.986346244812012 -12.588018417358398 14.499958038330078
    vertex 4.98634672164917 -13.295125961303711 15.207064628601074
    vertex 7.986346244812012 -13.295125961303711 15.207064628601074
  endloop
endfacet
facet normal 0.0 0.0 0.0
  outer loop
    vertex 7.986346244812012 -12.588018417358398 14.499958038330078
    vertex 4.98634672164917 -12.588018417358398 14.499958038330078
    vertex 4.98634672164917 -13.295125961303711 15.207064628601074
  endloop
endfacet
facet normal 0.0 0.0 0.0
  outer loop
    vertex 7.986346244812012 -13.295125961303711 15.207064628601074
    vertex 4.986345291137695 -25.0880184173584 3.4141745567321777
    vertex 7.986344337463379 -25.0880184173584 3.4141745567321777
  endloop
endfacet
facet normal 0.0 0.0 0.0
  outer loop
    vertex 7.986346244812012 -13.295125961303711 15.207064628601074
    vertex 4.98634672164917 -13.295125961303711 15.207064628601074
    vertex 4.986345291137695 -25.0880184173584 3.4141745567321777
  endloop
endfacet
facet normal 0.0 0.0 0.0
  outer loop
    vertex 7.986344337463379 -24.380910873413086 2.7070674896240234
    vertex 7.986344337463379 -25.0880184173584 3.4141745567321777
    vertex 4.986345291137695 -25.0880184173584 3.4141745567321777
  endloop
endfacet
facet normal 0.0 0.0 0.0
  outer loop
    vertex 7.986344337463379 -24.380910873413086 2.7070674896240234
    vertex 4.986345291137695 -25.0880184173584 3.4141745567321777
    vertex 4.986345291137695 -24.380910873413086 2.7070674896240234
  endloop
endfacet
facet normal 0.0 0.0 0.0
  outer loop
    vertex 7.986346244812012 -12.588018417358398 14.499958038330078
    vertex 7.986344337463379 -24.380910873413086 2.7070674896240234
    vertex 4.986345291137695 -24.380910873413086 2.7070674896240234
  endloop
endfacet
facet normal 0.0 0.0 0.0
  outer loop
    vertex 7.986346244812012 -12.588018417358398 14.499958038330078
    vertex 4.986345291137695 -24.380910873413086 2.7070674896240234
    vertex 4.98634672164917 -12.588018417358398 14.499958038330078
  endloop
endfacet
facet normal 0.0 0.0 0.0
  outer loop
    vertex 4.98634672164917 -12.588018417358398 14.499958038330078
    vertex 4.986345291137695 -24.380910873413086 2.7070674896240234
    vertex 4.986345291137695 -25.0880184173584 3.4141745567321777
  endloop
endfacet
facet normal 0.0 0.0 0.0
  outer loop
    vertex 4.98634672164917 -12.588018417358398 14.499958038330078
    vertex 4.986345291137695 -25.0880184173584 3.4141745567321777
    vertex 4.98634672164917 -13.295125961303711 15.207064628601074
  endloop
endfacet
facet normal 0.0 0.0 0.0
  outer loop
    vertex -5.5136494636535645 -12.588018417358398 14.499958992004395
    vertex -5.513650894165039 -25.0880184173584 3.414175510406494
    vertex -5.513650894165039 -24.380910873413086 2.70706844329834
  endloop
endfacet
facet normal 0.0 0.0 0.0
  outer loop
    vertex -5.5136494636535645 -12.588018417358398 14.499958992004395
    vertex -5.5136494636535645 -13.295125961303711 15.20706558227539
    vertex -5.513650894165039 -25.0880184173584 3.414175510406494
  endloop
endfacet
facet normal 0.0 0.0 0.0
  outer loop
    vertex -5.5136494636535645 -12.588018417358398 14.499958992004395
    vertex -8.51364803314209 -13.295125961303711 15.20706558227539
    vertex -5.5136494636535645 -13.295125961303711 15.20706558227539
  endloop
endfacet
facet normal 0.0 0.0 0.0
  outer loop
    vertex -5.5136494636535645 -12.588018417358398 14.499958992004395
    vertex -8.51364803314209 -12.588018417358398 14.499958992004395
    vertex -8.51364803314209 -13.295125961303711 15.20706558227539
  endloop
endfacet
facet normal 0.0 0.0 0.0
  outer loop
    vertex -5.5136494636535645 -13.295125961303711 15.20706558227539
    vertex -8.513649940490723 -25.0880184173584 3.414175510406494
    vertex -5.513650894165039 -25.0880184173584 3.414175510406494
  endloop
endfacet
facet normal 0.0 0.0 0.0
  outer loop
    vertex -5.5136494636535645 -13.295125961303711 15.20706558227539
    vertex -8.51364803314209 -13.295125961303711 15.20706558227539
    vertex -8.513649940490723 -25.0880184173584 3.414175510406494
  endloop
endfacet
facet normal 0.0 0.0 0.0
  outer loop
    vertex -5.513650894165039 -24.380910873413086 2.70706844329834
    vertex -5.513650894165039 -25.0880184173584 3.414175510406494
    vertex -8.513649940490723 -25.0880184173584 3.414175510406494
  endloop
endfacet
facet normal 0.0 0.0 0.0
  outer loop
    vertex -5.513650894165039 -24.380910873413086 2.70706844329834
    vertex -8.513649940490723 -25.0880184173584 3.414175510406494
    vertex -8.513649940490723 -24.380910873413086 2.70706844329834
  endloop
endfacet
facet normal 0.0 0.0 0.0
  outer loop
    vertex -5.5136494636535645 -12.588018417358398 14.499958992004395
    vertex -5.513650894165039 -24.380910873413086 2.70706844329834
    vertex -8.513649940490723 -24.380910873413086 2.70706844329834
  endloop
endfacet
facet normal 0.0 0.0 0.0
  outer loop
    vertex -5.5136494636535645 -12.588018417358398 14.499958992004395
    vertex -8.513649940490723 -24.380910873413086 2.70706844329834
    vertex -8.51364803314209 -12.588018417358398 14.499958992004395
  endloop
endfacet
facet normal 0.0 0.0 0.0
  outer loop
    vertex -8.51364803314209 -12.588018417358398 14.499958992004395
    vertex -8.513649940490723 -24.380910873413086 2.70706844329834
    vertex -8.513649940490723 -25.0880184173584 3.414175510406494
  endloop
endfacet
facet normal 0.0 0.0 0.0
  outer loop
    vertex -8.51364803314209 -12.588018417358398 14.499958992004395
    vertex -8.513649940490723 -25.0880184173584 3.414175510406494
    vertex -8.51364803314209 -13.295125961303711 15.20706558227539
  endloop
endfacet
facet normal 0.0 0.0 0.0
  outer loop
    vertex 7.986345291137695 -14.588018417358398 12.499958038330078
    vertex 7.986346244812012 -12.588018417358398 14.499958038330078
    vertex 7.986345291137695 -14.588018417358398 14.499958038330078
  endloop
endfacet
facet normal 0.0 0.0 0.0
  outer loop
    vertex -8.513648986816406 -14.588018417358398 14.499958992004395
    vertex -8.51364803314209 -12.588018417358398 14.499958992004395
    vertex -8.513648986816406 -14.588018417358398 12.499959945678711
  endloop
endfacet
facet normal 0.0 0.0 0.0
  outer loop
    vertex -8.513648986816406 -14.588018417358398 12.499959945678711
    vertex -8.51364803314209 -12.588018417358398 14.499958992004395
    vertex 7.986346244812012 -12.588018417358398 14.499958038330078
  endloop
endfacet
facet normal 0.0 0.0 0.0
  outer loop
    vertex 7.986346244812012 -12.588018417358398 14.499958038330078
    vertex 7.986345291137695 -14.588018417358398 12.499958038330078
    vertex -8.513648986816406 -14.588018417358398 12.499959945678711
  endloop
endfacet
facet normal 0.0 0.0 0.0
  outer loop
    vertex -8.513648986816406 -14.588018417358398 14.499958992004395
    vertex -8.513648986816406 -14.588018417358398 12.499959945678711
    vertex 7.986345291137695 -14.588018417358398 12.499958038330078
  endloop
endfacet
facet normal 0.0 0.0 0.0
  outer loop
    vertex 7.986345291137695 -14.588018417358398 12.499958038330078
    vertex 7.986345291137695 -14.588018417358398 14.499958038330078
    vertex -8.513648986816406 -14.588018417358398 14.499958992004395
  endloop
endfacet
facet normal 0.0 0.0 0.0
  outer loop
    vertex -8.51364803314209 -12.588018417358398 14.499958992004395
    vertex -8.513648986816406 -14.588018417358398 14.499958992004395
    vertex 7.986345291137695 -14.588018417358398 14.499958038330078
  endloop
endfacet
facet normal 0.0 0.0 0.0
  outer loop
    vertex 7.986345291137695 -14.588018417358398 14.499958038330078
    vertex 7.986346244812012 -12.588018417358398 14.499958038330078
    vertex -8.51364803314209 -12.588018417358398 14.499958992004395
  endloop
endfacet
facet normal 0.0 0.0 0.0
  outer loop
    vertex 7.986344337463379 -25.0880184173584 3.4141745567321777
    vertex 7.986344337463379 -25.0880184173584 1.9999608993530273
    vertex 7.986344337463379 -24.380910873413086 2.7070674896240234
  endloop
endfacet
facet normal 0.0 0.0 0.0
  outer loop
    vertex 4.986345291137695 -24.380910873413086 2.7070674896240234
    vertex 4.986345291137695 -25.0880184173584 1.9999608993530273
    vertex 4.986345291137695 -25.0880184173584 3.4141745567321777
  endloop
endfacet
facet normal 0.0 0.0 0.0
  outer loop
    vertex 4.986345291137695 -25.0880184173584 3.4141745567321777
    vertex 4.986345291137695 -25.0880184173584 1.9999608993530273
    vertex 7.986344337463379 -25.0880184173584 1.9999608993530273
  endloop
endfacet
facet normal 0.0 0.0 0.0
  outer loop
    vertex 7.986344337463379 -25.0880184173584 1.9999608993530273
    vertex 7.986344337463379 -25.0880184173584 3.4141745567321777
    vertex 4.986345291137695 -25.0880184173584 3.4141745567321777
  endloop
endfacet
facet normal 0.0 0.0 0.0
  outer loop
    vertex 4.986345291137695 -24.380910873413086 2.7070674896240234
    vertex 4.986345291137695 -25.0880184173584 3.4141745567321777
    vertex 7.986344337463379 -25.0880184173584 3.4141745567321777
  endloop
endfacet
facet normal 0.0 0.0 0.0
  outer loop
    vertex 7.986344337463379 -25.0880184173584 3.4141745567321777
    vertex 7.986344337463379 -24.380910873413086 2.7070674896240234
    vertex 4.986345291137695 -24.380910873413086 2.7070674896240234
  endloop
endfacet
facet normal 0.0 0.0 0.0
  outer loop
    vertex 4.986345291137695 -25.0880184173584 1.9999608993530273
    vertex 4.986345291137695 -24.380910873413086 2.7070674896240234
    vertex 7.986344337463379 -24.380910873413086 2.7070674896240234
  endloop
endfacet
facet normal 0.0 0.0 0.0
  outer loop
    vertex 7.986344337463379 -24.380910873413086 2.7070674896240234
    vertex 7.986344337463379 -25.0880184173584 1.9999608993530273
    vertex 4.986345291137695 -25.0880184173584 1.9999608993530273
  endloop
endfacet
facet normal 0.0 0.0 0.0
  outer loop
    vertex -5.513650894165039 -25.0880184173584 3.414175510406494
    vertex -5.513650894165039 -25.0880184173584 1.9999618530273438
    vertex -5.513650894165039 -24.380910873413086 2.70706844329834
  endloop
endfacet
facet normal 0.0 0.0 0.0
  outer loop
    vertex -8.513649940490723 -24.380910873413086 2.70706844329834
    vertex -8.513649940490723 -25.0880184173584 1.9999618530273438
    vertex -8.513649940490723 -25.0880184173584 3.414175510406494
  endloop
endfacet
facet normal 0.0 0.0 0.0
  outer loop
    vertex -8.513649940490723 -25.0880184173584 3.414175510406494
    vertex -8.513649940490723 -25.0880184173584 1.9999618530273438
    vertex -5.513650894165039 -25.0880184173584 1.9999618530273438
  endloop
endfacet
facet normal 0.0 0.0 0.0
  outer loop
    vertex -5.513650894165039 -25.0880184173584 1.9999618530273438
    vertex -5.513650894165039 -25.0880184173584 3.414175510406494
    vertex -8.513649940490723 -25.0880184173584 3.414175510406494
  endloop
endfacet
facet normal 0.0 0.0 0.0
  outer loop
    vertex -8.513649940490723 -24.380910873413086 2.70706844329834
    vertex -8.513649940490723 -25.0880184173584 3.414175510406494
    vertex -5.513650894165039 -25.0880184173584 3.414175510406494
  endloop
endfacet
facet normal 0.0 0.0 0.0
  outer loop
    vertex -5.513650894165039 -25.0880184173584 3.414175510406494
    vertex -5.513650894165039 -24.380910873413086 2.70706844329834
    vertex -8.513649940490723 -24.380910873413086 2.70706844329834
  endloop
endfacet
facet normal 0.0 0.0 0.0
  outer loop
    vertex -8.513649940490723 -25.0880184173584 1.9999618530273438
    vertex -8.513649940490723 -24.380910873413086 2.70706844329834
    vertex -5.513650894165039 -24.380910873413086 2.70706844329834
  endloop
endfacet
facet normal 0.0 0.0 0.0
  outer loop
    vertex -5.513650894165039 -24.380910873413086 2.70706844329834
    vertex -5.513650894165039 -25.0880184173584 1.9999618530273438
    vertex -8.513649940490723 -25.0880184173584 1.9999618530273438
  endloop
endfacet
facet normal 0.0 0.0 0.0
  outer loop
    vertex 16.736347198486328 58.41197204589844 -3.910064697265625e-05
    vertex 16.736343383789062 -12.588018417358398 1.999959945678711
    vertex 16.736343383789062 -12.588018417358398 -3.910064697265625e-05
  endloop
endfacet
facet normal 0.0 0.0 0.0
  outer loop
    vertex 16.736347198486328 58.41197204589844 -3.910064697265625e-05
    vertex 16.736347198486328 58.41197204589844 1.999959945678711
    vertex 16.736343383789062 -12.588018417358398 1.999959945678711
  endloop
endfacet
facet normal 0.0 0.0 0.0
  outer loop
    vertex 16.736347198486328 58.41197204589844 -3.910064697265625e-05
    vertex -17.263641357421875 58.41197204589844 1.9999628067016602
    vertex 16.736347198486328 58.41197204589844 1.999959945678711
  endloop
endfacet
facet normal 0.0 0.0 0.0
  outer loop
    vertex 16.736347198486328 58.41197204589844 -3.910064697265625e-05
    vertex -17.263641357421875 58.41197204589844 -3.719329833984375e-05
    vertex -17.263641357421875 58.41197204589844 1.9999628067016602
  endloop
endfacet
facet normal 0.0 0.0 0.0
  outer loop
    vertex 16.736347198486328 58.41197204589844 1.999959945678711
    vertex -17.26364517211914 -12.588018417358398 1.9999628067016602
    vertex 16.736343383789062 -12.588018417358398 1.999959945678711
  endloop
endfacet
facet normal 0.0 0.0 0.0
  outer loop
    vertex 16.736347198486328 58.41197204589844 1.999959945678711
    vertex -17.263641357421875 58.41197204589844 1.9999628067016602
    vertex -17.26364517211914 -12.588018417358398 1.9999628067016602
  endloop
endfacet
facet normal 0.0 0.0 0.0
  outer loop
    vertex 16.736343383789062 -12.588018417358398 -3.910064697265625e-05
    vertex 16.736343383789062 -12.588018417358398 1.999959945678711
    vertex -17.26364517211914 -12.588018417358398 1.9999628067016602
  endloop
endfacet
facet normal 0.0 0.0 0.0
  outer loop
    vertex 16.736343383789062 -12.588018417358398 -3.910064697265625e-05
    vertex -17.26364517211914 -12.588018417358398 1.9999628067016602
    vertex -17.26364517211914 -12.588018417358398 -3.719329833984375e-05
  endloop
endfacet
facet normal 0.0 0.0 0.0
  outer loop
    vertex 16.736347198486328 58.41197204589844 -3.910064697265625e-05
    vertex 16.736343383789062 -12.588018417358398 -3.910064697265625e-05
    vertex -17.26364517211914 -12.588018417358398 -3.719329833984375e-05
  endloop
endfacet
facet normal 0.0 0.0 0.0
  outer loop
    vertex 16.736347198486328 58.41197204589844 -3.910064697265625e-05
    vertex -17.26364517211914 -12.588018417358398 -3.719329833984375e-05
    vertex -17.263641357421875 58.41197204589844 -3.719329833984375e-05
  endloop
endfacet
facet normal 0.0 0.0 0.0
  outer loop
    vertex -17.263641357421875 58.41197204589844 -3.719329833984375e-05
    vertex -17.26364517211914 -12.588018417358398 -3.719329833984375e-05
    vertex -17.26364517211914 -12.588018417358398 1.9999628067016602
  endloop
endfacet
facet normal 0.0 0.0 0.0
  outer loop
    vertex -17.263641357421875 58.41197204589844 -3.719329833984375e-05
    vertex -17.26364517211914 -12.588018417358398 1.9999628067016602
    vertex -17.263641357421875 58.41197204589844 1.9999628067016602
  endloop
endfacet
facet normal 0.0 0.0 0.0
  outer loop
    vertex 7.986346244812012 -12.588018417358398 14.499958038330078
    vertex 7.986345291137695 -14.588018417358398 15.499958038330078
    vertex 7.986345291137695 -14.588018417358398 14.499958038330078
  endloop
endfacet
facet normal 0.0 0.0 0.0
  outer loop
    vertex 7.986346244812012 -12.588018417358398 14.499958038330078
    vertex 7.986346244812012 -12.588018417358398 15.499958038330078
    vertex 7.986345291137695 -14.588018417358398 15.499958038330078
  endloop
endfacet
facet normal 0.0 0.0 0.0
  outer loop
    vertex 7.986346244812012 -12.588018417358398 14.499958038330078
    vertex -8.51364803314209 -12.588018417358398 15.499958992004395
    vertex 7.986346244812012 -12.588018417358398 15.499958038330078
  endloop
endfacet
facet normal 0.0 0.0 0.0
  outer loop
    vertex 7.986346244812012 -12.588018417358398 14.499958038330078
    vertex -8.51364803314209 -12.588018417358398 14.499958992004395
    vertex -8.51364803314209 -12.588018417358398 15.499958992004395
  endloop
endfacet
facet normal 0.0 0.0 0.0
  outer loop
    vertex 7.986346244812012 -12.588018417358398 15.499958038330078
    vertex -8.513648986816406 -14.588018417358398 15.499958992004395
    vertex 7.986345291137695 -14.588018417358398 15.499958038330078
  endloop
endfacet
facet normal 0.0 0.0 0.0
  outer loop
    vertex 7.986346244812012 -12.588018417358398 15.499958038330078
    vertex -8.51364803314209 -12.588018417358398 15.499958992004395
    vertex -8.513648986816406 -14.588018417358398 15.499958992004395
  endloop
endfacet
facet normal 0.0 0.0 0.0
  outer loop
    vertex 7.986345291137695 -14.588018417358398 14.499958038330078
    vertex 7.986345291137695 -14.588018417358398 15.499958038330078
    vertex -8.513648986816406 -14.588018417358398 15.499958992004395
  endloop
endfacet
facet normal 0.0 0.0 0.0
  outer loop
    vertex 7.986345291137695 -14.588018417358398 14.499958038330078
    vertex -8.513648986816406 -14.588018417358398 15.499958992004395
    vertex -8.513648986816406 -14.588018417358398 14.499958992004395
  endloop
endfacet
facet normal 0.0 0.0 0.0
  outer loop
    vertex 7.986346244812012 -12.588018417358398 14.499958038330078
    vertex 7.986345291137695 -14.588018417358398 14.499958038330078
    vertex -8.513648986816406 -14.588018417358398 14.499958992004395
  endloop
endfacet
facet normal 0.0 0.0 0.0
  outer loop
    vertex 7.986346244812012 -12.588018417358398 14.499958038330078
    vertex -8.513648986816406 -14.588018417358398 14.499958992004395
    vertex -8.51364803314209 -12.588018417358398 14.499958992004395
  endloop
endfacet
facet normal 0.0 0.0 0.0
  outer loop
    vertex -8.51364803314209 -12.588018417358398 14.499958992004395
    vertex -8.513648986816406 -14.588018417358398 14.499958992004395
    vertex -8.513648986816406 -14.588018417358398 15.499958992004395
  endloop
endfacet
facet normal 0.0 0.0 0.0
  outer loop
    vertex -8.51364803314209 -12.588018417358398 14.499958992004395
    vertex -8.513648986816406 -14.588018417358398 15.499958992004395
    vertex -8.51364803314209 -12.588018417358398 15.499958992004395
  endloop
endfacet
facet normal 0.0 0.0 0.0
  outer loop
    vertex 18.73634147644043 -12.588018417358398 -3.910064697265625e-05
    vertex 18.73634147644043 -14.588018417358398 15.499957084655762
    vertex 18.73634147644043 -14.588018417358398 -3.910064697265625e-05
  endloop
endfacet
facet normal 0.0 0.0 0.0
  outer loop
    vertex 18.73634147644043 -12.588018417358398 -3.910064697265625e-05
    vertex 18.73634147644043 -12.588018417358398 15.499957084655762
    vertex 18.73634147644043 -14.588018417358398 15.499957084655762
  endloop
endfacet
facet normal 0.0 0.0 0.0
  outer loop
    vertex 18.73634147644043 -12.588018417358398 -3.910064697265625e-05
    vertex 7.986346244812012 -12.588018417358398 15.499958038330078
    vertex 18.73634147644043 -12.588018417358398 15.499957084655762
  endloop
endfacet
facet normal 0.0 0.0 0.0
  outer loop
    vertex 18.73634147644043 -12.588018417358398 -3.910064697265625e-05
    vertex 7.986344337463379 -12.588018417358398 -3.910064697265625e-05
    vertex 7.986346244812012 -12.588018417358398 15.499958038330078
  endloop
endfacet
facet normal 0.0 0.0 0.0
  outer loop
    vertex 18.73634147644043 -12.588018417358398 15.499957084655762
    vertex 7.986345291137695 -14.588018417358398 15.499958038330078
    vertex 18.73634147644043 -14.588018417358398 15.499957084655762
  endloop
endfacet
facet normal 0.0 0.0 0.0
  outer loop
    vertex 18.73634147644043 -12.588018417358398 15.499957084655762
    vertex 7.986346244812012 -12.588018417358398 15.499958038330078
    vertex 7.986345291137695 -14.588018417358398 15.499958038330078
  endloop
endfacet
facet normal 0.0 0.0 0.0
  outer loop
    vertex 18.73634147644043 -14.588018417358398 -3.910064697265625e-05
    vertex 18.73634147644043 -14.588018417358398 15.499957084655762
    vertex 7.986345291137695 -14.588018417358398 15.499958038330078
  endloop
endfacet
facet normal 0.0 0.0 0.0
  outer loop
    vertex 18.73634147644043 -14.588018417358398 -3.910064697265625e-05
    vertex 7.986345291137695 -14.588018417358398 15.499958038330078
    vertex 7.986344337463379 -14.588018417358398 -3.910064697265625e-05
  endloop
endfacet
facet normal 0.0 0.0 0.0
  outer loop
    vertex 18.73634147644043 -12.588018417358398 -3.910064697265625e-05
    vertex 18.73634147644043 -14.588018417358398 -3.910064697265625e-05
    vertex 7.986344337463379 -14.588018417358398 -3.910064697265625e-05
  endloop
endfacet
facet normal 0.0 0.0 0.0
  outer loop
    vertex 18.73634147644043 -12.588018417358398 -3.910064697265625e-05
    vertex 7.986344337463379 -14.588018417358398 -3.910064697265625e-05
    vertex 7.986344337463379 -12.588018417358398 -3.910064697265625e-05
  endloop
endfacet
facet normal 0.0 0.0 0.0
  outer loop
    vertex 7.986344337463379 -12.588018417358398 -3.910064697265625e-05
    vertex 7.986344337463379 -14.588018417358398 -3.910064697265625e-05
    vertex 7.986345291137695 -14.588018417358398 15.499958038330078
  endloop
endfacet
facet normal 0.0 0.0 0.0
  outer loop
    vertex 7.986344337463379 -12.588018417358398 -3.910064697265625e-05
    vertex 7.986345291137695 -14.588018417358398 15.499958038330078
    vertex 7.986346244812012 -12.588018417358398 15.499958038330078
  endloop
endfacet
facet normal 0.0 0.0 0.0
  outer loop
    vertex -8.513649940490723 -12.588018417358398 -3.719329833984375e-05
    vertex -8.513648986816406 -14.588018417358398 15.499958992004395
    vertex -8.513649940490723 -14.588018417358398 -3.719329833984375e-05
  endloop
endfacet
facet normal 0.0 0.0 0.0
  outer loop
    vertex -8.513649940490723 -12.588018417358398 -3.719329833984375e-05
    vertex -8.51364803314209 -12.588018417358398 15.499958992004395
    vertex -8.513648986816406 -14.588018417358398 15.499958992004395
  endloop
endfacet
facet normal 0.0 0.0 0.0
  outer loop
    vertex -8.513649940490723 -12.588018417358398 -3.719329833984375e-05
    vertex -19.263643264770508 -12.588018417358398 15.499959945678711
    vertex -8.51364803314209 -12.588018417358398 15.499958992004395
  endloop
endfacet
facet normal 0.0 0.0 0.0
  outer loop
    vertex -8.513649940490723 -12.588018417358398 -3.719329833984375e-05
    vertex -19.263643264770508 -12.588018417358398 -3.719329833984375e-05
    vertex -19.263643264770508 -12.588018417358398 15.499959945678711
  endloop
endfacet
facet normal 0.0 0.0 0.0
  outer loop
    vertex -8.51364803314209 -12.588018417358398 15.499958992004395
    vertex -19.263643264770508 -14.588018417358398 15.499959945678711
    vertex -8.513648986816406 -14.588018417358398 15.499958992004395
  endloop
endfacet
facet normal 0.0 0.0 0.0
  outer loop
    vertex -8.51364803314209 -12.588018417358398 15.499958992004395
    vertex -19.263643264770508 -12.588018417358398 15.499959945678711
    vertex -19.263643264770508 -14.588018417358398 15.499959945678711
  endloop
endfacet
facet normal 0.0 0.0 0.0
  outer loop
    vertex -8.513649940490723 -14.588018417358398 -3.719329833984375e-05
    vertex -8.513648986816406 -14.588018417358398 15.499958992004395
    vertex -19.263643264770508 -14.588018417358398 15.499959945678711
  endloop
endfacet
facet normal 0.0 0.0 0.0
  outer loop
    vertex -8.513649940490723 -14.588018417358398 -3.719329833984375e-05
    vertex -19.263643264770508 -14.588018417358398 15.499959945678711
    vertex -19.263643264770508 -14.588018417358398 -3.719329833984375e-05
  endloop
endfacet
facet normal 0.0 0.0 0.0
  outer loop
    vertex -8.513649940490723 -12.588018417358398 -3.719329833984375e-05
    vertex -8.513649940490723 -14.588018417358398 -3.719329833984375e-05
    vertex -19.263643264770508 -14.588018417358398 -3.719329833984375e-05
  endloop
endfacet
facet normal 0.0 0.0 0.0
  outer loop
    vertex -8.513649940490723 -12.588018417358398 -3.719329833984375e-05
    vertex -19.263643264770508 -14.588018417358398 -3.719329833984375e-05
    vertex -19.263643264770508 -12.588018417358398 -3.719329833984375e-05
  endloop
endfacet
facet normal 0.0 0.0 0.0
  outer loop
    vertex -19.263643264770508 -12.588018417358398 -3.719329833984375e-05
    vertex -19.263643264770508 -14.588018417358398 -3.719329833984375e-05
    vertex -19.263643264770508 -14.588018417358398 15.499959945678711
  endloop
endfacet
facet normal 0.0 0.0 0.0
  outer loop
    vertex -19.263643264770508 -12.588018417358398 -3.719329833984375e-05
    vertex -19.263643264770508 -14.588018417358398 15.499959945678711
    vertex -19.263643264770508 -12.588018417358398 15.499959945678711
  endloop
endfacet
facet normal 0.0 0.0 0.0
  outer loop
    vertex 7.2363457679748535 -12.588018417358398 15.499958038330078
    vertex 7.2363457679748535 -14.588018417358398 17.499958038330078
    vertex 7.2363457679748535 -14.588018417358398 15.499958038330078
  endloop
endfacet
facet normal 0.0 0.0 0.0
  outer loop
    vertex 7.2363457679748535 -12.588018417358398 15.499958038330078
    vertex 7.236346244812012 -12.588018417358398 17.499958038330078
    vertex 7.2363457679748535 -14.588018417358398 17.499958038330078
  endloop
endfacet
facet normal 0.0 0.0 0.0
  outer loop
    vertex 7.2363457679748535 -12.588018417358398 15.499958038330078
    vertex -7.76364803314209 -12.588018417358398 17.499958038330078
    vertex 7.236346244812012 -12.588018417358398 17.499958038330078
  endloop
endfacet
facet normal 0.0 0.0 0.0
  outer loop
    vertex 7.2363457679748535 -12.588018417358398 15.499958038330078
    vertex -7.763648509979248 -12.588018417358398 15.499958992004395
    vertex -7.76364803314209 -12.588018417358398 17.499958038330078
  endloop
endfacet
facet normal 0.0 0.0 0.0
  outer loop
    vertex 7.236346244812012 -12.588018417358398 17.499958038330078
    vertex -7.763648509979248 -14.588018417358398 17.499958038330078
    vertex 7.2363457679748535 -14.588018417358398 17.499958038330078
  endloop
endfacet
facet normal 0.0 0.0 0.0
  outer loop
    vertex 7.236346244812012 -12.588018417358398 17.499958038330078
    vertex -7.76364803314209 -12.588018417358398 17.499958038330078
    vertex -7.763648509979248 -14.588018417358398 17.499958038330078
  endloop
endfacet
facet normal 0.0 0.0 0.0
  outer loop
    vertex 7.2363457679748535 -14.588018417358398 15.499958038330078
    vertex 7.2363457679748535 -14.588018417358398 17.499958038330078
    vertex -7.763648509979248 -14.588018417358398 17.499958038330078
  endloop
endfacet
facet normal 0.0 0.0 0.0
  outer loop
    vertex 7.2363457679748535 -14.588018417358398 15.499958038330078
    vertex -7.763648509979248 -14.588018417358398 17.499958038330078
    vertex -7.763648509979248 -14.588018417358398 15.499958992004395
  endloop
endfacet
facet normal 0.0 0.0 0.0
  outer loop
    vertex 7.2363457679748535 -12.588018417358398 15.499958038330078
    vertex 7.2363457679748535 -14.588018417358398 15.499958038330078
    vertex -7.763648509979248 -14.588018417358398 15.499958992004395
  endloop
endfacet
facet normal 0.0 0.0 0.0
  outer loop
    vertex 7.2363457679748535 -12.588018417358398 15.499958038330078
    vertex -7.763648509979248 -14.588018417358398 15.499958992004395
    vertex -7.763648509979248 -12.588018417358398 15.499958992004395
  endloop
endfacet
facet normal 0.0 0.0 0.0
  outer loop
    vertex -7.763648509979248 -12.588018417358398 15.499958992004395
    vertex -7.763648509979248 -14.588018417358398 15.499958992004395
    vertex -7.763648509979248 -14.588018417358398 17.499958038330078
  endloop
endfacet
facet normal 0.0 0.0 0.0
  outer loop
    vertex -7.763648509979248 -12.588018417358398 15.499958992004395
    vertex -7.763648509979248 -14.588018417358398 17.499958038330078
    vertex -7.76364803314209 -12.588018417358398 17.499958038330078
  endloop
endfacet
facet normal 0.0 0.0 0.0
  outer loop
    vertex 7.236349105834961 60.41197204589844 -3.910064697265625e-05
    vertex 7.236349105834961 58.41197204589844 1.9999608993530273
    vertex 7.236349105834961 58.41197204589844 -3.910064697265625e-05
  endloop
endfacet
facet normal 0.0 0.0 0.0
  outer loop
    vertex 7.236349105834961 60.41197204589844 -3.910064697265625e-05
    vertex 7.236349105834961 60.41197204589844 1.9999608993530273
    vertex 7.236349105834961 58.41197204589844 1.9999608993530273
  endloop
endfacet
facet normal 0.0 0.0 0.0
  outer loop
    vertex 7.236349105834961 60.41197204589844 -3.910064697265625e-05
    vertex -7.763645172119141 60.41197204589844 1.9999618530273438
    vertex 7.236349105834961 60.41197204589844 1.9999608993530273
  endloop
endfacet
facet normal 0.0 0.0 0.0
  outer loop
    vertex 7.236349105834961 60.41197204589844 -3.910064697265625e-05
    vertex -7.763645172119141 60.41197204589844 -3.719329833984375e-05
    vertex -7.763645172119141 60.41197204589844 1.9999618530273438
  endloop
endfacet
facet normal 0.0 0.0 0.0
  outer loop
    vertex 7.236349105834961 60.41197204589844 1.9999608993530273
    vertex -7.763645172119141 58.41197204589844 1.9999618530273438
    vertex 7.236349105834961 58.41197204589844 1.9999608993530273
  endloop
endfacet
facet normal 0.0 0.0 0.0
  outer loop
    vertex 7.236349105834961 60.41197204589844 1.9999608993530273
    vertex -7.763645172119141 60.41197204589844 1.9999618530273438
    vertex -7.763645172119141 58.41197204589844 1.9999618530273438
  endloop
endfacet
facet normal 0.0 0.0 0.0
  outer loop
    vertex 7.236349105834961 58.41197204589844 -3.910064697265625e-05
    vertex 7.236349105834961 58.41197204589844 1.9999608993530273
    vertex -7.763645172119141 58.41197204589844 1.9999618530273438
  endloop
endfacet
facet normal 0.0 0.0 0.0
  outer loop
    vertex 7.236349105834961 58.41197204589844 -3.910064697265625e-05
    vertex -7.763645172119141 58.41197204589844 1.9999618530273438
    vertex -7.763645172119141 58.41197204589844 -3.719329833984375e-05
  endloop
endfacet
facet normal 0.0 0.0 0.0
  outer loop
    vertex 7.236349105834961 60.41197204589844 -3.910064697265625e-05
    vertex 7.236349105834961 58.41197204589844 -3.910064697265625e-05
    vertex -7.763645172119141 58.41197204589844 -3.719329833984375e-05
  endloop
endfacet
facet normal 0.0 0.0 0.0
  outer loop
    vertex 7.236349105834961 60.41197204589844 -3.910064697265625e-05
    vertex -7.763645172119141 58.41197204589844 -3.719329833984375e-05
    vertex -7.763645172119141 60.41197204589844 -3.719329833984375e-05
  endloop
endfacet
facet normal 0.0 0.0 0.0
  outer loop
    vertex -7.763645172119141 60.41197204589844 -3.719329833984375e-05
    vertex -7.763645172119141 58.41197204589844 -3.719329833984375e-05
    vertex -7.763645172119141 58.41197204589844 1.9999618530273438
  endloop
endfacet
facet normal 0.0 0.0 0.0
  outer loop
    vertex -7.763645172119141 60.41197204589844 -3.719329833984375e-05
    vertex -7.763645172119141 58.41197204589844 1.9999618530273438
    vertex -7.763645172119141 60.41197204589844 1.9999618530273438
  endloop
endfacet
facet normal 0.0 0.0 0.0
  outer loop
    vertex -14.73031234741211 11.911977767944336 1.999962329864502
    vertex -14.730311393737793 9.911977767944336 10.499960899353027
    vertex -14.73031234741211 9.911977767944336 1.999962329864502
  endloop
endfacet
facet normal 0.0 0.0 0.0
  outer loop
    vertex -14.73031234741211 11.911977767944336 1.999962329864502
    vertex -14.730311393737793 11.911977767944336 10.499960899353027
    vertex -14.730311393737793 9.911977767944336 10.499960899353027
  endloop
endfacet
facet normal 0.0 0.0 0.0
  outer loop
    vertex -14.73031234741211 11.911977767944336 1.999962329864502
    vertex -17.263643264770508 11.911977767944336 10.499960899353027
    vertex -14.730311393737793 11.911977767944336 10.499960899353027
  endloop
endfacet
facet normal 0.0 0.0 0.0
  outer loop
    vertex -14.73031234741211 11.911977767944336 1.999962329864502
    vertex -17.263643264770508 11.911977767944336 1.9999628067016602
    vertex -17.263643264770508 11.911977767944336 10.499960899353027
  endloop
endfacet
facet normal 0.0 0.0 0.0
  outer loop
    vertex -14.730311393737793 11.911977767944336 10.499960899353027
    vertex -17.263643264770508 9.911977767944336 10.499960899353027
    vertex -14.730311393737793 9.911977767944336 10.499960899353027
  endloop
endfacet
facet normal 0.0 0.0 0.0
  outer loop
    vertex -14.730311393737793 11.911977767944336 10.499960899353027
    vertex -17.263643264770508 11.911977767944336 10.499960899353027
    vertex -17.263643264770508 9.911977767944336 10.499960899353027
  endloop
endfacet
facet normal 0.0 0.0 0.0
  outer loop
    vertex -14.73031234741211 9.911977767944336 1.999962329864502
    vertex -14.730311393737793 9.911977767944336 10.499960899353027
    vertex -17.263643264770508 9.911977767944336 10.499960899353027
  endloop
endfacet
facet normal 0.0 0.0 0.0
  outer loop
    vertex -14.73031234741211 9.911977767944336 1.999962329864502
    vertex -17.263643264770508 9.911977767944336 10.499960899353027
    vertex -17.26364517211914 9.911977767944336 1.9999628067016602
  endloop
endfacet
facet normal 0.0 0.0 0.0
  outer loop
    vertex -14.73031234741211 11.911977767944336 1.999962329864502
    vertex -14.73031234741211 9.911977767944336 1.999962329864502
    vertex -17.26364517211914 9.911977767944336 1.9999628067016602
  endloop
endfacet
facet normal 0.0 0.0 0.0
  outer loop
    vertex -14.73031234741211 11.911977767944336 1.999962329864502
    vertex -17.26364517211914 9.911977767944336 1.9999628067016602
    vertex -17.263643264770508 11.911977767944336 1.9999628067016602
  endloop
endfacet
facet normal 0.0 0.0 0.0
  outer loop
    vertex -17.263643264770508 11.911977767944336 1.9999628067016602
    vertex -17.26364517211914 9.911977767944336 1.9999628067016602
    vertex -17.263643264770508 9.911977767944336 10.499960899353027
  endloop
endfacet
facet normal 0.0 0.0 0.0
  outer loop
    vertex -17.263643264770508 11.911977767944336 1.9999628067016602
    vertex -17.263643264770508 9.911977767944336 10.499960899353027
    vertex -17.263643264770508 11.911977767944336 10.499960899353027
  endloop
endfacet
facet normal 0.0 0.0 0.0
  outer loop
    vertex -9.663646697998047 11.911977767944336 1.9999618530273438
    vertex -9.66364574432373 9.911978721618652 10.499959945678711
    vertex -9.663646697998047 9.911978721618652 1.9999618530273438
  endloop
endfacet
facet normal 0.0 0.0 0.0
  outer loop
    vertex -9.663646697998047 11.911977767944336 1.9999618530273438
    vertex -9.66364574432373 11.911977767944336 10.499959945678711
    vertex -9.66364574432373 9.911978721618652 10.499959945678711
  endloop
endfacet
facet normal 0.0 0.0 0.0
  outer loop
    vertex -9.663646697998047 11.911977767944336 1.9999618530273438
    vertex -12.196979522705078 11.911977767944336 10.499959945678711
    vertex -9.66364574432373 11.911977767944336 10.499959945678711
  endloop
endfacet
facet normal 0.0 0.0 0.0
  outer loop
    vertex -9.663646697998047 11.911977767944336 1.9999618530273438
    vertex -12.196980476379395 11.911977767944336 1.999962329864502
    vertex -12.196979522705078 11.911977767944336 10.499959945678711
  endloop
endfacet
facet normal 0.0 0.0 0.0
  outer loop
    vertex -9.66364574432373 11.911977767944336 10.499959945678711
    vertex -12.196979522705078 9.911977767944336 10.499959945678711
    vertex -9.66364574432373 9.911978721618652 10.499959945678711
  endloop
endfacet
facet normal 0.0 0.0 0.0
  outer loop
    vertex -9.66364574432373 11.911977767944336 10.499959945678711
    vertex -12.196979522705078 11.911977767944336 10.499959945678711
    vertex -12.196979522705078 9.911977767944336 10.499959945678711
  endloop
endfacet
facet normal 0.0 0.0 0.0
  outer loop
    vertex -9.663646697998047 9.911978721618652 1.9999618530273438
    vertex -9.66364574432373 9.911978721618652 10.499959945678711
    vertex -12.196979522705078 9.911977767944336 10.499959945678711
  endloop
endfacet
facet normal 0.0 0.0 0.0
  outer loop
    vertex -9.663646697998047 9.911978721618652 1.9999618530273438
    vertex -12.196979522705078 9.911977767944336 10.499959945678711
    vertex -12.196980476379395 9.911977767944336 1.999962329864502
  endloop
endfacet
facet normal 0.0 0.0 0.0
  outer loop
    vertex -9.663646697998047 11.911977767944336 1.9999618530273438
    vertex -9.663646697998047 9.911978721618652 1.9999618530273438
    vertex -12.196980476379395 9.911977767944336 1.999962329864502
  endloop
endfacet
facet normal 0.0 0.0 0.0
  outer loop
    vertex -9.663646697998047 11.911977767944336 1.9999618530273438
    vertex -12.196980476379395 9.911977767944336 1.999962329864502
    vertex -12.196980476379395 11.911977767944336 1.999962329864502
  endloop
endfacet
facet normal 0.0 0.0 0.0
  outer loop
    vertex -12.196980476379395 11.911977767944336 1.999962329864502
    vertex -12.196980476379395 9.911977767944336 1.999962329864502
    vertex -12.196979522705078 9.911977767944336 10.499959945678711
  endloop
endfacet
facet normal 0.0 0.0 0.0
  outer loop
    vertex -12.196980476379395 11.911977767944336 1.999962329864502
    vertex -12.196979522705078 9.911977767944336 10.499959945678711
    vertex -12.196979522705078 11.911977767944336 10.499959945678711
  endloop
endfacet
facet normal 0.0 0.0 0.0
  outer loop
    vertex 16.736345291137695 11.911978721618652 1.999959945678711
    vertex 16.736345291137695 9.911979675292969 10.499958038330078
    vertex 16.736343383789062 9.911979675292969 1.999959945678711
  endloop
endfacet
facet normal 0.0 0.0 0.0
  outer loop
    vertex 16.736345291137695 11.911978721618652 1.999959945678711
    vertex 16.736345291137695 11.911978721618652 10.499958038330078
    vertex 16.736345291137695 9.911979675292969 10.499958038330078
  endloop
endfacet
facet normal 0.0 0.0 0.0
  outer loop
    vertex 16.736345291137695 11.911978721618652 1.999959945678711
    vertex 14.203011512756348 11.911978721618652 10.499958038330078
    vertex 16.736345291137695 11.911978721618652 10.499958038330078
  endloop
endfacet
facet normal 0.0 0.0 0.0
  outer loop
    vertex 16.736345291137695 11.911978721618652 1.999959945678711
    vertex 14.203010559082031 11.911978721618652 1.9999604225158691
    vertex 14.203011512756348 11.911978721618652 10.499958038330078
  endloop
endfacet
facet normal 0.0 0.0 0.0
  outer loop
    vertex 16.736345291137695 11.911978721618652 10.499958038330078
    vertex 14.203011512756348 9.911979675292969 10.499958038330078
    vertex 16.736345291137695 9.911979675292969 10.499958038330078
  endloop
endfacet
facet normal 0.0 0.0 0.0
  outer loop
    vertex 16.736345291137695 11.911978721618652 10.499958038330078
    vertex 14.203011512756348 11.911978721618652 10.499958038330078
    vertex 14.203011512756348 9.911979675292969 10.499958038330078
  endloop
endfacet
facet normal 0.0 0.0 0.0
  outer loop
    vertex 16.736343383789062 9.911979675292969 1.999959945678711
    vertex 16.736345291137695 9.911979675292969 10.499958038330078
    vertex 14.203011512756348 9.911979675292969 10.499958038330078
  endloop
endfacet
facet normal 0.0 0.0 0.0
  outer loop
    vertex 16.736343383789062 9.911979675292969 1.999959945678711
    vertex 14.203011512756348 9.911979675292969 10.499958038330078
    vertex 14.203010559082031 9.911979675292969 1.9999604225158691
  endloop
endfacet
facet normal 0.0 0.0 0.0
  outer loop
    vertex 16.736345291137695 11.911978721618652 1.999959945678711
    vertex 16.736343383789062 9.911979675292969 1.999959945678711
    vertex 14.203010559082031 9.911979675292969 1.9999604225158691
  endloop
endfacet
facet normal 0.0 0.0 0.0
  outer loop
    vertex 16.736345291137695 11.911978721618652 1.999959945678711
    vertex 14.203010559082031 9.911979675292969 1.9999604225158691
    vertex 14.203010559082031 11.911978721618652 1.9999604225158691
  endloop
endfacet
facet normal 0.0 0.0 0.0
  outer loop
    vertex 14.203010559082031 11.911978721618652 1.9999604225158691
    vertex 14.203010559082031 9.911979675292969 1.9999604225158691
    vertex 14.203011512756348 9.911979675292969 10.499958038330078
  endloop
endfacet
facet normal 0.0 0.0 0.0
  outer loop
    vertex 14.203010559082031 11.911978721618652 1.9999604225158691
    vertex 14.203011512756348 9.911979675292969 10.499958038330078
    vertex 14.203011512756348 11.911978721618652 10.499958038330078
  endloop
endfacet
facet normal 0.0 0.0 0.0
  outer loop
    vertex 11.669678688049316 11.911978721618652 1.9999604225158691
    vertex 11.669679641723633 9.911979675292969 10.499958992004395
    vertex 11.669678688049316 9.911979675292969 1.9999604225158691
  endloop
endfacet
facet normal 0.0 0.0 0.0
  outer loop
    vertex 11.669678688049316 11.911978721618652 1.9999604225158691
    vertex 11.669679641723633 11.911978721618652 10.499958992004395
    vertex 11.669679641723633 9.911979675292969 10.499958992004395
  endloop
endfacet
facet normal 0.0 0.0 0.0
  outer loop
    vertex 11.669678688049316 11.911978721618652 1.9999604225158691
    vertex 9.136345863342285 11.911977767944336 10.499958992004395
    vertex 11.669679641723633 11.911978721618652 10.499958992004395
  endloop
endfacet
facet normal 0.0 0.0 0.0
  outer loop
    vertex 11.669678688049316 11.911978721618652 1.9999604225158691
    vertex 9.136344909667969 11.911977767944336 1.9999608993530273
    vertex 9.136345863342285 11.911977767944336 10.499958992004395
  endloop
endfacet
facet normal 0.0 0.0 0.0
  outer loop
    vertex 11.669679641723633 11.911978721618652 10.499958992004395
    vertex 9.136345863342285 9.911978721618652 10.499958992004395
    vertex 11.669679641723633 9.911979675292969 10.499958992004395
  endloop
endfacet
facet normal 0.0 0.0 0.0
  outer loop
    vertex 11.669679641723633 11.911978721618652 10.499958992004395
    vertex 9.136345863342285 11.911977767944336 10.499958992004395
    vertex 9.136345863342285 9.911978721618652 10.499958992004395
  endloop
endfacet
facet normal 0.0 0.0 0.0
  outer loop
    vertex 11.669678688049316 9.911979675292969 1.9999604225158691
    vertex 11.669679641723633 9.911979675292969 10.499958992004395
    vertex 9.136345863342285 9.911978721618652 10.499958992004395
  endloop
endfacet
facet normal 0.0 0.0 0.0
  outer loop
    vertex 11.669678688049316 9.911979675292969 1.9999604225158691
    vertex 9.136345863342285 9.911978721618652 10.499958992004395
    vertex 9.136344909667969 9.911978721618652 1.9999608993530273
  endloop
endfacet
facet normal 0.0 0.0 0.0
  outer loop
    vertex 11.669678688049316 11.911978721618652 1.9999604225158691
    vertex 11.669678688049316 9.911979675292969 1.9999604225158691
    vertex 9.136344909667969 9.911978721618652 1.9999608993530273
  endloop
endfacet
facet normal 0.0 0.0 0.0
  outer loop
    vertex 11.669678688049316 11.911978721618652 1.9999604225158691
    vertex 9.136344909667969 9.911978721618652 1.9999608993530273
    vertex 9.136344909667969 11.911977767944336 1.9999608993530273
  endloop
endfacet
facet normal 0.0 0.0 0.0
  outer loop
    vertex 9.136344909667969 11.911977767944336 1.9999608993530273
    vertex 9.136344909667969 9.911978721618652 1.9999608993530273
    vertex 9.136345863342285 9.911978721618652 10.499958992004395
  endloop
endfacet
facet normal 0.0 0.0 0.0
  outer loop
    vertex 9.136344909667969 11.911977767944336 1.9999608993530273
    vertex 9.136345863342285 9.911978721618652 10.499958992004395
    vertex 9.136345863342285 11.911977767944336 10.499958992004395
  endloop
endfacet
facet normal 0.0 0.0 0.0
  outer loop
    vertex -6.513647556304932 26.661975860595703 1.9999618530273438
    vertex -6.513648986816406 -3.3380203247070312 3.9999613761901855
    vertex -6.5136494636535645 -3.3380203247070312 1.9999618530273438
  endloop
endfacet
facet normal 0.0 0.0 0.0
  outer loop
    vertex -6.513647556304932 26.661975860595703 1.9999618530273438
    vertex -6.513647556304932 26.661975860595703 3.9999613761901855
    vertex -6.513648986816406 -3.3380203247070312 3.9999613761901855
  endloop
endfacet
facet normal 0.0 0.0 0.0
  outer loop
    vertex -6.513647556304932 26.661975860595703 1.9999618530273438
    vertex -8.513647079467773 26.661975860595703 3.9999613761901855
    vertex -6.513647556304932 26.661975860595703 3.9999613761901855
  endloop
endfacet
facet normal 0.0 0.0 0.0
  outer loop
    vertex -6.513647556304932 26.661975860595703 1.9999618530273438
    vertex -8.513647079467773 26.661975860595703 1.9999618530273438
    vertex -8.513647079467773 26.661975860595703 3.9999613761901855
  endloop
endfacet
facet normal 0.0 0.0 0.0
  outer loop
    vertex -6.513647556304932 26.661975860595703 3.9999613761901855
    vertex -8.513648986816406 -3.3380203247070312 3.9999613761901855
    vertex -6.513648986816406 -3.3380203247070312 3.9999613761901855
  endloop
endfacet
facet normal 0.0 0.0 0.0
  outer loop
    vertex -6.513647556304932 26.661975860595703 3.9999613761901855
    vertex -8.513647079467773 26.661975860595703 3.9999613761901855
    vertex -8.513648986816406 -3.3380203247070312 3.9999613761901855
  endloop
endfacet
facet normal 0.0 0.0 0.0
  outer loop
    vertex -6.5136494636535645 -3.3380203247070312 1.9999618530273438
    vertex -6.513648986816406 -3.3380203247070312 3.9999613761901855
    vertex -8.513648986816406 -3.3380203247070312 3.9999613761901855
  endloop
endfacet
facet normal 0.0 0.0 0.0
  outer loop
    vertex -6.5136494636535645 -3.3380203247070312 1.9999618530273438
    vertex -8.513648986816406 -3.3380203247070312 3.9999613761901855
    vertex -8.513648986816406 -3.3380203247070312 1.9999618530273438
  endloop
endfacet
facet normal 0.0 0.0 0.0
  outer loop
    vertex -6.513647556304932 26.661975860595703 1.9999618530273438
    vertex -6.5136494636535645 -3.3380203247070312 1.9999618530273438
    vertex -8.513648986816406 -3.3380203247070312 1.9999618530273438
  endloop
endfacet
facet normal 0.0 0.0 0.0
  outer loop
    vertex -6.513647556304932 26.661975860595703 1.9999618530273438
    vertex -8.513648986816406 -3.3380203247070312 1.9999618530273438
    vertex -8.513647079467773 26.661975860595703 1.9999618530273438
  endloop
endfacet
facet normal 0.0 0.0 0.0
  outer loop
    vertex -8.513647079467773 26.661975860595703 1.9999618530273438
    vertex -8.513648986816406 -3.3380203247070312 1.9999618530273438
    vertex -8.513648986816406 -3.3380203247070312 3.9999613761901855
  endloop
endfacet
facet normal 0.0 0.0 0.0
  outer loop
    vertex -8.513647079467773 26.661975860595703 1.9999618530273438
    vertex -8.513648986816406 -3.3380203247070312 3.9999613761901855
    vertex -8.513647079467773 26.661975860595703 3.9999613761901855
  endloop
endfacet
facet normal 0.0 0.0 0.0
  outer loop
    vertex 7.986347198486328 26.661975860595703 1.9999608993530273
    vertex 7.986345291137695 -3.3380203247070312 3.999960422515869
    vertex 7.986345291137695 -3.3380203247070312 1.9999608993530273
  endloop
endfacet
facet normal 0.0 0.0 0.0
  outer loop
    vertex 7.986347198486328 26.661975860595703 1.9999608993530273
    vertex 7.986347198486328 26.661975860595703 3.999960422515869
    vertex 7.986345291137695 -3.3380203247070312 3.999960422515869
  endloop
endfacet
facet normal 0.0 0.0 0.0
  outer loop
    vertex 7.986347198486328 26.661975860595703 1.9999608993530273
    vertex 5.986347675323486 26.661975860595703 3.999960422515869
    vertex 7.986347198486328 26.661975860595703 3.999960422515869
  endloop
endfacet
facet normal 0.0 0.0 0.0
  outer loop
    vertex 7.986347198486328 26.661975860595703 1.9999608993530273
    vertex 5.986347675323486 26.661975860595703 1.9999608993530273
    vertex 5.986347675323486 26.661975860595703 3.999960422515869
  endloop
endfacet
facet normal 0.0 0.0 0.0
  outer loop
    vertex 7.986347198486328 26.661975860595703 3.999960422515869
    vertex 5.986346244812012 -3.3380203247070312 3.999960422515869
    vertex 7.986345291137695 -3.3380203247070312 3.999960422515869
  endloop
endfacet
facet normal 0.0 0.0 0.0
  outer loop
    vertex 7.986347198486328 26.661975860595703 3.999960422515869
    vertex 5.986347675323486 26.661975860595703 3.999960422515869
    vertex 5.986346244812012 -3.3380203247070312 3.999960422515869
  endloop
endfacet
facet normal 0.0 0.0 0.0
  outer loop
    vertex 7.986345291137695 -3.3380203247070312 1.9999608993530273
    vertex 7.986345291137695 -3.3380203247070312 3.999960422515869
    vertex 5.986346244812012 -3.3380203247070312 3.999960422515869
  endloop
endfacet
facet normal 0.0 0.0 0.0
  outer loop
    vertex 7.986345291137695 -3.3380203247070312 1.9999608993530273
    vertex 5.986346244812012 -3.3380203247070312 3.999960422515869
    vertex 5.9863457679748535 -3.3380203247070312 1.9999608993530273
  endloop
endfacet
facet normal 0.0 0.0 0.0
  outer loop
    vertex 7.986347198486328 26.661975860595703 1.9999608993530273
    vertex 7.986345291137695 -3.3380203247070312 1.9999608993530273
    vertex 5.9863457679748535 -3.3380203247070312 1.9999608993530273
  endloop
endfacet
facet normal 0.0 0.0 0.0
  outer loop
    vertex 7.986347198486328 26.661975860595703 1.9999608993530273
    vertex 5.9863457679748535 -3.3380203247070312 1.9999608993530273
    vertex 5.986347675323486 26.661975860595703 1.9999608993530273
  endloop
endfacet
facet normal 0.0 0.0 0.0
  outer loop
    vertex 5.986347675323486 26.661975860595703 1.9999608993530273
    vertex 5.9863457679748535 -3.3380203247070312 1.9999608993530273
    vertex 5.986346244812012 -3.3380203247070312 3.999960422515869
  endloop
endfacet
facet normal 0.0 0.0 0.0
  outer loop
    vertex 5.986347675323486 26.661975860595703 1.9999608993530273
    vertex 5.986346244812012 -3.3380203247070312 3.999960422515869
    vertex 5.986347675323486 26.661975860595703 3.999960422515869
  endloop
endfacet
facet normal 0.0 0.0 0.0
  outer loop
    vertex 10.525655746459961 7.911978721618652 9.187398910522461
    vertex 10.825176239013672 9.911979675292969 9.409539222717285
    vertex 10.525656700134277 9.911979675292969 9.187398910522461
  endloop
endfacet
facet normal 0.0 0.0 0.0
  outer loop
    vertex 10.825176239013672 9.911979675292969 9.409539222717285
    vertex 10.525655746459961 7.911978721618652 9.187398910522461
    vertex 10.825175285339355 7.911978721618652 9.409539222717285
  endloop
endfacet
facet normal 0.0 0.0 0.0
  outer loop
    vertex 14.039423942565918 7.911978721618652 9.88632869720459
    vertex 14.390544891357422 9.911979675292969 9.760699272155762
    vertex 14.039424896240234 9.911979675292969 9.88632869720459
  endloop
endfacet
facet normal 0.0 0.0 0.0
  outer loop
    vertex 14.390544891357422 9.911979675292969 9.760699272155762
    vertex 14.039423942565918 7.911978721618652 9.88632869720459
    vertex 14.390543937683105 7.911978721618652 9.760699272155762
  endloop
endfacet
facet normal 0.0 0.0 0.0
  outer loop
    vertex 16.447084426879883 7.911978721618652 7.704158782958984
    vertex 16.28764533996582 9.911979675292969 8.041269302368164
    vertex 16.28764533996582 7.911978721618652 8.041269302368164
  endloop
endfacet
facet normal 0.0 0.0 0.0
  outer loop
    vertex 16.28764533996582 9.911979675292969 8.041269302368164
    vertex 16.447084426879883 7.911978721618652 7.704158782958984
    vertex 16.447084426879883 9.911979675292969 7.704158782958984
  endloop
endfacet
facet normal 0.0 0.0 0.0
  outer loop
    vertex 9.154644966125488 9.911978721618652 5.877495765686035
    vertex 9.136344909667969 7.911978721618652 6.249959945678711
    vertex 9.136344909667969 9.911978721618652 6.249959945678711
  endloop
endfacet
facet normal 0.0 0.0 0.0
  outer loop
    vertex 9.136344909667969 7.911978721618652 6.249959945678711
    vertex 9.154644966125488 9.911978721618652 5.877495765686035
    vertex 9.154644966125488 7.911978721618652 5.877495765686035
  endloop
endfacet
facet normal 0.0 0.0 0.0
  outer loop
    vertex 9.425604820251465 9.911979675292969 7.704159259796143
    vertex 9.585044860839844 7.911978721618652 8.041269302368164
    vertex 9.585044860839844 9.911979675292969 8.041269302368164
  endloop
endfacet
facet normal 0.0 0.0 0.0
  outer loop
    vertex 9.585044860839844 7.911978721618652 8.041269302368164
    vertex 9.425604820251465 9.911979675292969 7.704159259796143
    vertex 9.425604820251465 7.911978721618652 7.704159259796143
  endloop
endfacet
facet normal 0.0 0.0 0.0
  outer loop
    vertex 9.585044860839844 9.911979675292969 8.041269302368164
    vertex 9.776764869689941 7.911978721618652 8.361128807067871
    vertex 9.776764869689941 9.911979675292969 8.361128807067871
  endloop
endfacet
facet normal 0.0 0.0 0.0
  outer loop
    vertex 9.776764869689941 7.911978721618652 8.361128807067871
    vertex 9.585044860839844 9.911979675292969 8.041269302368164
    vertex 9.585044860839844 7.911978721618652 8.041269302368164
  endloop
endfacet
facet normal 0.0 0.0 0.0
  outer loop
    vertex 11.145035743713379 7.911978721618652 9.601259231567383
    vertex 11.482146263122559 9.911979675292969 9.760699272155762
    vertex 11.145036697387695 9.911979675292969 9.601259231567383
  endloop
endfacet
facet normal 0.0 0.0 0.0
  outer loop
    vertex 11.482146263122559 9.911979675292969 9.760699272155762
    vertex 11.145035743713379 7.911978721618652 9.601259231567383
    vertex 11.482145309448242 7.911978721618652 9.760699272155762
  endloop
endfacet
facet normal 0.0 0.0 0.0
  outer loop
    vertex 12.195001602172852 7.911978721618652 9.97693920135498
    vertex 12.563880920410156 9.911979675292969 10.031659126281738
    vertex 12.195002555847168 9.911979675292969 9.97693920135498
  endloop
endfacet
facet normal 0.0 0.0 0.0
  outer loop
    vertex 12.563880920410156 9.911979675292969 10.031659126281738
    vertex 12.195001602172852 7.911978721618652 9.97693920135498
    vertex 12.56387996673584 7.911978721618652 10.031659126281738
  endloop
endfacet
facet normal 0.0 0.0 0.0
  outer loop
    vertex 16.718046188354492 7.911978721618652 6.62242317199707
    vertex 16.6633243560791 9.911979675292969 6.991302490234375
    vertex 16.6633243560791 7.911978721618652 6.991302490234375
  endloop
endfacet
facet normal 0.0 0.0 0.0
  outer loop
    vertex 16.6633243560791 9.911979675292969 6.991302490234375
    vertex 16.718046188354492 7.911978721618652 6.62242317199707
    vertex 16.718046188354492 9.911979675292969 6.62242317199707
  endloop
endfacet
facet normal 0.0 0.0 0.0
  outer loop
    vertex 15.873784065246582 7.911978721618652 8.660649299621582
    vertex 15.623353958129883 9.911979675292969 8.936968803405762
    vertex 15.623353004455566 7.911978721618652 8.936968803405762
  endloop
endfacet
facet normal 0.0 0.0 0.0
  outer loop
    vertex 15.623353958129883 9.911979675292969 8.936968803405762
    vertex 15.873784065246582 7.911978721618652 8.660649299621582
    vertex 15.873784065246582 9.911979675292969 8.660649299621582
  endloop
endfacet
facet normal 0.0 0.0 0.0
  outer loop
    vertex 13.308808326721191 7.911978721618652 10.031659126281738
    vertex 13.677688598632812 9.911979675292969 9.97693920135498
    vertex 13.308809280395508 9.911979675292969 10.031659126281738
  endloop
endfacet
facet normal 0.0 0.0 0.0
  outer loop
    vertex 13.677688598632812 9.911979675292969 9.97693920135498
    vertex 13.308808326721191 7.911978721618652 10.031659126281738
    vertex 13.677687644958496 7.911978721618652 9.97693920135498
  endloop
endfacet
facet normal 0.0 0.0 0.0
  outer loop
    vertex 13.677687644958496 7.911978721618652 2.522980213165283
    vertex 13.308808326721191 9.911979675292969 2.4682602882385254
    vertex 13.677687644958496 9.911979675292969 2.522980213165283
  endloop
endfacet
facet normal 0.0 0.0 0.0
  outer loop
    vertex 13.308808326721191 9.911979675292969 2.4682602882385254
    vertex 13.677687644958496 7.911978721618652 2.522980213165283
    vertex 13.308808326721191 7.911978721618652 2.4682602882385254
  endloop
endfacet
facet normal 0.0 0.0 0.0
  outer loop
    vertex 15.623353004455566 7.911978721618652 3.562950611114502
    vertex 15.347033500671387 9.911979675292969 3.3125205039978027
    vertex 15.623353004455566 9.911979675292969 3.562950611114502
  endloop
endfacet
facet normal 0.0 0.0 0.0
  outer loop
    vertex 15.347033500671387 9.911979675292969 3.3125205039978027
    vertex 15.623353004455566 7.911978721618652 3.562950611114502
    vertex 15.347033500671387 7.911978721618652 3.3125205039978027
  endloop
endfacet
facet normal 0.0 0.0 0.0
  outer loop
    vertex 16.6633243560791 7.911978721618652 5.5086164474487305
    vertex 16.718046188354492 9.911979675292969 5.877495288848877
    vertex 16.718046188354492 7.911978721618652 5.877495288848877
  endloop
endfacet
facet normal 0.0 0.0 0.0
  outer loop
    vertex 16.718046188354492 9.911979675292969 5.877495288848877
    vertex 16.6633243560791 7.911978721618652 5.5086164474487305
    vertex 16.6633243560791 9.911979675292969 5.5086164474487305
  endloop
endfacet
facet normal 0.0 0.0 0.0
  outer loop
    vertex 15.623353004455566 7.911978721618652 3.562950611114502
    vertex 15.873784065246582 9.911979675292969 3.8392696380615234
    vertex 15.873784065246582 7.911978721618652 3.8392696380615234
  endloop
endfacet
facet normal 0.0 0.0 0.0
  outer loop
    vertex 15.873784065246582 9.911979675292969 3.8392696380615234
    vertex 15.623353004455566 7.911978721618652 3.562950611114502
    vertex 15.623353004455566 9.911979675292969 3.562950611114502
  endloop
endfacet
facet normal 0.0 0.0 0.0
  outer loop
    vertex 9.154644966125488 9.911978721618652 6.622424125671387
    vertex 9.209364891052246 7.911978721618652 6.991302490234375
    vertex 9.209364891052246 9.911978721618652 6.991302490234375
  endloop
endfacet
facet normal 0.0 0.0 0.0
  outer loop
    vertex 9.209364891052246 7.911978721618652 6.991302490234375
    vertex 9.154644966125488 9.911978721618652 6.622424125671387
    vertex 9.154644966125488 7.911978721618652 6.622424125671387
  endloop
endfacet
facet normal 0.0 0.0 0.0
  outer loop
    vertex 9.209364891052246 9.911978721618652 6.991302490234375
    vertex 9.299975395202637 7.911978721618652 7.353039264678955
    vertex 9.299975395202637 9.911978721618652 7.353039264678955
  endloop
endfacet
facet normal 0.0 0.0 0.0
  outer loop
    vertex 9.299975395202637 7.911978721618652 7.353039264678955
    vertex 9.209364891052246 9.911978721618652 6.991302490234375
    vertex 9.209364891052246 7.911978721618652 6.991302490234375
  endloop
endfacet
facet normal 0.0 0.0 0.0
  outer loop
    vertex 9.299975395202637 9.911978721618652 7.353039264678955
    vertex 9.425604820251465 7.911978721618652 7.704159259796143
    vertex 9.425604820251465 9.911979675292969 7.704159259796143
  endloop
endfacet
facet normal 0.0 0.0 0.0
  outer loop
    vertex 9.425604820251465 7.911978721618652 7.704159259796143
    vertex 9.299975395202637 9.911978721618652 7.353039264678955
    vertex 9.299975395202637 7.911978721618652 7.353039264678955
  endloop
endfacet
facet normal 0.0 0.0 0.0
  outer loop
    vertex 9.998906135559082 9.911979675292969 8.660649299621582
    vertex 10.249335289001465 7.911978721618652 8.936968803405762
    vertex 10.249336242675781 9.911979675292969 8.936968803405762
  endloop
endfacet
facet normal 0.0 0.0 0.0
  outer loop
    vertex 10.249335289001465 7.911978721618652 8.936968803405762
    vertex 9.998906135559082 9.911979675292969 8.660649299621582
    vertex 9.998905181884766 7.911978721618652 8.660649299621582
  endloop
endfacet
facet normal 0.0 0.0 0.0
  outer loop
    vertex 9.776764869689941 9.911979675292969 8.361128807067871
    vertex 9.998905181884766 7.911978721618652 8.660649299621582
    vertex 9.998906135559082 9.911979675292969 8.660649299621582
  endloop
endfacet
facet normal 0.0 0.0 0.0
  outer loop
    vertex 9.998905181884766 7.911978721618652 8.660649299621582
    vertex 9.776764869689941 9.911979675292969 8.361128807067871
    vertex 9.776764869689941 7.911978721618652 8.361128807067871
  endloop
endfacet
facet normal 0.0 0.0 0.0
  outer loop
    vertex 10.249335289001465 7.911978721618652 8.936968803405762
    vertex 10.525656700134277 9.911979675292969 9.187398910522461
    vertex 10.249336242675781 9.911979675292969 8.936968803405762
  endloop
endfacet
facet normal 0.0 0.0 0.0
  outer loop
    vertex 10.525656700134277 9.911979675292969 9.187398910522461
    vertex 10.249335289001465 7.911978721618652 8.936968803405762
    vertex 10.525655746459961 7.911978721618652 9.187398910522461
  endloop
endfacet
facet normal 0.0 0.0 0.0
  outer loop
    vertex 10.825175285339355 7.911978721618652 9.409539222717285
    vertex 11.145036697387695 9.911979675292969 9.601259231567383
    vertex 10.825176239013672 9.911979675292969 9.409539222717285
  endloop
endfacet
facet normal 0.0 0.0 0.0
  outer loop
    vertex 11.145036697387695 9.911979675292969 9.601259231567383
    vertex 10.825175285339355 7.911978721618652 9.409539222717285
    vertex 11.145035743713379 7.911978721618652 9.601259231567383
  endloop
endfacet
facet normal 0.0 0.0 0.0
  outer loop
    vertex 12.56387996673584 7.911978721618652 10.031659126281738
    vertex 12.936345100402832 9.911979675292969 10.049959182739258
    vertex 12.563880920410156 9.911979675292969 10.031659126281738
  endloop
endfacet
facet normal 0.0 0.0 0.0
  outer loop
    vertex 12.936345100402832 9.911979675292969 10.049959182739258
    vertex 12.56387996673584 7.911978721618652 10.031659126281738
    vertex 12.936344146728516 7.911978721618652 10.049959182739258
  endloop
endfacet
facet normal 0.0 0.0 0.0
  outer loop
    vertex 11.482145309448242 7.911978721618652 9.760699272155762
    vertex 11.83326530456543 9.911979675292969 9.88632869720459
    vertex 11.482146263122559 9.911979675292969 9.760699272155762
  endloop
endfacet
facet normal 0.0 0.0 0.0
  outer loop
    vertex 11.83326530456543 9.911979675292969 9.88632869720459
    vertex 11.482145309448242 7.911978721618652 9.760699272155762
    vertex 11.833264350891113 7.911978721618652 9.88632869720459
  endloop
endfacet
facet normal 0.0 0.0 0.0
  outer loop
    vertex 11.833264350891113 7.911978721618652 9.88632869720459
    vertex 12.195002555847168 9.911979675292969 9.97693920135498
    vertex 11.83326530456543 9.911979675292969 9.88632869720459
  endloop
endfacet
facet normal 0.0 0.0 0.0
  outer loop
    vertex 12.195002555847168 9.911979675292969 9.97693920135498
    vertex 11.833264350891113 7.911978721618652 9.88632869720459
    vertex 12.195001602172852 7.911978721618652 9.97693920135498
  endloop
endfacet
facet normal 0.0 0.0 0.0
  outer loop
    vertex 16.736345291137695 7.911978721618652 6.2499589920043945
    vertex 16.718046188354492 9.911979675292969 6.62242317199707
    vertex 16.718046188354492 7.911978721618652 6.62242317199707
  endloop
endfacet
facet normal 0.0 0.0 0.0
  outer loop
    vertex 16.718046188354492 9.911979675292969 6.62242317199707
    vertex 16.736345291137695 7.911978721618652 6.2499589920043945
    vertex 16.736345291137695 9.911979675292969 6.2499589920043945
  endloop
endfacet
facet normal 0.0 0.0 0.0
  outer loop
    vertex 16.572715759277344 7.911978721618652 7.353038787841797
    vertex 16.447084426879883 9.911979675292969 7.704158782958984
    vertex 16.447084426879883 7.911978721618652 7.704158782958984
  endloop
endfacet
facet normal 0.0 0.0 0.0
  outer loop
    vertex 16.447084426879883 9.911979675292969 7.704158782958984
    vertex 16.572715759277344 7.911978721618652 7.353038787841797
    vertex 16.572715759277344 9.911979675292969 7.353038787841797
  endloop
endfacet
facet normal 0.0 0.0 0.0
  outer loop
    vertex 16.6633243560791 7.911978721618652 6.991302490234375
    vertex 16.572715759277344 9.911979675292969 7.353038787841797
    vertex 16.572715759277344 7.911978721618652 7.353038787841797
  endloop
endfacet
facet normal 0.0 0.0 0.0
  outer loop
    vertex 16.572715759277344 9.911979675292969 7.353038787841797
    vertex 16.6633243560791 7.911978721618652 6.991302490234375
    vertex 16.6633243560791 9.911979675292969 6.991302490234375
  endloop
endfacet
facet normal 0.0 0.0 0.0
  outer loop
    vertex 16.28764533996582 7.911978721618652 8.041269302368164
    vertex 16.095924377441406 9.911979675292969 8.361128807067871
    vertex 16.095924377441406 7.911978721618652 8.361128807067871
  endloop
endfacet
facet normal 0.0 0.0 0.0
  outer loop
    vertex 16.095924377441406 9.911979675292969 8.361128807067871
    vertex 16.28764533996582 7.911978721618652 8.041269302368164
    vertex 16.28764533996582 9.911979675292969 8.041269302368164
  endloop
endfacet
facet normal 0.0 0.0 0.0
  outer loop
    vertex 16.095924377441406 7.911978721618652 8.361128807067871
    vertex 15.873784065246582 9.911979675292969 8.660649299621582
    vertex 15.873784065246582 7.911978721618652 8.660649299621582
  endloop
endfacet
facet normal 0.0 0.0 0.0
  outer loop
    vertex 15.873784065246582 9.911979675292969 8.660649299621582
    vertex 16.095924377441406 7.911978721618652 8.361128807067871
    vertex 16.095924377441406 9.911979675292969 8.361128807067871
  endloop
endfacet
facet normal 0.0 0.0 0.0
  outer loop
    vertex 13.677687644958496 7.911978721618652 9.97693920135498
    vertex 14.039424896240234 9.911979675292969 9.88632869720459
    vertex 13.677688598632812 9.911979675292969 9.97693920135498
  endloop
endfacet
facet normal 0.0 0.0 0.0
  outer loop
    vertex 14.039424896240234 9.911979675292969 9.88632869720459
    vertex 13.677687644958496 7.911978721618652 9.97693920135498
    vertex 14.039423942565918 7.911978721618652 9.88632869720459
  endloop
endfacet
facet normal 0.0 0.0 0.0
  outer loop
    vertex 12.936344146728516 7.911978721618652 10.049959182739258
    vertex 13.308809280395508 9.911979675292969 10.031659126281738
    vertex 12.936345100402832 9.911979675292969 10.049959182739258
  endloop
endfacet
facet normal 0.0 0.0 0.0
  outer loop
    vertex 13.308809280395508 9.911979675292969 10.031659126281738
    vertex 12.936344146728516 7.911978721618652 10.049959182739258
    vertex 13.308808326721191 7.911978721618652 10.031659126281738
  endloop
endfacet
facet normal 0.0 0.0 0.0
  outer loop
    vertex 14.727653503417969 7.911978721618652 9.601259231567383
    vertex 15.047513961791992 9.911979675292969 9.409539222717285
    vertex 14.727654457092285 9.911979675292969 9.601259231567383
  endloop
endfacet
facet normal 0.0 0.0 0.0
  outer loop
    vertex 15.047513961791992 9.911979675292969 9.409539222717285
    vertex 14.727653503417969 7.911978721618652 9.601259231567383
    vertex 15.047513008117676 7.911978721618652 9.409539222717285
  endloop
endfacet
facet normal 0.0 0.0 0.0
  outer loop
    vertex 15.047513008117676 7.911978721618652 9.409539222717285
    vertex 15.347034454345703 9.911979675292969 9.187398910522461
    vertex 15.047513961791992 9.911979675292969 9.409539222717285
  endloop
endfacet
facet normal 0.0 0.0 0.0
  outer loop
    vertex 15.347034454345703 9.911979675292969 9.187398910522461
    vertex 15.047513008117676 7.911978721618652 9.409539222717285
    vertex 15.347033500671387 7.911978721618652 9.187398910522461
  endloop
endfacet
facet normal 0.0 0.0 0.0
  outer loop
    vertex 14.390543937683105 7.911978721618652 9.760699272155762
    vertex 14.727654457092285 9.911979675292969 9.601259231567383
    vertex 14.390544891357422 9.911979675292969 9.760699272155762
  endloop
endfacet
facet normal 0.0 0.0 0.0
  outer loop
    vertex 14.727654457092285 9.911979675292969 9.601259231567383
    vertex 14.390543937683105 7.911978721618652 9.760699272155762
    vertex 14.727653503417969 7.911978721618652 9.601259231567383
  endloop
endfacet
facet normal 0.0 0.0 0.0
  outer loop
    vertex 15.347033500671387 7.911978721618652 9.187398910522461
    vertex 15.623353958129883 9.911979675292969 8.936968803405762
    vertex 15.347034454345703 9.911979675292969 9.187398910522461
  endloop
endfacet
facet normal 0.0 0.0 0.0
  outer loop
    vertex 15.623353958129883 9.911979675292969 8.936968803405762
    vertex 15.347033500671387 7.911978721618652 9.187398910522461
    vertex 15.623353004455566 7.911978721618652 8.936968803405762
  endloop
endfacet
facet normal 0.0 0.0 0.0
  outer loop
    vertex 9.136344909667969 9.911978721618652 6.249959945678711
    vertex 9.154644966125488 7.911978721618652 6.622424125671387
    vertex 9.154644966125488 9.911978721618652 6.622424125671387
  endloop
endfacet
facet normal 0.0 0.0 0.0
  outer loop
    vertex 9.154644966125488 7.911978721618652 6.622424125671387
    vertex 9.136344909667969 9.911978721618652 6.249959945678711
    vertex 9.136344909667969 7.911978721618652 6.249959945678711
  endloop
endfacet
facet normal 0.0 0.0 0.0
  outer loop
    vertex 12.936344146728516 7.911978721618652 2.449960231781006
    vertex 12.56387996673584 9.911979675292969 2.4682602882385254
    vertex 12.936344146728516 9.911979675292969 2.449960231781006
  endloop
endfacet
facet normal 0.0 0.0 0.0
  outer loop
    vertex 12.56387996673584 9.911979675292969 2.4682602882385254
    vertex 12.936344146728516 7.911978721618652 2.449960231781006
    vertex 12.56387996673584 7.911978721618652 2.4682602882385254
  endloop
endfacet
facet normal 0.0 0.0 0.0
  outer loop
    vertex 9.299975395202637 9.911978721618652 5.146880149841309
    vertex 9.209364891052246 7.911978721618652 5.508616924285889
    vertex 9.209364891052246 9.911978721618652 5.508616924285889
  endloop
endfacet
facet normal 0.0 0.0 0.0
  outer loop
    vertex 9.209364891052246 7.911978721618652 5.508616924285889
    vertex 9.299975395202637 9.911978721618652 5.146880149841309
    vertex 9.299975395202637 7.911978721618652 5.146880149841309
  endloop
endfacet
facet normal 0.0 0.0 0.0
  outer loop
    vertex 9.585044860839844 9.911979675292969 4.4586501121521
    vertex 9.425604820251465 7.911978721618652 4.795760154724121
    vertex 9.425604820251465 9.911979675292969 4.795760154724121
  endloop
endfacet
facet normal 0.0 0.0 0.0
  outer loop
    vertex 9.425604820251465 7.911978721618652 4.795760154724121
    vertex 9.585044860839844 9.911979675292969 4.4586501121521
    vertex 9.585044860839844 7.911978721618652 4.4586501121521
  endloop
endfacet
facet normal 0.0 0.0 0.0
  outer loop
    vertex 12.56387996673584 7.911978721618652 2.4682602882385254
    vertex 12.195001602172852 9.911979675292969 2.522980213165283
    vertex 12.56387996673584 9.911979675292969 2.4682602882385254
  endloop
endfacet
facet normal 0.0 0.0 0.0
  outer loop
    vertex 12.195001602172852 9.911979675292969 2.522980213165283
    vertex 12.56387996673584 7.911978721618652 2.4682602882385254
    vertex 12.195001602172852 7.911978721618652 2.522980213165283
  endloop
endfacet
facet normal 0.0 0.0 0.0
  outer loop
    vertex 12.195001602172852 7.911978721618652 2.522980213165283
    vertex 11.833264350891113 9.911979675292969 2.613590717315674
    vertex 12.195001602172852 9.911979675292969 2.522980213165283
  endloop
endfacet
facet normal 0.0 0.0 0.0
  outer loop
    vertex 11.833264350891113 9.911979675292969 2.613590717315674
    vertex 12.195001602172852 7.911978721618652 2.522980213165283
    vertex 11.833264350891113 7.911978721618652 2.613590717315674
  endloop
endfacet
facet normal 0.0 0.0 0.0
  outer loop
    vertex 10.525655746459961 7.911978721618652 3.3125205039978027
    vertex 10.249335289001465 9.911979675292969 3.562950611114502
    vertex 10.525655746459961 9.911979675292969 3.3125205039978027
  endloop
endfacet
facet normal 0.0 0.0 0.0
  outer loop
    vertex 10.249335289001465 9.911979675292969 3.562950611114502
    vertex 10.525655746459961 7.911978721618652 3.3125205039978027
    vertex 10.249335289001465 7.911978721618652 3.562950611114502
  endloop
endfacet
facet normal 0.0 0.0 0.0
  outer loop
    vertex 10.825175285339355 7.911978721618652 3.0903801918029785
    vertex 10.525655746459961 9.911979675292969 3.3125205039978027
    vertex 10.825175285339355 9.911979675292969 3.0903801918029785
  endloop
endfacet
facet normal 0.0 0.0 0.0
  outer loop
    vertex 10.525655746459961 9.911979675292969 3.3125205039978027
    vertex 10.825175285339355 7.911978721618652 3.0903801918029785
    vertex 10.525655746459961 7.911978721618652 3.3125205039978027
  endloop
endfacet
facet normal 0.0 0.0 0.0
  outer loop
    vertex 11.482145309448242 7.911978721618652 2.739220142364502
    vertex 11.145035743713379 9.911979675292969 2.898660182952881
    vertex 11.482145309448242 9.911979675292969 2.739220142364502
  endloop
endfacet
facet normal 0.0 0.0 0.0
  outer loop
    vertex 11.145035743713379 9.911979675292969 2.898660182952881
    vertex 11.482145309448242 7.911978721618652 2.739220142364502
    vertex 11.145035743713379 7.911978721618652 2.898660182952881
  endloop
endfacet
facet normal 0.0 0.0 0.0
  outer loop
    vertex 13.308808326721191 7.911978721618652 2.4682602882385254
    vertex 12.936344146728516 9.911979675292969 2.449960231781006
    vertex 13.308808326721191 9.911979675292969 2.4682602882385254
  endloop
endfacet
facet normal 0.0 0.0 0.0
  outer loop
    vertex 12.936344146728516 9.911979675292969 2.449960231781006
    vertex 13.308808326721191 7.911978721618652 2.4682602882385254
    vertex 12.936344146728516 7.911978721618652 2.449960231781006
  endloop
endfacet
facet normal 0.0 0.0 0.0
  outer loop
    vertex 14.390543937683105 7.911978721618652 2.739220142364502
    vertex 14.039423942565918 9.911979675292969 2.613590717315674
    vertex 14.390543937683105 9.911979675292969 2.739220142364502
  endloop
endfacet
facet normal 0.0 0.0 0.0
  outer loop
    vertex 14.039423942565918 9.911979675292969 2.613590717315674
    vertex 14.390543937683105 7.911978721618652 2.739220142364502
    vertex 14.039423942565918 7.911978721618652 2.613590717315674
  endloop
endfacet
facet normal 0.0 0.0 0.0
  outer loop
    vertex 15.047513008117676 7.911978721618652 3.0903801918029785
    vertex 14.727653503417969 9.911979675292969 2.898660182952881
    vertex 15.047513008117676 9.911979675292969 3.0903801918029785
  endloop
endfacet
facet normal 0.0 0.0 0.0
  outer loop
    vertex 14.727653503417969 9.911979675292969 2.898660182952881
    vertex 15.047513008117676 7.911978721618652 3.0903801918029785
    vertex 14.727653503417969 7.911978721618652 2.898660182952881
  endloop
endfacet
facet normal 0.0 0.0 0.0
  outer loop
    vertex 16.572715759277344 7.911978721618652 5.146880149841309
    vertex 16.6633243560791 9.911979675292969 5.5086164474487305
    vertex 16.6633243560791 7.911978721618652 5.5086164474487305
  endloop
endfacet
facet normal 0.0 0.0 0.0
  outer loop
    vertex 16.6633243560791 9.911979675292969 5.5086164474487305
    vertex 16.572715759277344 7.911978721618652 5.146880149841309
    vertex 16.572715759277344 9.911979675292969 5.146880149841309
  endloop
endfacet
facet normal 0.0 0.0 0.0
  outer loop
    vertex 16.718046188354492 7.911978721618652 5.877495288848877
    vertex 16.736345291137695 9.911979675292969 6.2499589920043945
    vertex 16.736345291137695 7.911978721618652 6.2499589920043945
  endloop
endfacet
facet normal 0.0 0.0 0.0
  outer loop
    vertex 16.736345291137695 9.911979675292969 6.2499589920043945
    vertex 16.718046188354492 7.911978721618652 5.877495288848877
    vertex 16.718046188354492 9.911979675292969 5.877495288848877
  endloop
endfacet
facet normal 0.0 0.0 0.0
  outer loop
    vertex 10.136344909667969 7.911978721618652 6.249959945678711
    vertex 9.136344909667969 7.911978721618652 6.249959945678711
    vertex 9.154644966125488 7.911978721618652 5.877495765686035
  endloop
endfacet
facet normal 0.0 0.0 0.0
  outer loop
    vertex 10.149825096130371 7.911978721618652 5.975512981414795
    vertex 9.154644966125488 7.911978721618652 5.877495765686035
    vertex 9.209364891052246 7.911978721618652 5.508616924285889
  endloop
endfacet
facet normal 0.0 0.0 0.0
  outer loop
    vertex 9.136344909667969 7.911978721618652 6.249959945678711
    vertex 10.136344909667969 7.911978721618652 6.249959945678711
    vertex 9.154644966125488 7.911978721618652 6.622424125671387
  endloop
endfacet
facet normal 0.0 0.0 0.0
  outer loop
    vertex 10.190145492553711 7.911978721618652 5.703708171844482
    vertex 9.209364891052246 7.911978721618652 5.508616924285889
    vertex 9.299975395202637 7.911978721618652 5.146880149841309
  endloop
endfacet
facet normal 0.0 0.0 0.0
  outer loop
    vertex 10.149825096130371 7.911978721618652 6.524406433105469
    vertex 9.154644966125488 7.911978721618652 6.622424125671387
    vertex 10.136344909667969 7.911978721618652 6.249959945678711
  endloop
endfacet
facet normal 0.0 0.0 0.0
  outer loop
    vertex 10.256915092468262 7.911978721618652 5.43716287612915
    vertex 9.299975395202637 7.911978721618652 5.146880149841309
    vertex 9.425604820251465 7.911978721618652 4.795760154724121
  endloop
endfacet
facet normal 0.0 0.0 0.0
  outer loop
    vertex 9.154644966125488 7.911978721618652 6.622424125671387
    vertex 10.149825096130371 7.911978721618652 6.524406433105469
    vertex 9.209364891052246 7.911978721618652 6.991302490234375
  endloop
endfacet
facet normal 0.0 0.0 0.0
  outer loop
    vertex 10.349485397338867 7.911978721618652 5.178450584411621
    vertex 9.425604820251465 7.911978721618652 4.795760154724121
    vertex 9.585044860839844 7.911978721618652 4.4586501121521
  endloop
endfacet
facet normal 0.0 0.0 0.0
  outer loop
    vertex 10.190145492553711 7.911978721618652 6.796211242675781
    vertex 9.209364891052246 7.911978721618652 6.991302490234375
    vertex 10.149825096130371 7.911978721618652 6.524406433105469
  endloop
endfacet
facet normal 0.0 0.0 0.0
  outer loop
    vertex 10.466965675354004 7.911978721618652 4.930049896240234
    vertex 9.585044860839844 7.911978721618652 4.4586501121521
    vertex 9.776764869689941 7.911978721618652 4.138790130615234
  endloop
endfacet
facet normal 0.0 0.0 0.0
  outer loop
    vertex 9.209364891052246 7.911978721618652 6.991302490234375
    vertex 10.190145492553711 7.911978721618652 6.796211242675781
    vertex 9.299975395202637 7.911978721618652 7.353039264678955
  endloop
endfacet
facet normal 0.0 0.0 0.0
  outer loop
    vertex 10.608235359191895 7.911978721618652 4.69435977935791
    vertex 9.776764869689941 7.911978721618652 4.138790130615234
    vertex 9.998905181884766 7.911978721618652 3.8392696380615234
  endloop
endfacet
facet normal 0.0 0.0 0.0
  outer loop
    vertex 10.256915092468262 7.911978721618652 7.062756538391113
    vertex 9.299975395202637 7.911978721618652 7.353039264678955
    vertex 10.190145492553711 7.911978721618652 6.796211242675781
  endloop
endfacet
facet normal 0.0 0.0 0.0
  outer loop
    vertex 9.299975395202637 7.911978721618652 7.353039264678955
    vertex 10.256915092468262 7.911978721618652 7.062756538391113
    vertex 9.425604820251465 7.911978721618652 7.704159259796143
  endloop
endfacet
facet normal 0.0 0.0 0.0
  outer loop
    vertex 9.154644966125488 7.911978721618652 5.877495765686035
    vertex 10.149825096130371 7.911978721618652 5.975512981414795
    vertex 10.136344909667969 7.911978721618652 6.249959945678711
  endloop
endfacet
facet normal 0.0 0.0 0.0
  outer loop
    vertex 9.209364891052246 7.911978721618652 5.508616924285889
    vertex 10.190145492553711 7.911978721618652 5.703708171844482
    vertex 10.149825096130371 7.911978721618652 5.975512981414795
  endloop
endfacet
facet normal 0.0 0.0 0.0
  outer loop
    vertex 10.771915435791016 7.911978721618652 4.473659992218018
    vertex 9.998905181884766 7.911978721618652 3.8392696380615234
    vertex 10.249335289001465 7.911978721618652 3.562950611114502
  endloop
endfacet
facet normal 0.0 0.0 0.0
  outer loop
    vertex 9.299975395202637 7.911978721618652 5.146880149841309
    vertex 10.256915092468262 7.911978721618652 5.43716287612915
    vertex 10.190145492553711 7.911978721618652 5.703708171844482
  endloop
endfacet
facet normal 0.0 0.0 0.0
  outer loop
    vertex 9.425604820251465 7.911978721618652 4.795760154724121
    vertex 10.349485397338867 7.911978721618652 5.178450584411621
    vertex 10.256915092468262 7.911978721618652 5.43716287612915
  endloop
endfacet
facet normal 0.0 0.0 0.0
  outer loop
    vertex 9.585044860839844 7.911978721618652 4.4586501121521
    vertex 10.466965675354004 7.911978721618652 4.930049896240234
    vertex 10.349485397338867 7.911978721618652 5.178450584411621
  endloop
endfacet
facet normal 0.0 0.0 0.0
  outer loop
    vertex 10.956445693969727 7.911978721618652 4.270060062408447
    vertex 10.249335289001465 7.911978721618652 3.562950611114502
    vertex 10.525655746459961 7.911978721618652 3.3125205039978027
  endloop
endfacet
facet normal 0.0 0.0 0.0
  outer loop
    vertex 9.776764869689941 7.911978721618652 4.138790130615234
    vertex 10.608235359191895 7.911978721618652 4.69435977935791
    vertex 10.466965675354004 7.911978721618652 4.930049896240234
  endloop
endfacet
facet normal 0.0 0.0 0.0
  outer loop
    vertex 9.998905181884766 7.911978721618652 3.8392696380615234
    vertex 10.771915435791016 7.911978721618652 4.473659992218018
    vertex 10.608235359191895 7.911978721618652 4.69435977935791
  endloop
endfacet
facet normal 0.0 0.0 0.0
  outer loop
    vertex 11.160045623779297 7.911978721618652 4.085529804229736
    vertex 10.525655746459961 7.911978721618652 3.3125205039978027
    vertex 10.825175285339355 7.911978721618652 3.0903801918029785
  endloop
endfacet
facet normal 0.0 0.0 0.0
  outer loop
    vertex 10.249335289001465 7.911978721618652 3.562950611114502
    vertex 10.956445693969727 7.911978721618652 4.270060062408447
    vertex 10.771915435791016 7.911978721618652 4.473659992218018
  endloop
endfacet
facet normal 0.0 0.0 0.0
  outer loop
    vertex 11.380744934082031 7.911978721618652 3.9218502044677734
    vertex 10.825175285339355 7.911978721618652 3.0903801918029785
    vertex 11.145035743713379 7.911978721618652 2.898660182952881
  endloop
endfacet
facet normal 0.0 0.0 0.0
  outer loop
    vertex 10.525655746459961 7.911978721618652 3.3125205039978027
    vertex 11.160045623779297 7.911978721618652 4.085529804229736
    vertex 10.956445693969727 7.911978721618652 4.270060062408447
  endloop
endfacet
facet normal 0.0 0.0 0.0
  outer loop
    vertex 10.825175285339355 7.911978721618652 3.0903801918029785
    vertex 11.380744934082031 7.911978721618652 3.9218502044677734
    vertex 11.160045623779297 7.911978721618652 4.085529804229736
  endloop
endfacet
facet normal 0.0 0.0 0.0
  outer loop
    vertex 11.616435050964355 7.911978721618652 3.7805800437927246
    vertex 11.145035743713379 7.911978721618652 2.898660182952881
    vertex 11.482145309448242 7.911978721618652 2.739220142364502
  endloop
endfacet
facet normal 0.0 0.0 0.0
  outer loop
    vertex 11.145035743713379 7.911978721618652 2.898660182952881
    vertex 11.616435050964355 7.911978721618652 3.7805800437927246
    vertex 11.380744934082031 7.911978721618652 3.9218502044677734
  endloop
endfacet
facet normal 0.0 0.0 0.0
  outer loop
    vertex 11.864834785461426 7.911978721618652 3.6631007194519043
    vertex 11.482145309448242 7.911978721618652 2.739220142364502
    vertex 11.833264350891113 7.911978721618652 2.613590717315674
  endloop
endfacet
facet normal 0.0 0.0 0.0
  outer loop
    vertex 11.482145309448242 7.911978721618652 2.739220142364502
    vertex 11.864834785461426 7.911978721618652 3.6631007194519043
    vertex 11.616435050964355 7.911978721618652 3.7805800437927246
  endloop
endfacet
facet normal 0.0 0.0 0.0
  outer loop
    vertex 11.833264350891113 7.911978721618652 2.613590717315674
    vertex 12.123547554016113 7.911978721618652 3.570530414581299
    vertex 11.864834785461426 7.911978721618652 3.6631007194519043
  endloop
endfacet
facet normal 0.0 0.0 0.0
  outer loop
    vertex 12.195001602172852 7.911978721618652 2.522980213165283
    vertex 12.123547554016113 7.911978721618652 3.570530414581299
    vertex 11.833264350891113 7.911978721618652 2.613590717315674
  endloop
endfacet
facet normal 0.0 0.0 0.0
  outer loop
    vertex 12.195001602172852 7.911978721618652 2.522980213165283
    vertex 12.390091896057129 7.911978721618652 3.50376033782959
    vertex 12.123547554016113 7.911978721618652 3.570530414581299
  endloop
endfacet
facet normal 0.0 0.0 0.0
  outer loop
    vertex 12.56387996673584 7.911978721618652 2.4682602882385254
    vertex 12.390091896057129 7.911978721618652 3.50376033782959
    vertex 12.195001602172852 7.911978721618652 2.522980213165283
  endloop
endfacet
facet normal 0.0 0.0 0.0
  outer loop
    vertex 12.56387996673584 7.911978721618652 2.4682602882385254
    vertex 12.661897659301758 7.911978721618652 3.463440418243408
    vertex 12.390091896057129 7.911978721618652 3.50376033782959
  endloop
endfacet
facet normal 0.0 0.0 0.0
  outer loop
    vertex 12.936344146728516 7.911978721618652 2.449960231781006
    vertex 12.661897659301758 7.911978721618652 3.463440418243408
    vertex 12.56387996673584 7.911978721618652 2.4682602882385254
  endloop
endfacet
facet normal 0.0 0.0 0.0
  outer loop
    vertex 12.936344146728516 7.911978721618652 2.449960231781006
    vertex 12.936344146728516 7.911978721618652 3.449960231781006
    vertex 12.661897659301758 7.911978721618652 3.463440418243408
  endloop
endfacet
facet normal 0.0 0.0 0.0
  outer loop
    vertex 12.936344146728516 7.911978721618652 2.449960231781006
    vertex 13.21079158782959 7.911978721618652 3.463440418243408
    vertex 12.936344146728516 7.911978721618652 3.449960231781006
  endloop
endfacet
facet normal 0.0 0.0 0.0
  outer loop
    vertex 13.308808326721191 7.911978721618652 2.4682602882385254
    vertex 13.21079158782959 7.911978721618652 3.463440418243408
    vertex 12.936344146728516 7.911978721618652 2.449960231781006
  endloop
endfacet
facet normal 0.0 0.0 0.0
  outer loop
    vertex 13.308808326721191 7.911978721618652 2.4682602882385254
    vertex 13.482596397399902 7.911978721618652 3.50376033782959
    vertex 13.21079158782959 7.911978721618652 3.463440418243408
  endloop
endfacet
facet normal 0.0 0.0 0.0
  outer loop
    vertex 13.677687644958496 7.911978721618652 2.522980213165283
    vertex 13.482596397399902 7.911978721618652 3.50376033782959
    vertex 13.308808326721191 7.911978721618652 2.4682602882385254
  endloop
endfacet
facet normal 0.0 0.0 0.0
  outer loop
    vertex 13.677687644958496 7.911978721618652 2.522980213165283
    vertex 13.749141693115234 7.911978721618652 3.570530414581299
    vertex 13.482596397399902 7.911978721618652 3.50376033782959
  endloop
endfacet
facet normal 0.0 0.0 0.0
  outer loop
    vertex 14.039423942565918 7.911978721618652 2.613590717315674
    vertex 13.749141693115234 7.911978721618652 3.570530414581299
    vertex 13.677687644958496 7.911978721618652 2.522980213165283
  endloop
endfacet
facet normal 0.0 0.0 0.0
  outer loop
    vertex 13.749141693115234 7.911978721618652 3.570530414581299
    vertex 14.039423942565918 7.911978721618652 2.613590717315674
    vertex 14.007854461669922 7.911978721618652 3.6631007194519043
  endloop
endfacet
facet normal 0.0 0.0 0.0
  outer loop
    vertex 14.390543937683105 7.911978721618652 2.739220142364502
    vertex 14.007854461669922 7.911978721618652 3.6631007194519043
    vertex 14.039423942565918 7.911978721618652 2.613590717315674
  endloop
endfacet
facet normal 0.0 0.0 0.0
  outer loop
    vertex 14.007854461669922 7.911978721618652 3.6631007194519043
    vertex 14.390543937683105 7.911978721618652 2.739220142364502
    vertex 14.256254196166992 7.911978721618652 3.7805800437927246
  endloop
endfacet
facet normal 0.0 0.0 0.0
  outer loop
    vertex 14.727653503417969 7.911978721618652 2.898660182952881
    vertex 14.256254196166992 7.911978721618652 3.7805800437927246
    vertex 14.390543937683105 7.911978721618652 2.739220142364502
  endloop
endfacet
facet normal 0.0 0.0 0.0
  outer loop
    vertex 14.256254196166992 7.911978721618652 3.7805800437927246
    vertex 14.727653503417969 7.911978721618652 2.898660182952881
    vertex 14.491943359375 7.911978721618652 3.9218502044677734
  endloop
endfacet
facet normal 0.0 0.0 0.0
  outer loop
    vertex 15.047513008117676 7.911978721618652 3.0903801918029785
    vertex 14.491943359375 7.911978721618652 3.9218502044677734
    vertex 14.727653503417969 7.911978721618652 2.898660182952881
  endloop
endfacet
facet normal 0.0 0.0 0.0
  outer loop
    vertex 14.491943359375 7.911978721618652 3.9218502044677734
    vertex 15.047513008117676 7.911978721618652 3.0903801918029785
    vertex 14.71264362335205 7.911978721618652 4.085529804229736
  endloop
endfacet
facet normal 0.0 0.0 0.0
  outer loop
    vertex 15.347033500671387 7.911978721618652 3.3125205039978027
    vertex 14.71264362335205 7.911978721618652 4.085529804229736
    vertex 15.047513008117676 7.911978721618652 3.0903801918029785
  endloop
endfacet
facet normal 0.0 0.0 0.0
  outer loop
    vertex 14.71264362335205 7.911978721618652 4.085529804229736
    vertex 15.347033500671387 7.911978721618652 3.3125205039978027
    vertex 14.916243553161621 7.911978721618652 4.270060062408447
  endloop
endfacet
facet normal 0.0 0.0 0.0
  outer loop
    vertex 15.623353004455566 7.911978721618652 3.562950611114502
    vertex 14.916243553161621 7.911978721618652 4.270060062408447
    vertex 15.347033500671387 7.911978721618652 3.3125205039978027
  endloop
endfacet
facet normal 0.0 0.0 0.0
  outer loop
    vertex 14.916243553161621 7.911978721618652 4.270060062408447
    vertex 15.623353004455566 7.911978721618652 3.562950611114502
    vertex 15.100773811340332 7.911978721618652 4.473659992218018
  endloop
endfacet
facet normal 0.0 0.0 0.0
  outer loop
    vertex 15.873784065246582 7.911978721618652 3.8392696380615234
    vertex 15.100773811340332 7.911978721618652 4.473659992218018
    vertex 15.623353004455566 7.911978721618652 3.562950611114502
  endloop
endfacet
facet normal 0.0 0.0 0.0
  outer loop
    vertex 15.100773811340332 7.911978721618652 4.473659992218018
    vertex 15.873784065246582 7.911978721618652 3.8392696380615234
    vertex 15.264452934265137 7.911978721618652 4.69435977935791
  endloop
endfacet
facet normal 0.0 0.0 0.0
  outer loop
    vertex 16.095924377441406 7.911978721618652 4.138789653778076
    vertex 15.264452934265137 7.911978721618652 4.69435977935791
    vertex 15.873784065246582 7.911978721618652 3.8392696380615234
  endloop
endfacet
facet normal 0.0 0.0 0.0
  outer loop
    vertex 15.264452934265137 7.911978721618652 4.69435977935791
    vertex 16.095924377441406 7.911978721618652 4.138789653778076
    vertex 15.405723571777344 7.911978721618652 4.930049896240234
  endloop
endfacet
facet normal 0.0 0.0 0.0
  outer loop
    vertex 16.28764533996582 7.911978721618652 4.458649635314941
    vertex 15.405723571777344 7.911978721618652 4.930049896240234
    vertex 16.095924377441406 7.911978721618652 4.138789653778076
  endloop
endfacet
facet normal 0.0 0.0 0.0
  outer loop
    vertex 15.405723571777344 7.911978721618652 4.930049896240234
    vertex 16.28764533996582 7.911978721618652 4.458649635314941
    vertex 15.52320384979248 7.911978721618652 5.178449630737305
  endloop
endfacet
facet normal 0.0 0.0 0.0
  outer loop
    vertex 16.447084426879883 7.911978721618652 4.795760154724121
    vertex 15.52320384979248 7.911978721618652 5.178449630737305
    vertex 16.28764533996582 7.911978721618652 4.458649635314941
  endloop
endfacet
facet normal 0.0 0.0 0.0
  outer loop
    vertex 15.52320384979248 7.911978721618652 5.178449630737305
    vertex 16.447084426879883 7.911978721618652 4.795760154724121
    vertex 15.61577320098877 7.911978721618652 5.437162399291992
  endloop
endfacet
facet normal 0.0 0.0 0.0
  outer loop
    vertex 10.349485397338867 7.911978721618652 7.321469306945801
    vertex 9.425604820251465 7.911978721618652 7.704159259796143
    vertex 10.256915092468262 7.911978721618652 7.062756538391113
  endloop
endfacet
facet normal 0.0 0.0 0.0
  outer loop
    vertex 9.425604820251465 7.911978721618652 7.704159259796143
    vertex 10.349485397338867 7.911978721618652 7.321469306945801
    vertex 9.585044860839844 7.911978721618652 8.041269302368164
  endloop
endfacet
facet normal 0.0 0.0 0.0
  outer loop
    vertex 10.466965675354004 7.911978721618652 7.569869518280029
    vertex 9.585044860839844 7.911978721618652 8.041269302368164
    vertex 10.349485397338867 7.911978721618652 7.321469306945801
  endloop
endfacet
facet normal 0.0 0.0 0.0
  outer loop
    vertex 9.585044860839844 7.911978721618652 8.041269302368164
    vertex 10.466965675354004 7.911978721618652 7.569869518280029
    vertex 9.776764869689941 7.911978721618652 8.361128807067871
  endloop
endfacet
facet normal 0.0 0.0 0.0
  outer loop
    vertex 10.608235359191895 7.911978721618652 7.8055596351623535
    vertex 9.776764869689941 7.911978721618652 8.361128807067871
    vertex 10.466965675354004 7.911978721618652 7.569869518280029
  endloop
endfacet
facet normal 0.0 0.0 0.0
  outer loop
    vertex 9.776764869689941 7.911978721618652 8.361128807067871
    vertex 10.608235359191895 7.911978721618652 7.8055596351623535
    vertex 9.998905181884766 7.911978721618652 8.660649299621582
  endloop
endfacet
facet normal 0.0 0.0 0.0
  outer loop
    vertex 10.771915435791016 7.911978721618652 8.026259422302246
    vertex 9.998905181884766 7.911978721618652 8.660649299621582
    vertex 10.608235359191895 7.911978721618652 7.8055596351623535
  endloop
endfacet
facet normal 0.0 0.0 0.0
  outer loop
    vertex 9.998905181884766 7.911978721618652 8.660649299621582
    vertex 10.771915435791016 7.911978721618652 8.026259422302246
    vertex 10.249335289001465 7.911978721618652 8.936968803405762
  endloop
endfacet
facet normal 0.0 0.0 0.0
  outer loop
    vertex 10.956445693969727 7.911978721618652 8.229859352111816
    vertex 10.249335289001465 7.911978721618652 8.936968803405762
    vertex 10.771915435791016 7.911978721618652 8.026259422302246
  endloop
endfacet
facet normal 0.0 0.0 0.0
  outer loop
    vertex 10.249335289001465 7.911978721618652 8.936968803405762
    vertex 10.956445693969727 7.911978721618652 8.229859352111816
    vertex 10.525655746459961 7.911978721618652 9.187398910522461
  endloop
endfacet
facet normal 0.0 0.0 0.0
  outer loop
    vertex 11.160045623779297 7.911978721618652 8.414388656616211
    vertex 10.525655746459961 7.911978721618652 9.187398910522461
    vertex 10.956445693969727 7.911978721618652 8.229859352111816
  endloop
endfacet
facet normal 0.0 0.0 0.0
  outer loop
    vertex 10.525655746459961 7.911978721618652 9.187398910522461
    vertex 11.160045623779297 7.911978721618652 8.414388656616211
    vertex 10.825175285339355 7.911978721618652 9.409539222717285
  endloop
endfacet
facet normal 0.0 0.0 0.0
  outer loop
    vertex 11.380744934082031 7.911978721618652 8.578068733215332
    vertex 10.825175285339355 7.911978721618652 9.409539222717285
    vertex 11.160045623779297 7.911978721618652 8.414388656616211
  endloop
endfacet
facet normal 0.0 0.0 0.0
  outer loop
    vertex 10.825175285339355 7.911978721618652 9.409539222717285
    vertex 11.380744934082031 7.911978721618652 8.578068733215332
    vertex 11.145035743713379 7.911978721618652 9.601259231567383
  endloop
endfacet
facet normal 0.0 0.0 0.0
  outer loop
    vertex 11.616435050964355 7.911978721618652 8.719339370727539
    vertex 11.145035743713379 7.911978721618652 9.601259231567383
    vertex 11.380744934082031 7.911978721618652 8.578068733215332
  endloop
endfacet
facet normal 0.0 0.0 0.0
  outer loop
    vertex 11.145035743713379 7.911978721618652 9.601259231567383
    vertex 11.616435050964355 7.911978721618652 8.719339370727539
    vertex 11.482145309448242 7.911978721618652 9.760699272155762
  endloop
endfacet
facet normal 0.0 0.0 0.0
  outer loop
    vertex 11.864834785461426 7.911978721618652 8.83681869506836
    vertex 11.482145309448242 7.911978721618652 9.760699272155762
    vertex 11.616435050964355 7.911978721618652 8.719339370727539
  endloop
endfacet
facet normal 0.0 0.0 0.0
  outer loop
    vertex 11.482145309448242 7.911978721618652 9.760699272155762
    vertex 11.864834785461426 7.911978721618652 8.83681869506836
    vertex 11.833264350891113 7.911978721618652 9.88632869720459
  endloop
endfacet
facet normal 0.0 0.0 0.0
  outer loop
    vertex 12.123547554016113 7.911978721618652 8.929388999938965
    vertex 11.833264350891113 7.911978721618652 9.88632869720459
    vertex 11.864834785461426 7.911978721618652 8.83681869506836
  endloop
endfacet
facet normal 0.0 0.0 0.0
  outer loop
    vertex 12.123547554016113 7.911978721618652 8.929388999938965
    vertex 12.195001602172852 7.911978721618652 9.97693920135498
    vertex 11.833264350891113 7.911978721618652 9.88632869720459
  endloop
endfacet
facet normal 0.0 0.0 0.0
  outer loop
    vertex 12.390091896057129 7.911978721618652 8.996158599853516
    vertex 12.195001602172852 7.911978721618652 9.97693920135498
    vertex 12.123547554016113 7.911978721618652 8.929388999938965
  endloop
endfacet
facet normal 0.0 0.0 0.0
  outer loop
    vertex 12.390091896057129 7.911978721618652 8.996158599853516
    vertex 12.56387996673584 7.911978721618652 10.031659126281738
    vertex 12.195001602172852 7.911978721618652 9.97693920135498
  endloop
endfacet
facet normal 0.0 0.0 0.0
  outer loop
    vertex 12.661897659301758 7.911978721618652 9.036478996276855
    vertex 12.56387996673584 7.911978721618652 10.031659126281738
    vertex 12.390091896057129 7.911978721618652 8.996158599853516
  endloop
endfacet
facet normal 0.0 0.0 0.0
  outer loop
    vertex 12.936344146728516 7.911978721618652 9.049959182739258
    vertex 12.56387996673584 7.911978721618652 10.031659126281738
    vertex 12.661897659301758 7.911978721618652 9.036478996276855
  endloop
endfacet
facet normal 0.0 0.0 0.0
  outer loop
    vertex 12.936344146728516 7.911978721618652 9.049959182739258
    vertex 12.936344146728516 7.911978721618652 10.049959182739258
    vertex 12.56387996673584 7.911978721618652 10.031659126281738
  endloop
endfacet
facet normal 0.0 0.0 0.0
  outer loop
    vertex 13.21079158782959 7.911978721618652 9.036478996276855
    vertex 12.936344146728516 7.911978721618652 10.049959182739258
    vertex 12.936344146728516 7.911978721618652 9.049959182739258
  endloop
endfacet
facet normal 0.0 0.0 0.0
  outer loop
    vertex 13.21079158782959 7.911978721618652 9.036478996276855
    vertex 13.308808326721191 7.911978721618652 10.031659126281738
    vertex 12.936344146728516 7.911978721618652 10.049959182739258
  endloop
endfacet
facet normal 0.0 0.0 0.0
  outer loop
    vertex 13.482596397399902 7.911978721618652 8.996158599853516
    vertex 13.308808326721191 7.911978721618652 10.031659126281738
    vertex 13.21079158782959 7.911978721618652 9.036478996276855
  endloop
endfacet
facet normal 0.0 0.0 0.0
  outer loop
    vertex 13.482596397399902 7.911978721618652 8.996158599853516
    vertex 13.677687644958496 7.911978721618652 9.97693920135498
    vertex 13.308808326721191 7.911978721618652 10.031659126281738
  endloop
endfacet
facet normal 0.0 0.0 0.0
  outer loop
    vertex 13.749141693115234 7.911978721618652 8.929388999938965
    vertex 13.677687644958496 7.911978721618652 9.97693920135498
    vertex 13.482596397399902 7.911978721618652 8.996158599853516
  endloop
endfacet
facet normal 0.0 0.0 0.0
  outer loop
    vertex 14.039423942565918 7.911978721618652 9.88632869720459
    vertex 13.749141693115234 7.911978721618652 8.929388999938965
    vertex 14.007854461669922 7.911978721618652 8.83681869506836
  endloop
endfacet
facet normal 0.0 0.0 0.0
  outer loop
    vertex 13.749141693115234 7.911978721618652 8.929388999938965
    vertex 14.039423942565918 7.911978721618652 9.88632869720459
    vertex 13.677687644958496 7.911978721618652 9.97693920135498
  endloop
endfacet
facet normal 0.0 0.0 0.0
  outer loop
    vertex 14.390543937683105 7.911978721618652 9.760699272155762
    vertex 14.007854461669922 7.911978721618652 8.83681869506836
    vertex 14.256254196166992 7.911978721618652 8.719339370727539
  endloop
endfacet
facet normal 0.0 0.0 0.0
  outer loop
    vertex 14.007854461669922 7.911978721618652 8.83681869506836
    vertex 14.390543937683105 7.911978721618652 9.760699272155762
    vertex 14.039423942565918 7.911978721618652 9.88632869720459
  endloop
endfacet
facet normal 0.0 0.0 0.0
  outer loop
    vertex 14.727653503417969 7.911978721618652 9.601259231567383
    vertex 14.256254196166992 7.911978721618652 8.719339370727539
    vertex 14.491943359375 7.911978721618652 8.578068733215332
  endloop
endfacet
facet normal 0.0 0.0 0.0
  outer loop
    vertex 15.047513008117676 7.911978721618652 9.409539222717285
    vertex 14.491943359375 7.911978721618652 8.578068733215332
    vertex 14.71264362335205 7.911978721618652 8.414388656616211
  endloop
endfacet
facet normal 0.0 0.0 0.0
  outer loop
    vertex 14.256254196166992 7.911978721618652 8.719339370727539
    vertex 14.727653503417969 7.911978721618652 9.601259231567383
    vertex 14.390543937683105 7.911978721618652 9.760699272155762
  endloop
endfacet
facet normal 0.0 0.0 0.0
  outer loop
    vertex 15.347033500671387 7.911978721618652 9.187398910522461
    vertex 14.71264362335205 7.911978721618652 8.414388656616211
    vertex 14.916243553161621 7.911978721618652 8.229859352111816
  endloop
endfacet
facet normal 0.0 0.0 0.0
  outer loop
    vertex 14.491943359375 7.911978721618652 8.578068733215332
    vertex 15.047513008117676 7.911978721618652 9.409539222717285
    vertex 14.727653503417969 7.911978721618652 9.601259231567383
  endloop
endfacet
facet normal 0.0 0.0 0.0
  outer loop
    vertex 15.623353004455566 7.911978721618652 8.936968803405762
    vertex 14.916243553161621 7.911978721618652 8.229859352111816
    vertex 15.100773811340332 7.911978721618652 8.026259422302246
  endloop
endfacet
facet normal 0.0 0.0 0.0
  outer loop
    vertex 15.873784065246582 7.911978721618652 8.660649299621582
    vertex 15.100773811340332 7.911978721618652 8.026259422302246
    vertex 15.264452934265137 7.911978721618652 7.805559158325195
  endloop
endfacet
facet normal 0.0 0.0 0.0
  outer loop
    vertex 14.71264362335205 7.911978721618652 8.414388656616211
    vertex 15.347033500671387 7.911978721618652 9.187398910522461
    vertex 15.047513008117676 7.911978721618652 9.409539222717285
  endloop
endfacet
facet normal 0.0 0.0 0.0
  outer loop
    vertex 16.095924377441406 7.911978721618652 8.361128807067871
    vertex 15.264452934265137 7.911978721618652 7.805559158325195
    vertex 15.405723571777344 7.911978721618652 7.569869041442871
  endloop
endfacet
facet normal 0.0 0.0 0.0
  outer loop
    vertex 16.28764533996582 7.911978721618652 8.041269302368164
    vertex 15.405723571777344 7.911978721618652 7.569869041442871
    vertex 15.52320384979248 7.911978721618652 7.321468830108643
  endloop
endfacet
facet normal 0.0 0.0 0.0
  outer loop
    vertex 16.447084426879883 7.911978721618652 7.704158782958984
    vertex 15.52320384979248 7.911978721618652 7.321468830108643
    vertex 15.61577320098877 7.911978721618652 7.062756061553955
  endloop
endfacet
facet normal 0.0 0.0 0.0
  outer loop
    vertex 14.916243553161621 7.911978721618652 8.229859352111816
    vertex 15.623353004455566 7.911978721618652 8.936968803405762
    vertex 15.347033500671387 7.911978721618652 9.187398910522461
  endloop
endfacet
facet normal 0.0 0.0 0.0
  outer loop
    vertex 16.572715759277344 7.911978721618652 7.353038787841797
    vertex 15.61577320098877 7.911978721618652 7.062756061553955
    vertex 15.682543754577637 7.911978721618652 6.796211242675781
  endloop
endfacet
facet normal 0.0 0.0 0.0
  outer loop
    vertex 16.6633243560791 7.911978721618652 6.991302490234375
    vertex 15.682543754577637 7.911978721618652 6.796211242675781
    vertex 15.72286319732666 7.911978721618652 6.524406433105469
  endloop
endfacet
facet normal 0.0 0.0 0.0
  outer loop
    vertex 16.718046188354492 7.911978721618652 6.62242317199707
    vertex 15.72286319732666 7.911978721618652 6.524406433105469
    vertex 15.736343383789062 7.911978721618652 6.2499589920043945
  endloop
endfacet
facet normal 0.0 0.0 0.0
  outer loop
    vertex 16.572715759277344 7.911978721618652 5.146880149841309
    vertex 15.61577320098877 7.911978721618652 5.437162399291992
    vertex 16.447084426879883 7.911978721618652 4.795760154724121
  endloop
endfacet
facet normal 0.0 0.0 0.0
  outer loop
    vertex 15.100773811340332 7.911978721618652 8.026259422302246
    vertex 15.873784065246582 7.911978721618652 8.660649299621582
    vertex 15.623353004455566 7.911978721618652 8.936968803405762
  endloop
endfacet
facet normal 0.0 0.0 0.0
  outer loop
    vertex 15.61577320098877 7.911978721618652 5.437162399291992
    vertex 16.572715759277344 7.911978721618652 5.146880149841309
    vertex 15.682543754577637 7.911978721618652 5.703707695007324
  endloop
endfacet
facet normal 0.0 0.0 0.0
  outer loop
    vertex 15.264452934265137 7.911978721618652 7.805559158325195
    vertex 16.095924377441406 7.911978721618652 8.361128807067871
    vertex 15.873784065246582 7.911978721618652 8.660649299621582
  endloop
endfacet
facet normal 0.0 0.0 0.0
  outer loop
    vertex 16.6633243560791 7.911978721618652 5.5086164474487305
    vertex 15.682543754577637 7.911978721618652 5.703707695007324
    vertex 16.572715759277344 7.911978721618652 5.146880149841309
  endloop
endfacet
facet normal 0.0 0.0 0.0
  outer loop
    vertex 15.405723571777344 7.911978721618652 7.569869041442871
    vertex 16.28764533996582 7.911978721618652 8.041269302368164
    vertex 16.095924377441406 7.911978721618652 8.361128807067871
  endloop
endfacet
facet normal 0.0 0.0 0.0
  outer loop
    vertex 15.682543754577637 7.911978721618652 5.703707695007324
    vertex 16.6633243560791 7.911978721618652 5.5086164474487305
    vertex 15.72286319732666 7.911978721618652 5.975512504577637
  endloop
endfacet
facet normal 0.0 0.0 0.0
  outer loop
    vertex 15.52320384979248 7.911978721618652 7.321468830108643
    vertex 16.447084426879883 7.911978721618652 7.704158782958984
    vertex 16.28764533996582 7.911978721618652 8.041269302368164
  endloop
endfacet
facet normal 0.0 0.0 0.0
  outer loop
    vertex 16.718046188354492 7.911978721618652 5.877495288848877
    vertex 15.72286319732666 7.911978721618652 5.975512504577637
    vertex 16.6633243560791 7.911978721618652 5.5086164474487305
  endloop
endfacet
facet normal 0.0 0.0 0.0
  outer loop
    vertex 15.61577320098877 7.911978721618652 7.062756061553955
    vertex 16.572715759277344 7.911978721618652 7.353038787841797
    vertex 16.447084426879883 7.911978721618652 7.704158782958984
  endloop
endfacet
facet normal 0.0 0.0 0.0
  outer loop
    vertex 15.72286319732666 7.911978721618652 5.975512504577637
    vertex 16.718046188354492 7.911978721618652 5.877495288848877
    vertex 15.736343383789062 7.911978721618652 6.2499589920043945
  endloop
endfacet
facet normal 0.0 0.0 0.0
  outer loop
    vertex 15.682543754577637 7.911978721618652 6.796211242675781
    vertex 16.6633243560791 7.911978721618652 6.991302490234375
    vertex 16.572715759277344 7.911978721618652 7.353038787841797
  endloop
endfacet
facet normal 0.0 0.0 0.0
  outer loop
    vertex 16.736345291137695 7.911978721618652 6.2499589920043945
    vertex 15.736343383789062 7.911978721618652 6.2499589920043945
    vertex 16.718046188354492 7.911978721618652 5.877495288848877
  endloop
endfacet
facet normal 0.0 0.0 0.0
  outer loop
    vertex 15.72286319732666 7.911978721618652 6.524406433105469
    vertex 16.718046188354492 7.911978721618652 6.62242317199707
    vertex 16.6633243560791 7.911978721618652 6.991302490234375
  endloop
endfacet
facet normal 0.0 0.0 0.0
  outer loop
    vertex 15.736343383789062 7.911978721618652 6.2499589920043945
    vertex 16.736345291137695 7.911978721618652 6.2499589920043945
    vertex 16.718046188354492 7.911978721618652 6.62242317199707
  endloop
endfacet
facet normal 0.0 0.0 0.0
  outer loop
    vertex 15.873784065246582 7.911978721618652 3.8392696380615234
    vertex 16.095924377441406 9.911979675292969 4.138789653778076
    vertex 16.095924377441406 7.911978721618652 4.138789653778076
  endloop
endfacet
facet normal 0.0 0.0 0.0
  outer loop
    vertex 16.095924377441406 9.911979675292969 4.138789653778076
    vertex 15.873784065246582 7.911978721618652 3.8392696380615234
    vertex 15.873784065246582 9.911979675292969 3.8392696380615234
  endloop
endfacet
facet normal 0.0 0.0 0.0
  outer loop
    vertex 16.095924377441406 7.911978721618652 4.138789653778076
    vertex 16.28764533996582 9.911979675292969 4.458649635314941
    vertex 16.28764533996582 7.911978721618652 4.458649635314941
  endloop
endfacet
facet normal 0.0 0.0 0.0
  outer loop
    vertex 16.28764533996582 9.911979675292969 4.458649635314941
    vertex 16.095924377441406 7.911978721618652 4.138789653778076
    vertex 16.095924377441406 9.911979675292969 4.138789653778076
  endloop
endfacet
facet normal 0.0 0.0 0.0
  outer loop
    vertex 16.28764533996582 7.911978721618652 4.458649635314941
    vertex 16.447084426879883 9.911979675292969 4.795760154724121
    vertex 16.447084426879883 7.911978721618652 4.795760154724121
  endloop
endfacet
facet normal 0.0 0.0 0.0
  outer loop
    vertex 16.447084426879883 9.911979675292969 4.795760154724121
    vertex 16.28764533996582 7.911978721618652 4.458649635314941
    vertex 16.28764533996582 9.911979675292969 4.458649635314941
  endloop
endfacet
facet normal 0.0 0.0 0.0
  outer loop
    vertex 10.136344909667969 9.911979675292969 6.249959945678711
    vertex 9.136344909667969 9.911978721618652 6.249959945678711
    vertex 9.154644966125488 9.911978721618652 6.622424125671387
  endloop
endfacet
facet normal 0.0 0.0 0.0
  outer loop
    vertex 10.149825096130371 9.911979675292969 6.524406433105469
    vertex 9.154644966125488 9.911978721618652 6.622424125671387
    vertex 9.209364891052246 9.911978721618652 6.991302490234375
  endloop
endfacet
facet normal 0.0 0.0 0.0
  outer loop
    vertex 9.136344909667969 9.911978721618652 6.249959945678711
    vertex 10.136344909667969 9.911979675292969 6.249959945678711
    vertex 9.154644966125488 9.911978721618652 5.877495765686035
  endloop
endfacet
facet normal 0.0 0.0 0.0
  outer loop
    vertex 10.190145492553711 9.911979675292969 6.796211242675781
    vertex 9.209364891052246 9.911978721618652 6.991302490234375
    vertex 9.299975395202637 9.911978721618652 7.353039264678955
  endloop
endfacet
facet normal 0.0 0.0 0.0
  outer loop
    vertex 10.149825096130371 9.911979675292969 5.975512981414795
    vertex 9.154644966125488 9.911978721618652 5.877495765686035
    vertex 10.136344909667969 9.911979675292969 6.249959945678711
  endloop
endfacet
facet normal 0.0 0.0 0.0
  outer loop
    vertex 10.256915092468262 9.911979675292969 7.062756538391113
    vertex 9.299975395202637 9.911978721618652 7.353039264678955
    vertex 9.425604820251465 9.911979675292969 7.704159259796143
  endloop
endfacet
facet normal 0.0 0.0 0.0
  outer loop
    vertex 9.154644966125488 9.911978721618652 5.877495765686035
    vertex 10.149825096130371 9.911979675292969 5.975512981414795
    vertex 9.209364891052246 9.911978721618652 5.508616924285889
  endloop
endfacet
facet normal 0.0 0.0 0.0
  outer loop
    vertex 10.349485397338867 9.911979675292969 7.321469306945801
    vertex 9.425604820251465 9.911979675292969 7.704159259796143
    vertex 9.585044860839844 9.911979675292969 8.041269302368164
  endloop
endfacet
facet normal 0.0 0.0 0.0
  outer loop
    vertex 10.190145492553711 9.911979675292969 5.703708171844482
    vertex 9.209364891052246 9.911978721618652 5.508616924285889
    vertex 10.149825096130371 9.911979675292969 5.975512981414795
  endloop
endfacet
facet normal 0.0 0.0 0.0
  outer loop
    vertex 10.466965675354004 9.911979675292969 7.569869518280029
    vertex 9.585044860839844 9.911979675292969 8.041269302368164
    vertex 9.776764869689941 9.911979675292969 8.361128807067871
  endloop
endfacet
facet normal 0.0 0.0 0.0
  outer loop
    vertex 9.209364891052246 9.911978721618652 5.508616924285889
    vertex 10.190145492553711 9.911979675292969 5.703708171844482
    vertex 9.299975395202637 9.911978721618652 5.146880149841309
  endloop
endfacet
facet normal 0.0 0.0 0.0
  outer loop
    vertex 10.608235359191895 9.911979675292969 7.8055596351623535
    vertex 9.776764869689941 9.911979675292969 8.361128807067871
    vertex 9.998906135559082 9.911979675292969 8.660649299621582
  endloop
endfacet
facet normal 0.0 0.0 0.0
  outer loop
    vertex 10.256915092468262 9.911979675292969 5.43716287612915
    vertex 9.299975395202637 9.911978721618652 5.146880149841309
    vertex 10.190145492553711 9.911979675292969 5.703708171844482
  endloop
endfacet
facet normal 0.0 0.0 0.0
  outer loop
    vertex 9.299975395202637 9.911978721618652 5.146880149841309
    vertex 10.256915092468262 9.911979675292969 5.43716287612915
    vertex 9.425604820251465 9.911979675292969 4.795760154724121
  endloop
endfacet
facet normal 0.0 0.0 0.0
  outer loop
    vertex 9.154644966125488 9.911978721618652 6.622424125671387
    vertex 10.149825096130371 9.911979675292969 6.524406433105469
    vertex 10.136344909667969 9.911979675292969 6.249959945678711
  endloop
endfacet
facet normal 0.0 0.0 0.0
  outer loop
    vertex 9.209364891052246 9.911978721618652 6.991302490234375
    vertex 10.190145492553711 9.911979675292969 6.796211242675781
    vertex 10.149825096130371 9.911979675292969 6.524406433105469
  endloop
endfacet
facet normal 0.0 0.0 0.0
  outer loop
    vertex 10.771915435791016 9.911979675292969 8.026259422302246
    vertex 9.998906135559082 9.911979675292969 8.660649299621582
    vertex 10.249336242675781 9.911979675292969 8.936968803405762
  endloop
endfacet
facet normal 0.0 0.0 0.0
  outer loop
    vertex 9.299975395202637 9.911978721618652 7.353039264678955
    vertex 10.256915092468262 9.911979675292969 7.062756538391113
    vertex 10.190145492553711 9.911979675292969 6.796211242675781
  endloop
endfacet
facet normal 0.0 0.0 0.0
  outer loop
    vertex 9.425604820251465 9.911979675292969 7.704159259796143
    vertex 10.349485397338867 9.911979675292969 7.321469306945801
    vertex 10.256915092468262 9.911979675292969 7.062756538391113
  endloop
endfacet
facet normal 0.0 0.0 0.0
  outer loop
    vertex 9.585044860839844 9.911979675292969 8.041269302368164
    vertex 10.466965675354004 9.911979675292969 7.569869518280029
    vertex 10.349485397338867 9.911979675292969 7.321469306945801
  endloop
endfacet
facet normal 0.0 0.0 0.0
  outer loop
    vertex 10.956445693969727 9.911979675292969 8.229859352111816
    vertex 10.249336242675781 9.911979675292969 8.936968803405762
    vertex 10.525656700134277 9.911979675292969 9.187398910522461
  endloop
endfacet
facet normal 0.0 0.0 0.0
  outer loop
    vertex 9.776764869689941 9.911979675292969 8.361128807067871
    vertex 10.608235359191895 9.911979675292969 7.8055596351623535
    vertex 10.466965675354004 9.911979675292969 7.569869518280029
  endloop
endfacet
facet normal 0.0 0.0 0.0
  outer loop
    vertex 9.998906135559082 9.911979675292969 8.660649299621582
    vertex 10.771915435791016 9.911979675292969 8.026259422302246
    vertex 10.608235359191895 9.911979675292969 7.8055596351623535
  endloop
endfacet
facet normal 0.0 0.0 0.0
  outer loop
    vertex 11.160045623779297 9.911979675292969 8.414388656616211
    vertex 10.525656700134277 9.911979675292969 9.187398910522461
    vertex 10.825176239013672 9.911979675292969 9.409539222717285
  endloop
endfacet
facet normal 0.0 0.0 0.0
  outer loop
    vertex 10.249336242675781 9.911979675292969 8.936968803405762
    vertex 10.956445693969727 9.911979675292969 8.229859352111816
    vertex 10.771915435791016 9.911979675292969 8.026259422302246
  endloop
endfacet
facet normal 0.0 0.0 0.0
  outer loop
    vertex 11.380744934082031 9.911979675292969 8.578068733215332
    vertex 10.825176239013672 9.911979675292969 9.409539222717285
    vertex 11.145036697387695 9.911979675292969 9.601259231567383
  endloop
endfacet
facet normal 0.0 0.0 0.0
  outer loop
    vertex 10.525656700134277 9.911979675292969 9.187398910522461
    vertex 11.160045623779297 9.911979675292969 8.414388656616211
    vertex 10.956445693969727 9.911979675292969 8.229859352111816
  endloop
endfacet
facet normal 0.0 0.0 0.0
  outer loop
    vertex 10.825176239013672 9.911979675292969 9.409539222717285
    vertex 11.380744934082031 9.911979675292969 8.578068733215332
    vertex 11.160045623779297 9.911979675292969 8.414388656616211
  endloop
endfacet
facet normal 0.0 0.0 0.0
  outer loop
    vertex 11.616436004638672 9.911979675292969 8.719339370727539
    vertex 11.145036697387695 9.911979675292969 9.601259231567383
    vertex 11.482146263122559 9.911979675292969 9.760699272155762
  endloop
endfacet
facet normal 0.0 0.0 0.0
  outer loop
    vertex 11.145036697387695 9.911979675292969 9.601259231567383
    vertex 11.616436004638672 9.911979675292969 8.719339370727539
    vertex 11.380744934082031 9.911979675292969 8.578068733215332
  endloop
endfacet
facet normal 0.0 0.0 0.0
  outer loop
    vertex 11.864835739135742 9.911979675292969 8.83681869506836
    vertex 11.482146263122559 9.911979675292969 9.760699272155762
    vertex 11.83326530456543 9.911979675292969 9.88632869720459
  endloop
endfacet
facet normal 0.0 0.0 0.0
  outer loop
    vertex 11.482146263122559 9.911979675292969 9.760699272155762
    vertex 11.864835739135742 9.911979675292969 8.83681869506836
    vertex 11.616436004638672 9.911979675292969 8.719339370727539
  endloop
endfacet
facet normal 0.0 0.0 0.0
  outer loop
    vertex 11.83326530456543 9.911979675292969 9.88632869720459
    vertex 12.12354850769043 9.911979675292969 8.929388999938965
    vertex 11.864835739135742 9.911979675292969 8.83681869506836
  endloop
endfacet
facet normal 0.0 0.0 0.0
  outer loop
    vertex 12.195002555847168 9.911979675292969 9.97693920135498
    vertex 12.12354850769043 9.911979675292969 8.929388999938965
    vertex 11.83326530456543 9.911979675292969 9.88632869720459
  endloop
endfacet
facet normal 0.0 0.0 0.0
  outer loop
    vertex 12.195002555847168 9.911979675292969 9.97693920135498
    vertex 12.390092849731445 9.911979675292969 8.996158599853516
    vertex 12.12354850769043 9.911979675292969 8.929388999938965
  endloop
endfacet
facet normal 0.0 0.0 0.0
  outer loop
    vertex 12.563880920410156 9.911979675292969 10.031659126281738
    vertex 12.390092849731445 9.911979675292969 8.996158599853516
    vertex 12.195002555847168 9.911979675292969 9.97693920135498
  endloop
endfacet
facet normal 0.0 0.0 0.0
  outer loop
    vertex 12.563880920410156 9.911979675292969 10.031659126281738
    vertex 12.661898612976074 9.911979675292969 9.036478996276855
    vertex 12.390092849731445 9.911979675292969 8.996158599853516
  endloop
endfacet
facet normal 0.0 0.0 0.0
  outer loop
    vertex 12.936345100402832 9.911979675292969 10.049959182739258
    vertex 12.661898612976074 9.911979675292969 9.036478996276855
    vertex 12.563880920410156 9.911979675292969 10.031659126281738
  endloop
endfacet
facet normal 0.0 0.0 0.0
  outer loop
    vertex 12.936345100402832 9.911979675292969 10.049959182739258
    vertex 12.936345100402832 9.911979675292969 9.049959182739258
    vertex 12.661898612976074 9.911979675292969 9.036478996276855
  endloop
endfacet
facet normal 0.0 0.0 0.0
  outer loop
    vertex 12.936345100402832 9.911979675292969 10.049959182739258
    vertex 13.210792541503906 9.911979675292969 9.036478996276855
    vertex 12.936345100402832 9.911979675292969 9.049959182739258
  endloop
endfacet
facet normal 0.0 0.0 0.0
  outer loop
    vertex 13.308809280395508 9.911979675292969 10.031659126281738
    vertex 13.210792541503906 9.911979675292969 9.036478996276855
    vertex 12.936345100402832 9.911979675292969 10.049959182739258
  endloop
endfacet
facet normal 0.0 0.0 0.0
  outer loop
    vertex 13.308809280395508 9.911979675292969 10.031659126281738
    vertex 13.482597351074219 9.911979675292969 8.996158599853516
    vertex 13.210792541503906 9.911979675292969 9.036478996276855
  endloop
endfacet
facet normal 0.0 0.0 0.0
  outer loop
    vertex 13.677688598632812 9.911979675292969 9.97693920135498
    vertex 13.482597351074219 9.911979675292969 8.996158599853516
    vertex 13.308809280395508 9.911979675292969 10.031659126281738
  endloop
endfacet
facet normal 0.0 0.0 0.0
  outer loop
    vertex 13.677688598632812 9.911979675292969 9.97693920135498
    vertex 13.74914264678955 9.911979675292969 8.929388999938965
    vertex 13.482597351074219 9.911979675292969 8.996158599853516
  endloop
endfacet
facet normal 0.0 0.0 0.0
  outer loop
    vertex 14.039424896240234 9.911979675292969 9.88632869720459
    vertex 13.74914264678955 9.911979675292969 8.929388999938965
    vertex 13.677688598632812 9.911979675292969 9.97693920135498
  endloop
endfacet
facet normal 0.0 0.0 0.0
  outer loop
    vertex 13.74914264678955 9.911979675292969 8.929388999938965
    vertex 14.039424896240234 9.911979675292969 9.88632869720459
    vertex 14.007855415344238 9.911979675292969 8.83681869506836
  endloop
endfacet
facet normal 0.0 0.0 0.0
  outer loop
    vertex 14.390544891357422 9.911979675292969 9.760699272155762
    vertex 14.007855415344238 9.911979675292969 8.83681869506836
    vertex 14.039424896240234 9.911979675292969 9.88632869720459
  endloop
endfacet
facet normal 0.0 0.0 0.0
  outer loop
    vertex 14.007855415344238 9.911979675292969 8.83681869506836
    vertex 14.390544891357422 9.911979675292969 9.760699272155762
    vertex 14.256255149841309 9.911979675292969 8.719339370727539
  endloop
endfacet
facet normal 0.0 0.0 0.0
  outer loop
    vertex 14.727654457092285 9.911979675292969 9.601259231567383
    vertex 14.256255149841309 9.911979675292969 8.719339370727539
    vertex 14.390544891357422 9.911979675292969 9.760699272155762
  endloop
endfacet
facet normal 0.0 0.0 0.0
  outer loop
    vertex 14.256255149841309 9.911979675292969 8.719339370727539
    vertex 14.727654457092285 9.911979675292969 9.601259231567383
    vertex 14.491943359375 9.911979675292969 8.578068733215332
  endloop
endfacet
facet normal 0.0 0.0 0.0
  outer loop
    vertex 15.047513961791992 9.911979675292969 9.409539222717285
    vertex 14.491943359375 9.911979675292969 8.578068733215332
    vertex 14.727654457092285 9.911979675292969 9.601259231567383
  endloop
endfacet
facet normal 0.0 0.0 0.0
  outer loop
    vertex 14.491943359375 9.911979675292969 8.578068733215332
    vertex 15.047513961791992 9.911979675292969 9.409539222717285
    vertex 14.71264362335205 9.911979675292969 8.414388656616211
  endloop
endfacet
facet normal 0.0 0.0 0.0
  outer loop
    vertex 15.347034454345703 9.911979675292969 9.187398910522461
    vertex 14.71264362335205 9.911979675292969 8.414388656616211
    vertex 15.047513961791992 9.911979675292969 9.409539222717285
  endloop
endfacet
facet normal 0.0 0.0 0.0
  outer loop
    vertex 14.71264362335205 9.911979675292969 8.414388656616211
    vertex 15.347034454345703 9.911979675292969 9.187398910522461
    vertex 14.916243553161621 9.911979675292969 8.229859352111816
  endloop
endfacet
facet normal 0.0 0.0 0.0
  outer loop
    vertex 15.623353958129883 9.911979675292969 8.936968803405762
    vertex 14.916243553161621 9.911979675292969 8.229859352111816
    vertex 15.347034454345703 9.911979675292969 9.187398910522461
  endloop
endfacet
facet normal 0.0 0.0 0.0
  outer loop
    vertex 14.916243553161621 9.911979675292969 8.229859352111816
    vertex 15.623353958129883 9.911979675292969 8.936968803405762
    vertex 15.100773811340332 9.911979675292969 8.026259422302246
  endloop
endfacet
facet normal 0.0 0.0 0.0
  outer loop
    vertex 15.873784065246582 9.911979675292969 8.660649299621582
    vertex 15.100773811340332 9.911979675292969 8.026259422302246
    vertex 15.623353958129883 9.911979675292969 8.936968803405762
  endloop
endfacet
facet normal 0.0 0.0 0.0
  outer loop
    vertex 15.100773811340332 9.911979675292969 8.026259422302246
    vertex 15.873784065246582 9.911979675292969 8.660649299621582
    vertex 15.264452934265137 9.911979675292969 7.805559158325195
  endloop
endfacet
facet normal 0.0 0.0 0.0
  outer loop
    vertex 16.095924377441406 9.911979675292969 8.361128807067871
    vertex 15.264452934265137 9.911979675292969 7.805559158325195
    vertex 15.873784065246582 9.911979675292969 8.660649299621582
  endloop
endfacet
facet normal 0.0 0.0 0.0
  outer loop
    vertex 15.264452934265137 9.911979675292969 7.805559158325195
    vertex 16.095924377441406 9.911979675292969 8.361128807067871
    vertex 15.405723571777344 9.911979675292969 7.569869041442871
  endloop
endfacet
facet normal 0.0 0.0 0.0
  outer loop
    vertex 16.28764533996582 9.911979675292969 8.041269302368164
    vertex 15.405723571777344 9.911979675292969 7.569869041442871
    vertex 16.095924377441406 9.911979675292969 8.361128807067871
  endloop
endfacet
facet normal 0.0 0.0 0.0
  outer loop
    vertex 15.405723571777344 9.911979675292969 7.569869041442871
    vertex 16.28764533996582 9.911979675292969 8.041269302368164
    vertex 15.52320384979248 9.911979675292969 7.321468830108643
  endloop
endfacet
facet normal 0.0 0.0 0.0
  outer loop
    vertex 16.447084426879883 9.911979675292969 7.704158782958984
    vertex 15.52320384979248 9.911979675292969 7.321468830108643
    vertex 16.28764533996582 9.911979675292969 8.041269302368164
  endloop
endfacet
facet normal 0.0 0.0 0.0
  outer loop
    vertex 15.52320384979248 9.911979675292969 7.321468830108643
    vertex 16.447084426879883 9.911979675292969 7.704158782958984
    vertex 15.61577320098877 9.911979675292969 7.062756061553955
  endloop
endfacet
facet normal 0.0 0.0 0.0
  outer loop
    vertex 10.349485397338867 9.911979675292969 5.178450584411621
    vertex 9.425604820251465 9.911979675292969 4.795760154724121
    vertex 10.256915092468262 9.911979675292969 5.43716287612915
  endloop
endfacet
facet normal 0.0 0.0 0.0
  outer loop
    vertex 9.425604820251465 9.911979675292969 4.795760154724121
    vertex 10.349485397338867 9.911979675292969 5.178450584411621
    vertex 9.585044860839844 9.911979675292969 4.4586501121521
  endloop
endfacet
facet normal 0.0 0.0 0.0
  outer loop
    vertex 10.466965675354004 9.911979675292969 4.930049896240234
    vertex 9.585044860839844 9.911979675292969 4.4586501121521
    vertex 10.349485397338867 9.911979675292969 5.178450584411621
  endloop
endfacet
facet normal 0.0 0.0 0.0
  outer loop
    vertex 9.585044860839844 9.911979675292969 4.4586501121521
    vertex 10.466965675354004 9.911979675292969 4.930049896240234
    vertex 9.776764869689941 9.911979675292969 4.138790130615234
  endloop
endfacet
facet normal 0.0 0.0 0.0
  outer loop
    vertex 10.608235359191895 9.911979675292969 4.69435977935791
    vertex 9.776764869689941 9.911979675292969 4.138790130615234
    vertex 10.466965675354004 9.911979675292969 4.930049896240234
  endloop
endfacet
facet normal 0.0 0.0 0.0
  outer loop
    vertex 9.776764869689941 9.911979675292969 4.138790130615234
    vertex 10.608235359191895 9.911979675292969 4.69435977935791
    vertex 9.998905181884766 9.911979675292969 3.8392696380615234
  endloop
endfacet
facet normal 0.0 0.0 0.0
  outer loop
    vertex 10.771915435791016 9.911979675292969 4.473659992218018
    vertex 9.998905181884766 9.911979675292969 3.8392696380615234
    vertex 10.608235359191895 9.911979675292969 4.69435977935791
  endloop
endfacet
facet normal 0.0 0.0 0.0
  outer loop
    vertex 9.998905181884766 9.911979675292969 3.8392696380615234
    vertex 10.771915435791016 9.911979675292969 4.473659992218018
    vertex 10.249335289001465 9.911979675292969 3.562950611114502
  endloop
endfacet
facet normal 0.0 0.0 0.0
  outer loop
    vertex 10.956445693969727 9.911979675292969 4.270060062408447
    vertex 10.249335289001465 9.911979675292969 3.562950611114502
    vertex 10.771915435791016 9.911979675292969 4.473659992218018
  endloop
endfacet
facet normal 0.0 0.0 0.0
  outer loop
    vertex 10.249335289001465 9.911979675292969 3.562950611114502
    vertex 10.956445693969727 9.911979675292969 4.270060062408447
    vertex 10.525655746459961 9.911979675292969 3.3125205039978027
  endloop
endfacet
facet normal 0.0 0.0 0.0
  outer loop
    vertex 11.160045623779297 9.911979675292969 4.085529804229736
    vertex 10.525655746459961 9.911979675292969 3.3125205039978027
    vertex 10.956445693969727 9.911979675292969 4.270060062408447
  endloop
endfacet
facet normal 0.0 0.0 0.0
  outer loop
    vertex 10.525655746459961 9.911979675292969 3.3125205039978027
    vertex 11.160045623779297 9.911979675292969 4.085529804229736
    vertex 10.825175285339355 9.911979675292969 3.0903801918029785
  endloop
endfacet
facet normal 0.0 0.0 0.0
  outer loop
    vertex 11.380744934082031 9.911979675292969 3.9218502044677734
    vertex 10.825175285339355 9.911979675292969 3.0903801918029785
    vertex 11.160045623779297 9.911979675292969 4.085529804229736
  endloop
endfacet
facet normal 0.0 0.0 0.0
  outer loop
    vertex 10.825175285339355 9.911979675292969 3.0903801918029785
    vertex 11.380744934082031 9.911979675292969 3.9218502044677734
    vertex 11.145035743713379 9.911979675292969 2.898660182952881
  endloop
endfacet
facet normal 0.0 0.0 0.0
  outer loop
    vertex 11.616435050964355 9.911979675292969 3.7805800437927246
    vertex 11.145035743713379 9.911979675292969 2.898660182952881
    vertex 11.380744934082031 9.911979675292969 3.9218502044677734
  endloop
endfacet
facet normal 0.0 0.0 0.0
  outer loop
    vertex 11.145035743713379 9.911979675292969 2.898660182952881
    vertex 11.616435050964355 9.911979675292969 3.7805800437927246
    vertex 11.482145309448242 9.911979675292969 2.739220142364502
  endloop
endfacet
facet normal 0.0 0.0 0.0
  outer loop
    vertex 11.864834785461426 9.911979675292969 3.6631007194519043
    vertex 11.482145309448242 9.911979675292969 2.739220142364502
    vertex 11.616435050964355 9.911979675292969 3.7805800437927246
  endloop
endfacet
facet normal 0.0 0.0 0.0
  outer loop
    vertex 11.482145309448242 9.911979675292969 2.739220142364502
    vertex 11.864834785461426 9.911979675292969 3.6631007194519043
    vertex 11.833264350891113 9.911979675292969 2.613590717315674
  endloop
endfacet
facet normal 0.0 0.0 0.0
  outer loop
    vertex 12.123547554016113 9.911979675292969 3.570530414581299
    vertex 11.833264350891113 9.911979675292969 2.613590717315674
    vertex 11.864834785461426 9.911979675292969 3.6631007194519043
  endloop
endfacet
facet normal 0.0 0.0 0.0
  outer loop
    vertex 12.123547554016113 9.911979675292969 3.570530414581299
    vertex 12.195001602172852 9.911979675292969 2.522980213165283
    vertex 11.833264350891113 9.911979675292969 2.613590717315674
  endloop
endfacet
facet normal 0.0 0.0 0.0
  outer loop
    vertex 12.390091896057129 9.911979675292969 3.50376033782959
    vertex 12.195001602172852 9.911979675292969 2.522980213165283
    vertex 12.123547554016113 9.911979675292969 3.570530414581299
  endloop
endfacet
facet normal 0.0 0.0 0.0
  outer loop
    vertex 12.390091896057129 9.911979675292969 3.50376033782959
    vertex 12.56387996673584 9.911979675292969 2.4682602882385254
    vertex 12.195001602172852 9.911979675292969 2.522980213165283
  endloop
endfacet
facet normal 0.0 0.0 0.0
  outer loop
    vertex 12.661897659301758 9.911979675292969 3.463440418243408
    vertex 12.56387996673584 9.911979675292969 2.4682602882385254
    vertex 12.390091896057129 9.911979675292969 3.50376033782959
  endloop
endfacet
facet normal 0.0 0.0 0.0
  outer loop
    vertex 12.936344146728516 9.911979675292969 3.449960231781006
    vertex 12.56387996673584 9.911979675292969 2.4682602882385254
    vertex 12.661897659301758 9.911979675292969 3.463440418243408
  endloop
endfacet
facet normal 0.0 0.0 0.0
  outer loop
    vertex 12.936344146728516 9.911979675292969 3.449960231781006
    vertex 12.936344146728516 9.911979675292969 2.449960231781006
    vertex 12.56387996673584 9.911979675292969 2.4682602882385254
  endloop
endfacet
facet normal 0.0 0.0 0.0
  outer loop
    vertex 13.21079158782959 9.911979675292969 3.463440418243408
    vertex 12.936344146728516 9.911979675292969 2.449960231781006
    vertex 12.936344146728516 9.911979675292969 3.449960231781006
  endloop
endfacet
facet normal 0.0 0.0 0.0
  outer loop
    vertex 13.21079158782959 9.911979675292969 3.463440418243408
    vertex 13.308808326721191 9.911979675292969 2.4682602882385254
    vertex 12.936344146728516 9.911979675292969 2.449960231781006
  endloop
endfacet
facet normal 0.0 0.0 0.0
  outer loop
    vertex 13.482596397399902 9.911979675292969 3.50376033782959
    vertex 13.308808326721191 9.911979675292969 2.4682602882385254
    vertex 13.21079158782959 9.911979675292969 3.463440418243408
  endloop
endfacet
facet normal 0.0 0.0 0.0
  outer loop
    vertex 13.482596397399902 9.911979675292969 3.50376033782959
    vertex 13.677687644958496 9.911979675292969 2.522980213165283
    vertex 13.308808326721191 9.911979675292969 2.4682602882385254
  endloop
endfacet
facet normal 0.0 0.0 0.0
  outer loop
    vertex 13.749141693115234 9.911979675292969 3.570530414581299
    vertex 13.677687644958496 9.911979675292969 2.522980213165283
    vertex 13.482596397399902 9.911979675292969 3.50376033782959
  endloop
endfacet
facet normal 0.0 0.0 0.0
  outer loop
    vertex 14.039423942565918 9.911979675292969 2.613590717315674
    vertex 13.749141693115234 9.911979675292969 3.570530414581299
    vertex 14.007854461669922 9.911979675292969 3.6631007194519043
  endloop
endfacet
facet normal 0.0 0.0 0.0
  outer loop
    vertex 13.749141693115234 9.911979675292969 3.570530414581299
    vertex 14.039423942565918 9.911979675292969 2.613590717315674
    vertex 13.677687644958496 9.911979675292969 2.522980213165283
  endloop
endfacet
facet normal 0.0 0.0 0.0
  outer loop
    vertex 14.390543937683105 9.911979675292969 2.739220142364502
    vertex 14.007854461669922 9.911979675292969 3.6631007194519043
    vertex 14.256254196166992 9.911979675292969 3.7805800437927246
  endloop
endfacet
facet normal 0.0 0.0 0.0
  outer loop
    vertex 14.007854461669922 9.911979675292969 3.6631007194519043
    vertex 14.390543937683105 9.911979675292969 2.739220142364502
    vertex 14.039423942565918 9.911979675292969 2.613590717315674
  endloop
endfacet
facet normal 0.0 0.0 0.0
  outer loop
    vertex 14.727653503417969 9.911979675292969 2.898660182952881
    vertex 14.256254196166992 9.911979675292969 3.7805800437927246
    vertex 14.491943359375 9.911979675292969 3.9218502044677734
  endloop
endfacet
facet normal 0.0 0.0 0.0
  outer loop
    vertex 15.047513008117676 9.911979675292969 3.0903801918029785
    vertex 14.491943359375 9.911979675292969 3.9218502044677734
    vertex 14.71264362335205 9.911979675292969 4.085529804229736
  endloop
endfacet
facet normal 0.0 0.0 0.0
  outer loop
    vertex 14.256254196166992 9.911979675292969 3.7805800437927246
    vertex 14.727653503417969 9.911979675292969 2.898660182952881
    vertex 14.390543937683105 9.911979675292969 2.739220142364502
  endloop
endfacet
facet normal 0.0 0.0 0.0
  outer loop
    vertex 15.347033500671387 9.911979675292969 3.3125205039978027
    vertex 14.71264362335205 9.911979675292969 4.085529804229736
    vertex 14.916243553161621 9.911979675292969 4.270060062408447
  endloop
endfacet
facet normal 0.0 0.0 0.0
  outer loop
    vertex 14.491943359375 9.911979675292969 3.9218502044677734
    vertex 15.047513008117676 9.911979675292969 3.0903801918029785
    vertex 14.727653503417969 9.911979675292969 2.898660182952881
  endloop
endfacet
facet normal 0.0 0.0 0.0
  outer loop
    vertex 15.623353004455566 9.911979675292969 3.562950611114502
    vertex 14.916243553161621 9.911979675292969 4.270060062408447
    vertex 15.100773811340332 9.911979675292969 4.473659992218018
  endloop
endfacet
facet normal 0.0 0.0 0.0
  outer loop
    vertex 15.873784065246582 9.911979675292969 3.8392696380615234
    vertex 15.100773811340332 9.911979675292969 4.473659992218018
    vertex 15.264452934265137 9.911979675292969 4.69435977935791
  endloop
endfacet
facet normal 0.0 0.0 0.0
  outer loop
    vertex 14.71264362335205 9.911979675292969 4.085529804229736
    vertex 15.347033500671387 9.911979675292969 3.3125205039978027
    vertex 15.047513008117676 9.911979675292969 3.0903801918029785
  endloop
endfacet
facet normal 0.0 0.0 0.0
  outer loop
    vertex 16.095924377441406 9.911979675292969 4.138789653778076
    vertex 15.264452934265137 9.911979675292969 4.69435977935791
    vertex 15.405723571777344 9.911979675292969 4.930049896240234
  endloop
endfacet
facet normal 0.0 0.0 0.0
  outer loop
    vertex 16.28764533996582 9.911979675292969 4.458649635314941
    vertex 15.405723571777344 9.911979675292969 4.930049896240234
    vertex 15.52320384979248 9.911979675292969 5.178449630737305
  endloop
endfacet
facet normal 0.0 0.0 0.0
  outer loop
    vertex 16.447084426879883 9.911979675292969 4.795760154724121
    vertex 15.52320384979248 9.911979675292969 5.178449630737305
    vertex 15.61577320098877 9.911979675292969 5.437162399291992
  endloop
endfacet
facet normal 0.0 0.0 0.0
  outer loop
    vertex 14.916243553161621 9.911979675292969 4.270060062408447
    vertex 15.623353004455566 9.911979675292969 3.562950611114502
    vertex 15.347033500671387 9.911979675292969 3.3125205039978027
  endloop
endfacet
facet normal 0.0 0.0 0.0
  outer loop
    vertex 16.572715759277344 9.911979675292969 5.146880149841309
    vertex 15.61577320098877 9.911979675292969 5.437162399291992
    vertex 15.682543754577637 9.911979675292969 5.703707695007324
  endloop
endfacet
facet normal 0.0 0.0 0.0
  outer loop
    vertex 16.6633243560791 9.911979675292969 5.5086164474487305
    vertex 15.682543754577637 9.911979675292969 5.703707695007324
    vertex 15.72286319732666 9.911979675292969 5.975512504577637
  endloop
endfacet
facet normal 0.0 0.0 0.0
  outer loop
    vertex 16.718046188354492 9.911979675292969 5.877495288848877
    vertex 15.72286319732666 9.911979675292969 5.975512504577637
    vertex 15.736343383789062 9.911979675292969 6.2499589920043945
  endloop
endfacet
facet normal 0.0 0.0 0.0
  outer loop
    vertex 16.572715759277344 9.911979675292969 7.353038787841797
    vertex 15.61577320098877 9.911979675292969 7.062756061553955
    vertex 16.447084426879883 9.911979675292969 7.704158782958984
  endloop
endfacet
facet normal 0.0 0.0 0.0
  outer loop
    vertex 15.100773811340332 9.911979675292969 4.473659992218018
    vertex 15.873784065246582 9.911979675292969 3.8392696380615234
    vertex 15.623353004455566 9.911979675292969 3.562950611114502
  endloop
endfacet
facet normal 0.0 0.0 0.0
  outer loop
    vertex 15.61577320098877 9.911979675292969 7.062756061553955
    vertex 16.572715759277344 9.911979675292969 7.353038787841797
    vertex 15.682543754577637 9.911979675292969 6.796211242675781
  endloop
endfacet
facet normal 0.0 0.0 0.0
  outer loop
    vertex 15.264452934265137 9.911979675292969 4.69435977935791
    vertex 16.095924377441406 9.911979675292969 4.138789653778076
    vertex 15.873784065246582 9.911979675292969 3.8392696380615234
  endloop
endfacet
facet normal 0.0 0.0 0.0
  outer loop
    vertex 16.6633243560791 9.911979675292969 6.991302490234375
    vertex 15.682543754577637 9.911979675292969 6.796211242675781
    vertex 16.572715759277344 9.911979675292969 7.353038787841797
  endloop
endfacet
facet normal 0.0 0.0 0.0
  outer loop
    vertex 15.405723571777344 9.911979675292969 4.930049896240234
    vertex 16.28764533996582 9.911979675292969 4.458649635314941
    vertex 16.095924377441406 9.911979675292969 4.138789653778076
  endloop
endfacet
facet normal 0.0 0.0 0.0
  outer loop
    vertex 15.682543754577637 9.911979675292969 6.796211242675781
    vertex 16.6633243560791 9.911979675292969 6.991302490234375
    vertex 15.72286319732666 9.911979675292969 6.524406433105469
  endloop
endfacet
facet normal 0.0 0.0 0.0
  outer loop
    vertex 15.52320384979248 9.911979675292969 5.178449630737305
    vertex 16.447084426879883 9.911979675292969 4.795760154724121
    vertex 16.28764533996582 9.911979675292969 4.458649635314941
  endloop
endfacet
facet normal 0.0 0.0 0.0
  outer loop
    vertex 16.718046188354492 9.911979675292969 6.62242317199707
    vertex 15.72286319732666 9.911979675292969 6.524406433105469
    vertex 16.6633243560791 9.911979675292969 6.991302490234375
  endloop
endfacet
facet normal 0.0 0.0 0.0
  outer loop
    vertex 15.61577320098877 9.911979675292969 5.437162399291992
    vertex 16.572715759277344 9.911979675292969 5.146880149841309
    vertex 16.447084426879883 9.911979675292969 4.795760154724121
  endloop
endfacet
facet normal 0.0 0.0 0.0
  outer loop
    vertex 15.72286319732666 9.911979675292969 6.524406433105469
    vertex 16.718046188354492 9.911979675292969 6.62242317199707
    vertex 15.736343383789062 9.911979675292969 6.2499589920043945
  endloop
endfacet
facet normal 0.0 0.0 0.0
  outer loop
    vertex 15.682543754577637 9.911979675292969 5.703707695007324
    vertex 16.6633243560791 9.911979675292969 5.5086164474487305
    vertex 16.572715759277344 9.911979675292969 5.146880149841309
  endloop
endfacet
facet normal 0.0 0.0 0.0
  outer loop
    vertex 16.736345291137695 9.911979675292969 6.2499589920043945
    vertex 15.736343383789062 9.911979675292969 6.2499589920043945
    vertex 16.718046188354492 9.911979675292969 6.62242317199707
  endloop
endfacet
facet normal 0.0 0.0 0.0
  outer loop
    vertex 15.72286319732666 9.911979675292969 5.975512504577637
    vertex 16.718046188354492 9.911979675292969 5.877495288848877
    vertex 16.6633243560791 9.911979675292969 5.5086164474487305
  endloop
endfacet
facet normal 0.0 0.0 0.0
  outer loop
    vertex 15.736343383789062 9.911979675292969 6.2499589920043945
    vertex 16.736345291137695 9.911979675292969 6.2499589920043945
    vertex 16.718046188354492 9.911979675292969 5.877495288848877
  endloop
endfacet
facet normal 0.0 0.0 0.0
  outer loop
    vertex 9.209364891052246 9.911978721618652 5.508616924285889
    vertex 9.154644966125488 7.911978721618652 5.877495765686035
    vertex 9.154644966125488 9.911978721618652 5.877495765686035
  endloop
endfacet
facet normal 0.0 0.0 0.0
  outer loop
    vertex 9.154644966125488 7.911978721618652 5.877495765686035
    vertex 9.209364891052246 9.911978721618652 5.508616924285889
    vertex 9.209364891052246 7.911978721618652 5.508616924285889
  endloop
endfacet
facet normal 0.0 0.0 0.0
  outer loop
    vertex 9.998905181884766 9.911979675292969 3.8392696380615234
    vertex 9.776764869689941 7.911978721618652 4.138790130615234
    vertex 9.776764869689941 9.911979675292969 4.138790130615234
  endloop
endfacet
facet normal 0.0 0.0 0.0
  outer loop
    vertex 9.776764869689941 7.911978721618652 4.138790130615234
    vertex 9.998905181884766 9.911979675292969 3.8392696380615234
    vertex 9.998905181884766 7.911978721618652 3.8392696380615234
  endloop
endfacet
facet normal 0.0 0.0 0.0
  outer loop
    vertex 9.776764869689941 9.911979675292969 4.138790130615234
    vertex 9.585044860839844 7.911978721618652 4.4586501121521
    vertex 9.585044860839844 9.911979675292969 4.4586501121521
  endloop
endfacet
facet normal 0.0 0.0 0.0
  outer loop
    vertex 9.585044860839844 7.911978721618652 4.4586501121521
    vertex 9.776764869689941 9.911979675292969 4.138790130615234
    vertex 9.776764869689941 7.911978721618652 4.138790130615234
  endloop
endfacet
facet normal 0.0 0.0 0.0
  outer loop
    vertex 11.833264350891113 7.911978721618652 2.613590717315674
    vertex 11.482145309448242 9.911979675292969 2.739220142364502
    vertex 11.833264350891113 9.911979675292969 2.613590717315674
  endloop
endfacet
facet normal 0.0 0.0 0.0
  outer loop
    vertex 11.482145309448242 9.911979675292969 2.739220142364502
    vertex 11.833264350891113 7.911978721618652 2.613590717315674
    vertex 11.482145309448242 7.911978721618652 2.739220142364502
  endloop
endfacet
facet normal 0.0 0.0 0.0
  outer loop
    vertex 10.249335289001465 9.911979675292969 3.562950611114502
    vertex 9.998905181884766 7.911978721618652 3.8392696380615234
    vertex 9.998905181884766 9.911979675292969 3.8392696380615234
  endloop
endfacet
facet normal 0.0 0.0 0.0
  outer loop
    vertex 9.998905181884766 7.911978721618652 3.8392696380615234
    vertex 10.249335289001465 9.911979675292969 3.562950611114502
    vertex 10.249335289001465 7.911978721618652 3.562950611114502
  endloop
endfacet
facet normal 0.0 0.0 0.0
  outer loop
    vertex 11.145035743713379 7.911978721618652 2.898660182952881
    vertex 10.825175285339355 9.911979675292969 3.0903801918029785
    vertex 11.145035743713379 9.911979675292969 2.898660182952881
  endloop
endfacet
facet normal 0.0 0.0 0.0
  outer loop
    vertex 10.825175285339355 9.911979675292969 3.0903801918029785
    vertex 11.145035743713379 7.911978721618652 2.898660182952881
    vertex 10.825175285339355 7.911978721618652 3.0903801918029785
  endloop
endfacet
facet normal 0.0 0.0 0.0
  outer loop
    vertex 14.039423942565918 7.911978721618652 2.613590717315674
    vertex 13.677687644958496 9.911979675292969 2.522980213165283
    vertex 14.039423942565918 9.911979675292969 2.613590717315674
  endloop
endfacet
facet normal 0.0 0.0 0.0
  outer loop
    vertex 13.677687644958496 9.911979675292969 2.522980213165283
    vertex 14.039423942565918 7.911978721618652 2.613590717315674
    vertex 13.677687644958496 7.911978721618652 2.522980213165283
  endloop
endfacet
facet normal 0.0 0.0 0.0
  outer loop
    vertex 14.727653503417969 7.911978721618652 2.898660182952881
    vertex 14.390543937683105 9.911979675292969 2.739220142364502
    vertex 14.727653503417969 9.911979675292969 2.898660182952881
  endloop
endfacet
facet normal 0.0 0.0 0.0
  outer loop
    vertex 14.390543937683105 9.911979675292969 2.739220142364502
    vertex 14.727653503417969 7.911978721618652 2.898660182952881
    vertex 14.390543937683105 7.911978721618652 2.739220142364502
  endloop
endfacet
facet normal 0.0 0.0 0.0
  outer loop
    vertex 15.347033500671387 7.911978721618652 3.3125205039978027
    vertex 15.047513008117676 9.911979675292969 3.0903801918029785
    vertex 15.347033500671387 9.911979675292969 3.3125205039978027
  endloop
endfacet
facet normal 0.0 0.0 0.0
  outer loop
    vertex 15.047513008117676 9.911979675292969 3.0903801918029785
    vertex 15.347033500671387 7.911978721618652 3.3125205039978027
    vertex 15.047513008117676 7.911978721618652 3.0903801918029785
  endloop
endfacet
facet normal 0.0 0.0 0.0
  outer loop
    vertex 16.447084426879883 7.911978721618652 4.795760154724121
    vertex 16.572715759277344 9.911979675292969 5.146880149841309
    vertex 16.572715759277344 7.911978721618652 5.146880149841309
  endloop
endfacet
facet normal 0.0 0.0 0.0
  outer loop
    vertex 16.572715759277344 9.911979675292969 5.146880149841309
    vertex 16.447084426879883 7.911978721618652 4.795760154724121
    vertex 16.447084426879883 9.911979675292969 4.795760154724121
  endloop
endfacet
facet normal 0.0 0.0 0.0
  outer loop
    vertex 9.425604820251465 9.911979675292969 4.795760154724121
    vertex 9.299975395202637 7.911978721618652 5.146880149841309
    vertex 9.299975395202637 9.911978721618652 5.146880149841309
  endloop
endfacet
facet normal 0.0 0.0 0.0
  outer loop
    vertex 9.299975395202637 7.911978721618652 5.146880149841309
    vertex 9.425604820251465 9.911979675292969 4.795760154724121
    vertex 9.425604820251465 7.911978721618652 4.795760154724121
  endloop
endfacet
facet normal 0.0 0.0 0.0
  outer loop
    vertex 10.466965675354004 7.911978721618652 7.569869518280029
    vertex 10.608235359191895 9.911979675292969 7.8055596351623535
    vertex 10.608235359191895 7.911978721618652 7.8055596351623535
  endloop
endfacet
facet normal 0.0 0.0 0.0
  outer loop
    vertex 10.608235359191895 9.911979675292969 7.8055596351623535
    vertex 10.466965675354004 7.911978721618652 7.569869518280029
    vertex 10.466965675354004 9.911979675292969 7.569869518280029
  endloop
endfacet
facet normal 0.0 0.0 0.0
  outer loop
    vertex 12.123547554016113 7.911978721618652 8.929388999938965
    vertex 11.864835739135742 9.911979675292969 8.83681869506836
    vertex 12.12354850769043 9.911979675292969 8.929388999938965
  endloop
endfacet
facet normal 0.0 0.0 0.0
  outer loop
    vertex 11.864835739135742 9.911979675292969 8.83681869506836
    vertex 12.123547554016113 7.911978721618652 8.929388999938965
    vertex 11.864834785461426 7.911978721618652 8.83681869506836
  endloop
endfacet
facet normal 0.0 0.0 0.0
  outer loop
    vertex 14.007854461669922 7.911978721618652 8.83681869506836
    vertex 13.74914264678955 9.911979675292969 8.929388999938965
    vertex 14.007855415344238 9.911979675292969 8.83681869506836
  endloop
endfacet
facet normal 0.0 0.0 0.0
  outer loop
    vertex 13.74914264678955 9.911979675292969 8.929388999938965
    vertex 14.007854461669922 7.911978721618652 8.83681869506836
    vertex 13.749141693115234 7.911978721618652 8.929388999938965
  endloop
endfacet
facet normal 0.0 0.0 0.0
  outer loop
    vertex 15.52320384979248 9.911979675292969 7.321468830108643
    vertex 15.405723571777344 7.911978721618652 7.569869041442871
    vertex 15.405723571777344 9.911979675292969 7.569869041442871
  endloop
endfacet
facet normal 0.0 0.0 0.0
  outer loop
    vertex 15.405723571777344 7.911978721618652 7.569869041442871
    vertex 15.52320384979248 9.911979675292969 7.321468830108643
    vertex 15.52320384979248 7.911978721618652 7.321468830108643
  endloop
endfacet
facet normal 0.0 0.0 0.0
  outer loop
    vertex 11.616435050964355 7.911978721618652 3.7805800437927246
    vertex 11.864834785461426 9.911979675292969 3.6631007194519043
    vertex 11.616435050964355 9.911979675292969 3.7805800437927246
  endloop
endfacet
facet normal 0.0 0.0 0.0
  outer loop
    vertex 11.864834785461426 9.911979675292969 3.6631007194519043
    vertex 11.616435050964355 7.911978721618652 3.7805800437927246
    vertex 11.864834785461426 7.911978721618652 3.6631007194519043
  endloop
endfacet
facet normal 0.0 0.0 0.0
  outer loop
    vertex 14.71264362335205 7.911978721618652 8.414388656616211
    vertex 14.491943359375 9.911979675292969 8.578068733215332
    vertex 14.71264362335205 9.911979675292969 8.414388656616211
  endloop
endfacet
facet normal 0.0 0.0 0.0
  outer loop
    vertex 14.491943359375 9.911979675292969 8.578068733215332
    vertex 14.71264362335205 7.911978721618652 8.414388656616211
    vertex 14.491943359375 7.911978721618652 8.578068733215332
  endloop
endfacet
facet normal 0.0 0.0 0.0
  outer loop
    vertex 12.936344146728516 7.911978721618652 3.449960231781006
    vertex 13.21079158782959 9.911979675292969 3.463440418243408
    vertex 12.936344146728516 9.911979675292969 3.449960231781006
  endloop
endfacet
facet normal 0.0 0.0 0.0
  outer loop
    vertex 13.21079158782959 9.911979675292969 3.463440418243408
    vertex 12.936344146728516 7.911978721618652 3.449960231781006
    vertex 13.21079158782959 7.911978721618652 3.463440418243408
  endloop
endfacet
facet normal 0.0 0.0 0.0
  outer loop
    vertex 11.864834785461426 7.911978721618652 3.6631007194519043
    vertex 12.123547554016113 9.911979675292969 3.570530414581299
    vertex 11.864834785461426 9.911979675292969 3.6631007194519043
  endloop
endfacet
facet normal 0.0 0.0 0.0
  outer loop
    vertex 12.123547554016113 9.911979675292969 3.570530414581299
    vertex 11.864834785461426 7.911978721618652 3.6631007194519043
    vertex 12.123547554016113 7.911978721618652 3.570530414581299
  endloop
endfacet
facet normal 0.0 0.0 0.0
  outer loop
    vertex 11.380744934082031 7.911978721618652 3.9218502044677734
    vertex 11.616435050964355 9.911979675292969 3.7805800437927246
    vertex 11.380744934082031 9.911979675292969 3.9218502044677734
  endloop
endfacet
facet normal 0.0 0.0 0.0
  outer loop
    vertex 11.616435050964355 9.911979675292969 3.7805800437927246
    vertex 11.380744934082031 7.911978721618652 3.9218502044677734
    vertex 11.616435050964355 7.911978721618652 3.7805800437927246
  endloop
endfacet
facet normal 0.0 0.0 0.0
  outer loop
    vertex 10.149825096130371 7.911978721618652 6.524406433105469
    vertex 10.190145492553711 9.911979675292969 6.796211242675781
    vertex 10.190145492553711 7.911978721618652 6.796211242675781
  endloop
endfacet
facet normal 0.0 0.0 0.0
  outer loop
    vertex 10.190145492553711 9.911979675292969 6.796211242675781
    vertex 10.149825096130371 7.911978721618652 6.524406433105469
    vertex 10.149825096130371 9.911979675292969 6.524406433105469
  endloop
endfacet
facet normal 0.0 0.0 0.0
  outer loop
    vertex 10.608235359191895 7.911978721618652 7.8055596351623535
    vertex 10.771915435791016 9.911979675292969 8.026259422302246
    vertex 10.771915435791016 7.911978721618652 8.026259422302246
  endloop
endfacet
facet normal 0.0 0.0 0.0
  outer loop
    vertex 10.771915435791016 9.911979675292969 8.026259422302246
    vertex 10.608235359191895 7.911978721618652 7.8055596351623535
    vertex 10.608235359191895 9.911979675292969 7.8055596351623535
  endloop
endfacet
facet normal 0.0 0.0 0.0
  outer loop
    vertex 11.160045623779297 7.911978721618652 8.414388656616211
    vertex 10.956445693969727 9.911979675292969 8.229859352111816
    vertex 11.160045623779297 9.911979675292969 8.414388656616211
  endloop
endfacet
facet normal 0.0 0.0 0.0
  outer loop
    vertex 10.956445693969727 9.911979675292969 8.229859352111816
    vertex 11.160045623779297 7.911978721618652 8.414388656616211
    vertex 10.956445693969727 7.911978721618652 8.229859352111816
  endloop
endfacet
facet normal 0.0 0.0 0.0
  outer loop
    vertex 13.21079158782959 7.911978721618652 9.036478996276855
    vertex 12.936345100402832 9.911979675292969 9.049959182739258
    vertex 13.210792541503906 9.911979675292969 9.036478996276855
  endloop
endfacet
facet normal 0.0 0.0 0.0
  outer loop
    vertex 12.936345100402832 9.911979675292969 9.049959182739258
    vertex 13.21079158782959 7.911978721618652 9.036478996276855
    vertex 12.936344146728516 7.911978721618652 9.049959182739258
  endloop
endfacet
facet normal 0.0 0.0 0.0
  outer loop
    vertex 12.661897659301758 7.911978721618652 9.036478996276855
    vertex 12.390092849731445 9.911979675292969 8.996158599853516
    vertex 12.661898612976074 9.911979675292969 9.036478996276855
  endloop
endfacet
facet normal 0.0 0.0 0.0
  outer loop
    vertex 12.390092849731445 9.911979675292969 8.996158599853516
    vertex 12.661897659301758 7.911978721618652 9.036478996276855
    vertex 12.390091896057129 7.911978721618652 8.996158599853516
  endloop
endfacet
facet normal 0.0 0.0 0.0
  outer loop
    vertex 12.936344146728516 7.911978721618652 9.049959182739258
    vertex 12.661898612976074 9.911979675292969 9.036478996276855
    vertex 12.936345100402832 9.911979675292969 9.049959182739258
  endloop
endfacet
facet normal 0.0 0.0 0.0
  outer loop
    vertex 12.661898612976074 9.911979675292969 9.036478996276855
    vertex 12.936344146728516 7.911978721618652 9.049959182739258
    vertex 12.661897659301758 7.911978721618652 9.036478996276855
  endloop
endfacet
facet normal 0.0 0.0 0.0
  outer loop
    vertex 11.380744934082031 7.911978721618652 8.578068733215332
    vertex 11.160045623779297 9.911979675292969 8.414388656616211
    vertex 11.380744934082031 9.911979675292969 8.578068733215332
  endloop
endfacet
facet normal 0.0 0.0 0.0
  outer loop
    vertex 11.160045623779297 9.911979675292969 8.414388656616211
    vertex 11.380744934082031 7.911978721618652 8.578068733215332
    vertex 11.160045623779297 7.911978721618652 8.414388656616211
  endloop
endfacet
facet normal 0.0 0.0 0.0
  outer loop
    vertex 11.616435050964355 7.911978721618652 8.719339370727539
    vertex 11.380744934082031 9.911979675292969 8.578068733215332
    vertex 11.616436004638672 9.911979675292969 8.719339370727539
  endloop
endfacet
facet normal 0.0 0.0 0.0
  outer loop
    vertex 11.380744934082031 9.911979675292969 8.578068733215332
    vertex 11.616435050964355 7.911978721618652 8.719339370727539
    vertex 11.380744934082031 7.911978721618652 8.578068733215332
  endloop
endfacet
facet normal 0.0 0.0 0.0
  outer loop
    vertex 15.736343383789062 9.911979675292969 6.2499589920043945
    vertex 15.72286319732666 7.911978721618652 6.524406433105469
    vertex 15.72286319732666 9.911979675292969 6.524406433105469
  endloop
endfacet
facet normal 0.0 0.0 0.0
  outer loop
    vertex 15.72286319732666 7.911978721618652 6.524406433105469
    vertex 15.736343383789062 9.911979675292969 6.2499589920043945
    vertex 15.736343383789062 7.911978721618652 6.2499589920043945
  endloop
endfacet
facet normal 0.0 0.0 0.0
  outer loop
    vertex 15.61577320098877 9.911979675292969 7.062756061553955
    vertex 15.52320384979248 7.911978721618652 7.321468830108643
    vertex 15.52320384979248 9.911979675292969 7.321468830108643
  endloop
endfacet
facet normal 0.0 0.0 0.0
  outer loop
    vertex 15.52320384979248 7.911978721618652 7.321468830108643
    vertex 15.61577320098877 9.911979675292969 7.062756061553955
    vertex 15.61577320098877 7.911978721618652 7.062756061553955
  endloop
endfacet
facet normal 0.0 0.0 0.0
  outer loop
    vertex 15.682543754577637 9.911979675292969 6.796211242675781
    vertex 15.61577320098877 7.911978721618652 7.062756061553955
    vertex 15.61577320098877 9.911979675292969 7.062756061553955
  endloop
endfacet
facet normal 0.0 0.0 0.0
  outer loop
    vertex 15.61577320098877 7.911978721618652 7.062756061553955
    vertex 15.682543754577637 9.911979675292969 6.796211242675781
    vertex 15.682543754577637 7.911978721618652 6.796211242675781
  endloop
endfacet
facet normal 0.0 0.0 0.0
  outer loop
    vertex 15.100773811340332 9.911979675292969 8.026259422302246
    vertex 14.916243553161621 7.911978721618652 8.229859352111816
    vertex 14.916243553161621 9.911979675292969 8.229859352111816
  endloop
endfacet
facet normal 0.0 0.0 0.0
  outer loop
    vertex 14.916243553161621 7.911978721618652 8.229859352111816
    vertex 15.100773811340332 9.911979675292969 8.026259422302246
    vertex 15.100773811340332 7.911978721618652 8.026259422302246
  endloop
endfacet
facet normal 0.0 0.0 0.0
  outer loop
    vertex 15.405723571777344 9.911979675292969 7.569869041442871
    vertex 15.264452934265137 7.911978721618652 7.805559158325195
    vertex 15.264452934265137 9.911979675292969 7.805559158325195
  endloop
endfacet
facet normal 0.0 0.0 0.0
  outer loop
    vertex 15.264452934265137 7.911978721618652 7.805559158325195
    vertex 15.405723571777344 9.911979675292969 7.569869041442871
    vertex 15.405723571777344 7.911978721618652 7.569869041442871
  endloop
endfacet
facet normal 0.0 0.0 0.0
  outer loop
    vertex 15.264452934265137 9.911979675292969 7.805559158325195
    vertex 15.100773811340332 7.911978721618652 8.026259422302246
    vertex 15.100773811340332 9.911979675292969 8.026259422302246
  endloop
endfacet
facet normal 0.0 0.0 0.0
  outer loop
    vertex 15.100773811340332 7.911978721618652 8.026259422302246
    vertex 15.264452934265137 9.911979675292969 7.805559158325195
    vertex 15.264452934265137 7.911978721618652 7.805559158325195
  endloop
endfacet
facet normal 0.0 0.0 0.0
  outer loop
    vertex 13.482596397399902 7.911978721618652 8.996158599853516
    vertex 13.210792541503906 9.911979675292969 9.036478996276855
    vertex 13.482597351074219 9.911979675292969 8.996158599853516
  endloop
endfacet
facet normal 0.0 0.0 0.0
  outer loop
    vertex 13.210792541503906 9.911979675292969 9.036478996276855
    vertex 13.482596397399902 7.911978721618652 8.996158599853516
    vertex 13.21079158782959 7.911978721618652 9.036478996276855
  endloop
endfacet
facet normal 0.0 0.0 0.0
  outer loop
    vertex 13.749141693115234 7.911978721618652 8.929388999938965
    vertex 13.482597351074219 9.911979675292969 8.996158599853516
    vertex 13.74914264678955 9.911979675292969 8.929388999938965
  endloop
endfacet
facet normal 0.0 0.0 0.0
  outer loop
    vertex 13.482597351074219 9.911979675292969 8.996158599853516
    vertex 13.749141693115234 7.911978721618652 8.929388999938965
    vertex 13.482596397399902 7.911978721618652 8.996158599853516
  endloop
endfacet
facet normal 0.0 0.0 0.0
  outer loop
    vertex 14.256254196166992 7.911978721618652 8.719339370727539
    vertex 14.007855415344238 9.911979675292969 8.83681869506836
    vertex 14.256255149841309 9.911979675292969 8.719339370727539
  endloop
endfacet
facet normal 0.0 0.0 0.0
  outer loop
    vertex 14.007855415344238 9.911979675292969 8.83681869506836
    vertex 14.256254196166992 7.911978721618652 8.719339370727539
    vertex 14.007854461669922 7.911978721618652 8.83681869506836
  endloop
endfacet
facet normal 0.0 0.0 0.0
  outer loop
    vertex 14.491943359375 7.911978721618652 8.578068733215332
    vertex 14.256255149841309 9.911979675292969 8.719339370727539
    vertex 14.491943359375 9.911979675292969 8.578068733215332
  endloop
endfacet
facet normal 0.0 0.0 0.0
  outer loop
    vertex 14.256255149841309 9.911979675292969 8.719339370727539
    vertex 14.491943359375 7.911978721618652 8.578068733215332
    vertex 14.256254196166992 7.911978721618652 8.719339370727539
  endloop
endfacet
facet normal 0.0 0.0 0.0
  outer loop
    vertex 14.916243553161621 7.911978721618652 8.229859352111816
    vertex 14.71264362335205 9.911979675292969 8.414388656616211
    vertex 14.916243553161621 9.911979675292969 8.229859352111816
  endloop
endfacet
facet normal 0.0 0.0 0.0
  outer loop
    vertex 14.71264362335205 9.911979675292969 8.414388656616211
    vertex 14.916243553161621 7.911978721618652 8.229859352111816
    vertex 14.71264362335205 7.911978721618652 8.414388656616211
  endloop
endfacet
facet normal 0.0 0.0 0.0
  outer loop
    vertex 10.136344909667969 7.911978721618652 6.249959945678711
    vertex 10.149825096130371 9.911979675292969 6.524406433105469
    vertex 10.149825096130371 7.911978721618652 6.524406433105469
  endloop
endfacet
facet normal 0.0 0.0 0.0
  outer loop
    vertex 10.149825096130371 9.911979675292969 6.524406433105469
    vertex 10.136344909667969 7.911978721618652 6.249959945678711
    vertex 10.136344909667969 9.911979675292969 6.249959945678711
  endloop
endfacet
facet normal 0.0 0.0 0.0
  outer loop
    vertex 10.608235359191895 7.911978721618652 4.69435977935791
    vertex 10.466965675354004 9.911979675292969 4.930049896240234
    vertex 10.466965675354004 7.911978721618652 4.930049896240234
  endloop
endfacet
facet normal 0.0 0.0 0.0
  outer loop
    vertex 10.466965675354004 9.911979675292969 4.930049896240234
    vertex 10.608235359191895 7.911978721618652 4.69435977935791
    vertex 10.608235359191895 9.911979675292969 4.69435977935791
  endloop
endfacet
facet normal 0.0 0.0 0.0
  outer loop
    vertex 15.100773811340332 9.911979675292969 4.473659992218018
    vertex 15.264452934265137 7.911978721618652 4.69435977935791
    vertex 15.264452934265137 9.911979675292969 4.69435977935791
  endloop
endfacet
facet normal 0.0 0.0 0.0
  outer loop
    vertex 15.264452934265137 7.911978721618652 4.69435977935791
    vertex 15.100773811340332 9.911979675292969 4.473659992218018
    vertex 15.100773811340332 7.911978721618652 4.473659992218018
  endloop
endfacet
facet normal 0.0 0.0 0.0
  outer loop
    vertex 15.61577320098877 9.911979675292969 5.437162399291992
    vertex 15.682543754577637 7.911978721618652 5.703707695007324
    vertex 15.682543754577637 9.911979675292969 5.703707695007324
  endloop
endfacet
facet normal 0.0 0.0 0.0
  outer loop
    vertex 15.682543754577637 7.911978721618652 5.703707695007324
    vertex 15.61577320098877 9.911979675292969 5.437162399291992
    vertex 15.61577320098877 7.911978721618652 5.437162399291992
  endloop
endfacet
facet normal 0.0 0.0 0.0
  outer loop
    vertex 12.390091896057129 7.911978721618652 3.50376033782959
    vertex 12.661897659301758 9.911979675292969 3.463440418243408
    vertex 12.390091896057129 9.911979675292969 3.50376033782959
  endloop
endfacet
facet normal 0.0 0.0 0.0
  outer loop
    vertex 12.661897659301758 9.911979675292969 3.463440418243408
    vertex 12.390091896057129 7.911978721618652 3.50376033782959
    vertex 12.661897659301758 7.911978721618652 3.463440418243408
  endloop
endfacet
facet normal 0.0 0.0 0.0
  outer loop
    vertex 10.349485397338867 7.911978721618652 7.321469306945801
    vertex 10.466965675354004 9.911979675292969 7.569869518280029
    vertex 10.466965675354004 7.911978721618652 7.569869518280029
  endloop
endfacet
facet normal 0.0 0.0 0.0
  outer loop
    vertex 10.466965675354004 9.911979675292969 7.569869518280029
    vertex 10.349485397338867 7.911978721618652 7.321469306945801
    vertex 10.349485397338867 9.911979675292969 7.321469306945801
  endloop
endfacet
facet normal 0.0 0.0 0.0
  outer loop
    vertex 10.256915092468262 7.911978721618652 7.062756538391113
    vertex 10.349485397338867 9.911979675292969 7.321469306945801
    vertex 10.349485397338867 7.911978721618652 7.321469306945801
  endloop
endfacet
facet normal 0.0 0.0 0.0
  outer loop
    vertex 10.349485397338867 9.911979675292969 7.321469306945801
    vertex 10.256915092468262 7.911978721618652 7.062756538391113
    vertex 10.256915092468262 9.911979675292969 7.062756538391113
  endloop
endfacet
facet normal 0.0 0.0 0.0
  outer loop
    vertex 10.190145492553711 7.911978721618652 6.796211242675781
    vertex 10.256915092468262 9.911979675292969 7.062756538391113
    vertex 10.256915092468262 7.911978721618652 7.062756538391113
  endloop
endfacet
facet normal 0.0 0.0 0.0
  outer loop
    vertex 10.256915092468262 9.911979675292969 7.062756538391113
    vertex 10.190145492553711 7.911978721618652 6.796211242675781
    vertex 10.190145492553711 9.911979675292969 6.796211242675781
  endloop
endfacet
facet normal 0.0 0.0 0.0
  outer loop
    vertex 10.771915435791016 7.911978721618652 8.026259422302246
    vertex 10.956445693969727 9.911979675292969 8.229859352111816
    vertex 10.956445693969727 7.911978721618652 8.229859352111816
  endloop
endfacet
facet normal 0.0 0.0 0.0
  outer loop
    vertex 10.956445693969727 9.911979675292969 8.229859352111816
    vertex 10.771915435791016 7.911978721618652 8.026259422302246
    vertex 10.771915435791016 9.911979675292969 8.026259422302246
  endloop
endfacet
facet normal 0.0 0.0 0.0
  outer loop
    vertex 12.390091896057129 7.911978721618652 8.996158599853516
    vertex 12.12354850769043 9.911979675292969 8.929388999938965
    vertex 12.390092849731445 9.911979675292969 8.996158599853516
  endloop
endfacet
facet normal 0.0 0.0 0.0
  outer loop
    vertex 12.12354850769043 9.911979675292969 8.929388999938965
    vertex 12.390091896057129 7.911978721618652 8.996158599853516
    vertex 12.123547554016113 7.911978721618652 8.929388999938965
  endloop
endfacet
facet normal 0.0 0.0 0.0
  outer loop
    vertex 11.864834785461426 7.911978721618652 8.83681869506836
    vertex 11.616436004638672 9.911979675292969 8.719339370727539
    vertex 11.864835739135742 9.911979675292969 8.83681869506836
  endloop
endfacet
facet normal 0.0 0.0 0.0
  outer loop
    vertex 11.616436004638672 9.911979675292969 8.719339370727539
    vertex 11.864834785461426 7.911978721618652 8.83681869506836
    vertex 11.616435050964355 7.911978721618652 8.719339370727539
  endloop
endfacet
facet normal 0.0 0.0 0.0
  outer loop
    vertex 15.72286319732666 9.911979675292969 6.524406433105469
    vertex 15.682543754577637 7.911978721618652 6.796211242675781
    vertex 15.682543754577637 9.911979675292969 6.796211242675781
  endloop
endfacet
facet normal 0.0 0.0 0.0
  outer loop
    vertex 15.682543754577637 7.911978721618652 6.796211242675781
    vertex 15.72286319732666 9.911979675292969 6.524406433105469
    vertex 15.72286319732666 7.911978721618652 6.524406433105469
  endloop
endfacet
facet normal 0.0 0.0 0.0
  outer loop
    vertex 10.190145492553711 7.911978721618652 5.703708171844482
    vertex 10.149825096130371 9.911979675292969 5.975512981414795
    vertex 10.149825096130371 7.911978721618652 5.975512981414795
  endloop
endfacet
facet normal 0.0 0.0 0.0
  outer loop
    vertex 10.149825096130371 9.911979675292969 5.975512981414795
    vertex 10.190145492553711 7.911978721618652 5.703708171844482
    vertex 10.190145492553711 9.911979675292969 5.703708171844482
  endloop
endfacet
facet normal 0.0 0.0 0.0
  outer loop
    vertex 10.149825096130371 7.911978721618652 5.975512981414795
    vertex 10.136344909667969 9.911979675292969 6.249959945678711
    vertex 10.136344909667969 7.911978721618652 6.249959945678711
  endloop
endfacet
facet normal 0.0 0.0 0.0
  outer loop
    vertex 10.136344909667969 9.911979675292969 6.249959945678711
    vertex 10.149825096130371 7.911978721618652 5.975512981414795
    vertex 10.149825096130371 9.911979675292969 5.975512981414795
  endloop
endfacet
facet normal 0.0 0.0 0.0
  outer loop
    vertex 10.256915092468262 7.911978721618652 5.43716287612915
    vertex 10.190145492553711 9.911979675292969 5.703708171844482
    vertex 10.190145492553711 7.911978721618652 5.703708171844482
  endloop
endfacet
facet normal 0.0 0.0 0.0
  outer loop
    vertex 10.190145492553711 9.911979675292969 5.703708171844482
    vertex 10.256915092468262 7.911978721618652 5.43716287612915
    vertex 10.256915092468262 9.911979675292969 5.43716287612915
  endloop
endfacet
facet normal 0.0 0.0 0.0
  outer loop
    vertex 10.466965675354004 7.911978721618652 4.930049896240234
    vertex 10.349485397338867 9.911979675292969 5.178450584411621
    vertex 10.349485397338867 7.911978721618652 5.178450584411621
  endloop
endfacet
facet normal 0.0 0.0 0.0
  outer loop
    vertex 10.349485397338867 9.911979675292969 5.178450584411621
    vertex 10.466965675354004 7.911978721618652 4.930049896240234
    vertex 10.466965675354004 9.911979675292969 4.930049896240234
  endloop
endfacet
facet normal 0.0 0.0 0.0
  outer loop
    vertex 15.72286319732666 9.911979675292969 5.975512504577637
    vertex 15.736343383789062 7.911978721618652 6.2499589920043945
    vertex 15.736343383789062 9.911979675292969 6.2499589920043945
  endloop
endfacet
facet normal 0.0 0.0 0.0
  outer loop
    vertex 15.736343383789062 7.911978721618652 6.2499589920043945
    vertex 15.72286319732666 9.911979675292969 5.975512504577637
    vertex 15.72286319732666 7.911978721618652 5.975512504577637
  endloop
endfacet
facet normal 0.0 0.0 0.0
  outer loop
    vertex 15.52320384979248 9.911979675292969 5.178449630737305
    vertex 15.61577320098877 7.911978721618652 5.437162399291992
    vertex 15.61577320098877 9.911979675292969 5.437162399291992
  endloop
endfacet
facet normal 0.0 0.0 0.0
  outer loop
    vertex 15.61577320098877 7.911978721618652 5.437162399291992
    vertex 15.52320384979248 9.911979675292969 5.178449630737305
    vertex 15.52320384979248 7.911978721618652 5.178449630737305
  endloop
endfacet
facet normal 0.0 0.0 0.0
  outer loop
    vertex 10.771915435791016 7.911978721618652 4.473659992218018
    vertex 10.608235359191895 9.911979675292969 4.69435977935791
    vertex 10.608235359191895 7.911978721618652 4.69435977935791
  endloop
endfacet
facet normal 0.0 0.0 0.0
  outer loop
    vertex 10.608235359191895 9.911979675292969 4.69435977935791
    vertex 10.771915435791016 7.911978721618652 4.473659992218018
    vertex 10.771915435791016 9.911979675292969 4.473659992218018
  endloop
endfacet
facet normal 0.0 0.0 0.0
  outer loop
    vertex 10.349485397338867 7.911978721618652 5.178450584411621
    vertex 10.256915092468262 9.911979675292969 5.43716287612915
    vertex 10.256915092468262 7.911978721618652 5.43716287612915
  endloop
endfacet
facet normal 0.0 0.0 0.0
  outer loop
    vertex 10.256915092468262 9.911979675292969 5.43716287612915
    vertex 10.349485397338867 7.911978721618652 5.178450584411621
    vertex 10.349485397338867 9.911979675292969 5.178450584411621
  endloop
endfacet
facet normal 0.0 0.0 0.0
  outer loop
    vertex 14.71264362335205 7.911978721618652 4.085529804229736
    vertex 14.916243553161621 9.911979675292969 4.270060062408447
    vertex 14.71264362335205 9.911979675292969 4.085529804229736
  endloop
endfacet
facet normal 0.0 0.0 0.0
  outer loop
    vertex 14.916243553161621 9.911979675292969 4.270060062408447
    vertex 14.71264362335205 7.911978721618652 4.085529804229736
    vertex 14.916243553161621 7.911978721618652 4.270060062408447
  endloop
endfacet
facet normal 0.0 0.0 0.0
  outer loop
    vertex 12.661897659301758 7.911978721618652 3.463440418243408
    vertex 12.936344146728516 9.911979675292969 3.449960231781006
    vertex 12.661897659301758 9.911979675292969 3.463440418243408
  endloop
endfacet
facet normal 0.0 0.0 0.0
  outer loop
    vertex 12.936344146728516 9.911979675292969 3.449960231781006
    vertex 12.661897659301758 7.911978721618652 3.463440418243408
    vertex 12.936344146728516 7.911978721618652 3.449960231781006
  endloop
endfacet
facet normal 0.0 0.0 0.0
  outer loop
    vertex 13.749141693115234 7.911978721618652 3.570530414581299
    vertex 14.007854461669922 9.911979675292969 3.6631007194519043
    vertex 13.749141693115234 9.911979675292969 3.570530414581299
  endloop
endfacet
facet normal 0.0 0.0 0.0
  outer loop
    vertex 14.007854461669922 9.911979675292969 3.6631007194519043
    vertex 13.749141693115234 7.911978721618652 3.570530414581299
    vertex 14.007854461669922 7.911978721618652 3.6631007194519043
  endloop
endfacet
facet normal 0.0 0.0 0.0
  outer loop
    vertex 13.21079158782959 7.911978721618652 3.463440418243408
    vertex 13.482596397399902 9.911979675292969 3.50376033782959
    vertex 13.21079158782959 9.911979675292969 3.463440418243408
  endloop
endfacet
facet normal 0.0 0.0 0.0
  outer loop
    vertex 13.482596397399902 9.911979675292969 3.50376033782959
    vertex 13.21079158782959 7.911978721618652 3.463440418243408
    vertex 13.482596397399902 7.911978721618652 3.50376033782959
  endloop
endfacet
facet normal 0.0 0.0 0.0
  outer loop
    vertex 14.491943359375 7.911978721618652 3.9218502044677734
    vertex 14.71264362335205 9.911979675292969 4.085529804229736
    vertex 14.491943359375 9.911979675292969 3.9218502044677734
  endloop
endfacet
facet normal 0.0 0.0 0.0
  outer loop
    vertex 14.71264362335205 9.911979675292969 4.085529804229736
    vertex 14.491943359375 7.911978721618652 3.9218502044677734
    vertex 14.71264362335205 7.911978721618652 4.085529804229736
  endloop
endfacet
facet normal 0.0 0.0 0.0
  outer loop
    vertex 14.256254196166992 7.911978721618652 3.7805800437927246
    vertex 14.491943359375 9.911979675292969 3.9218502044677734
    vertex 14.256254196166992 9.911979675292969 3.7805800437927246
  endloop
endfacet
facet normal 0.0 0.0 0.0
  outer loop
    vertex 14.491943359375 9.911979675292969 3.9218502044677734
    vertex 14.256254196166992 7.911978721618652 3.7805800437927246
    vertex 14.491943359375 7.911978721618652 3.9218502044677734
  endloop
endfacet
facet normal 0.0 0.0 0.0
  outer loop
    vertex 15.682543754577637 9.911979675292969 5.703707695007324
    vertex 15.72286319732666 7.911978721618652 5.975512504577637
    vertex 15.72286319732666 9.911979675292969 5.975512504577637
  endloop
endfacet
facet normal 0.0 0.0 0.0
  outer loop
    vertex 15.72286319732666 7.911978721618652 5.975512504577637
    vertex 15.682543754577637 9.911979675292969 5.703707695007324
    vertex 15.682543754577637 7.911978721618652 5.703707695007324
  endloop
endfacet
facet normal 0.0 0.0 0.0
  outer loop
    vertex 14.916243553161621 9.911979675292969 4.270060062408447
    vertex 15.100773811340332 7.911978721618652 4.473659992218018
    vertex 15.100773811340332 9.911979675292969 4.473659992218018
  endloop
endfacet
facet normal 0.0 0.0 0.0
  outer loop
    vertex 15.100773811340332 7.911978721618652 4.473659992218018
    vertex 14.916243553161621 9.911979675292969 4.270060062408447
    vertex 14.916243553161621 7.911978721618652 4.270060062408447
  endloop
endfacet
facet normal 0.0 0.0 0.0
  outer loop
    vertex 15.264452934265137 9.911979675292969 4.69435977935791
    vertex 15.405723571777344 7.911978721618652 4.930049896240234
    vertex 15.405723571777344 9.911979675292969 4.930049896240234
  endloop
endfacet
facet normal 0.0 0.0 0.0
  outer loop
    vertex 15.405723571777344 7.911978721618652 4.930049896240234
    vertex 15.264452934265137 9.911979675292969 4.69435977935791
    vertex 15.264452934265137 7.911978721618652 4.69435977935791
  endloop
endfacet
facet normal 0.0 0.0 0.0
  outer loop
    vertex 15.405723571777344 9.911979675292969 4.930049896240234
    vertex 15.52320384979248 7.911978721618652 5.178449630737305
    vertex 15.52320384979248 9.911979675292969 5.178449630737305
  endloop
endfacet
facet normal 0.0 0.0 0.0
  outer loop
    vertex 15.52320384979248 7.911978721618652 5.178449630737305
    vertex 15.405723571777344 9.911979675292969 4.930049896240234
    vertex 15.405723571777344 7.911978721618652 4.930049896240234
  endloop
endfacet
facet normal 0.0 0.0 0.0
  outer loop
    vertex 12.123547554016113 7.911978721618652 3.570530414581299
    vertex 12.390091896057129 9.911979675292969 3.50376033782959
    vertex 12.123547554016113 9.911979675292969 3.570530414581299
  endloop
endfacet
facet normal 0.0 0.0 0.0
  outer loop
    vertex 12.390091896057129 9.911979675292969 3.50376033782959
    vertex 12.123547554016113 7.911978721618652 3.570530414581299
    vertex 12.390091896057129 7.911978721618652 3.50376033782959
  endloop
endfacet
facet normal 0.0 0.0 0.0
  outer loop
    vertex 10.956445693969727 7.911978721618652 4.270060062408447
    vertex 11.160045623779297 9.911979675292969 4.085529804229736
    vertex 10.956445693969727 9.911979675292969 4.270060062408447
  endloop
endfacet
facet normal 0.0 0.0 0.0
  outer loop
    vertex 11.160045623779297 9.911979675292969 4.085529804229736
    vertex 10.956445693969727 7.911978721618652 4.270060062408447
    vertex 11.160045623779297 7.911978721618652 4.085529804229736
  endloop
endfacet
facet normal 0.0 0.0 0.0
  outer loop
    vertex 11.160045623779297 7.911978721618652 4.085529804229736
    vertex 11.380744934082031 9.911979675292969 3.9218502044677734
    vertex 11.160045623779297 9.911979675292969 4.085529804229736
  endloop
endfacet
facet normal 0.0 0.0 0.0
  outer loop
    vertex 11.380744934082031 9.911979675292969 3.9218502044677734
    vertex 11.160045623779297 7.911978721618652 4.085529804229736
    vertex 11.380744934082031 7.911978721618652 3.9218502044677734
  endloop
endfacet
facet normal 0.0 0.0 0.0
  outer loop
    vertex 10.956445693969727 7.911978721618652 4.270060062408447
    vertex 10.771915435791016 9.911979675292969 4.473659992218018
    vertex 10.771915435791016 7.911978721618652 4.473659992218018
  endloop
endfacet
facet normal 0.0 0.0 0.0
  outer loop
    vertex 10.771915435791016 9.911979675292969 4.473659992218018
    vertex 10.956445693969727 7.911978721618652 4.270060062408447
    vertex 10.956445693969727 9.911979675292969 4.270060062408447
  endloop
endfacet
facet normal 0.0 0.0 0.0
  outer loop
    vertex 13.482596397399902 7.911978721618652 3.50376033782959
    vertex 13.749141693115234 9.911979675292969 3.570530414581299
    vertex 13.482596397399902 9.911979675292969 3.50376033782959
  endloop
endfacet
facet normal 0.0 0.0 0.0
  outer loop
    vertex 13.749141693115234 9.911979675292969 3.570530414581299
    vertex 13.482596397399902 7.911978721618652 3.50376033782959
    vertex 13.749141693115234 7.911978721618652 3.570530414581299
  endloop
endfacet
facet normal 0.0 0.0 0.0
  outer loop
    vertex 14.007854461669922 7.911978721618652 3.6631007194519043
    vertex 14.256254196166992 9.911979675292969 3.7805800437927246
    vertex 14.007854461669922 9.911979675292969 3.6631007194519043
  endloop
endfacet
facet normal 0.0 0.0 0.0
  outer loop
    vertex 14.256254196166992 9.911979675292969 3.7805800437927246
    vertex 14.007854461669922 7.911978721618652 3.6631007194519043
    vertex 14.256254196166992 7.911978721618652 3.7805800437927246
  endloop
endfacet
facet normal 0.0 0.0 0.0
  outer loop
    vertex -15.874335289001465 7.911978721618652 9.187400817871094
    vertex -15.574813842773438 9.911977767944336 9.409541130065918
    vertex -15.874334335327148 9.911977767944336 9.187400817871094
  endloop
endfacet
facet normal 0.0 0.0 0.0
  outer loop
    vertex -15.574813842773438 9.911977767944336 9.409541130065918
    vertex -15.874335289001465 7.911978721618652 9.187400817871094
    vertex -15.574814796447754 7.911978721618652 9.409541130065918
  endloop
endfacet
facet normal 0.0 0.0 0.0
  outer loop
    vertex -12.360566139221191 7.911978721618652 9.886330604553223
    vertex -12.009446144104004 9.911977767944336 9.760701179504395
    vertex -12.360565185546875 9.911977767944336 9.886330604553223
  endloop
endfacet
facet normal 0.0 0.0 0.0
  outer loop
    vertex -12.009446144104004 9.911977767944336 9.760701179504395
    vertex -12.360566139221191 7.911978721618652 9.886330604553223
    vertex -12.00944709777832 7.911978721618652 9.760701179504395
  endloop
endfacet
facet normal 0.0 0.0 0.0
  outer loop
    vertex -9.952906608581543 7.911978721618652 7.704160690307617
    vertex -10.112346649169922 9.911977767944336 8.041271209716797
    vertex -10.112346649169922 7.911978721618652 8.041271209716797
  endloop
endfacet
facet normal 0.0 0.0 0.0
  outer loop
    vertex -10.112346649169922 9.911977767944336 8.041271209716797
    vertex -9.952906608581543 7.911978721618652 7.704160690307617
    vertex -9.952906608581543 9.911977767944336 7.704160690307617
  endloop
endfacet
facet normal 0.0 0.0 0.0
  outer loop
    vertex -17.245344161987305 9.911977767944336 5.877497673034668
    vertex -17.263643264770508 7.911978721618652 6.249961853027344
    vertex -17.263643264770508 9.911977767944336 6.249961853027344
  endloop
endfacet
facet normal 0.0 0.0 0.0
  outer loop
    vertex -17.263643264770508 7.911978721618652 6.249961853027344
    vertex -17.245344161987305 9.911977767944336 5.877497673034668
    vertex -17.245344161987305 7.911978721618652 5.877497673034668
  endloop
endfacet
facet normal 0.0 0.0 0.0
  outer loop
    vertex -16.974382400512695 9.911977767944336 7.704161167144775
    vertex -16.814943313598633 7.911978721618652 8.041271209716797
    vertex -16.814943313598633 9.911977767944336 8.041271209716797
  endloop
endfacet
facet normal 0.0 0.0 0.0
  outer loop
    vertex -16.814943313598633 7.911978721618652 8.041271209716797
    vertex -16.974382400512695 9.911977767944336 7.704161167144775
    vertex -16.974382400512695 7.911978721618652 7.704161167144775
  endloop
endfacet
facet normal 0.0 0.0 0.0
  outer loop
    vertex -16.814943313598633 9.911977767944336 8.041271209716797
    vertex -16.62322235107422 7.911978721618652 8.361130714416504
    vertex -16.62322235107422 9.911977767944336 8.361130714416504
  endloop
endfacet
facet normal 0.0 0.0 0.0
  outer loop
    vertex -16.62322235107422 7.911978721618652 8.361130714416504
    vertex -16.814943313598633 9.911977767944336 8.041271209716797
    vertex -16.814943313598633 7.911978721618652 8.041271209716797
  endloop
endfacet
facet normal 0.0 0.0 0.0
  outer loop
    vertex -15.254955291748047 7.911978721618652 9.601261138916016
    vertex -14.917844772338867 9.911977767944336 9.760701179504395
    vertex -15.25495433807373 9.911977767944336 9.601261138916016
  endloop
endfacet
facet normal 0.0 0.0 0.0
  outer loop
    vertex -14.917844772338867 9.911977767944336 9.760701179504395
    vertex -15.254955291748047 7.911978721618652 9.601261138916016
    vertex -14.917845726013184 7.911978721618652 9.760701179504395
  endloop
endfacet
facet normal 0.0 0.0 0.0
  outer loop
    vertex -14.204989433288574 7.911978721618652 9.976941108703613
    vertex -13.836109161376953 9.911977767944336 10.031661033630371
    vertex -14.204988479614258 9.911977767944336 9.976941108703613
  endloop
endfacet
facet normal 0.0 0.0 0.0
  outer loop
    vertex -13.836109161376953 9.911977767944336 10.031661033630371
    vertex -14.204989433288574 7.911978721618652 9.976941108703613
    vertex -13.83611011505127 7.911978721618652 10.031661033630371
  endloop
endfacet
facet normal 0.0 0.0 0.0
  outer loop
    vertex -9.681946754455566 7.911978721618652 6.622425079345703
    vertex -9.736666679382324 9.911978721618652 6.991304397583008
    vertex -9.736666679382324 7.911978721618652 6.991304397583008
  endloop
endfacet
facet normal 0.0 0.0 0.0
  outer loop
    vertex -9.736666679382324 9.911978721618652 6.991304397583008
    vertex -9.681946754455566 7.911978721618652 6.622425079345703
    vertex -9.681946754455566 9.911978721618652 6.622425079345703
  endloop
endfacet
facet normal 0.0 0.0 0.0
  outer loop
    vertex -10.526206970214844 7.911978721618652 8.660651206970215
    vertex -10.776636123657227 9.911977767944336 8.936970710754395
    vertex -10.776637077331543 7.911978721618652 8.936970710754395
  endloop
endfacet
facet normal 0.0 0.0 0.0
  outer loop
    vertex -10.776636123657227 9.911977767944336 8.936970710754395
    vertex -10.526206970214844 7.911978721618652 8.660651206970215
    vertex -10.526206016540527 9.911977767944336 8.660651206970215
  endloop
endfacet
facet normal 0.0 0.0 0.0
  outer loop
    vertex -13.091181755065918 7.911978721618652 10.031661033630371
    vertex -12.722302436828613 9.911977767944336 9.976941108703613
    vertex -13.091180801391602 9.911977767944336 10.031661033630371
  endloop
endfacet
facet normal 0.0 0.0 0.0
  outer loop
    vertex -12.722302436828613 9.911977767944336 9.976941108703613
    vertex -13.091181755065918 7.911978721618652 10.031661033630371
    vertex -12.72230339050293 7.911978721618652 9.976941108703613
  endloop
endfacet
facet normal 0.0 0.0 0.0
  outer loop
    vertex -12.72230339050293 7.911978721618652 2.522982120513916
    vertex -13.091181755065918 9.911977767944336 2.468262195587158
    vertex -12.72230339050293 9.911977767944336 2.522982120513916
  endloop
endfacet
facet normal 0.0 0.0 0.0
  outer loop
    vertex -13.091181755065918 9.911977767944336 2.468262195587158
    vertex -12.72230339050293 7.911978721618652 2.522982120513916
    vertex -13.091181755065918 7.911978721618652 2.468262195587158
  endloop
endfacet
facet normal 0.0 0.0 0.0
  outer loop
    vertex -10.776637077331543 7.911978721618652 3.5629525184631348
    vertex -11.052957534790039 9.911977767944336 3.3125224113464355
    vertex -10.776637077331543 9.911977767944336 3.5629525184631348
  endloop
endfacet
facet normal 0.0 0.0 0.0
  outer loop
    vertex -11.052957534790039 9.911977767944336 3.3125224113464355
    vertex -10.776637077331543 7.911978721618652 3.5629525184631348
    vertex -11.052957534790039 7.911978721618652 3.3125224113464355
  endloop
endfacet
facet normal 0.0 0.0 0.0
  outer loop
    vertex -9.736666679382324 7.911978721618652 5.508618354797363
    vertex -9.681946754455566 9.911978721618652 5.87749719619751
    vertex -9.681946754455566 7.911978721618652 5.87749719619751
  endloop
endfacet
facet normal 0.0 0.0 0.0
  outer loop
    vertex -9.681946754455566 9.911978721618652 5.87749719619751
    vertex -9.736666679382324 7.911978721618652 5.508618354797363
    vertex -9.736666679382324 9.911978721618652 5.508618354797363
  endloop
endfacet
facet normal 0.0 0.0 0.0
  outer loop
    vertex -10.776637077331543 7.911978721618652 3.5629525184631348
    vertex -10.526206970214844 9.911977767944336 3.8392715454101562
    vertex -10.526206970214844 7.911978721618652 3.8392715454101562
  endloop
endfacet
facet normal 0.0 0.0 0.0
  outer loop
    vertex -10.526206970214844 9.911977767944336 3.8392715454101562
    vertex -10.776637077331543 7.911978721618652 3.5629525184631348
    vertex -10.776637077331543 9.911977767944336 3.5629525184631348
  endloop
endfacet
facet normal 0.0 0.0 0.0
  outer loop
    vertex -17.245344161987305 9.911977767944336 6.6224260330200195
    vertex -17.190622329711914 7.911978721618652 6.991304397583008
    vertex -17.190622329711914 9.911977767944336 6.991304397583008
  endloop
endfacet
facet normal 0.0 0.0 0.0
  outer loop
    vertex -17.190622329711914 7.911978721618652 6.991304397583008
    vertex -17.245344161987305 9.911977767944336 6.6224260330200195
    vertex -17.245344161987305 7.911978721618652 6.6224260330200195
  endloop
endfacet
facet normal 0.0 0.0 0.0
  outer loop
    vertex -17.190622329711914 9.911977767944336 6.991304397583008
    vertex -17.100013732910156 7.911978721618652 7.353041172027588
    vertex -17.100013732910156 9.911977767944336 7.353041172027588
  endloop
endfacet
facet normal 0.0 0.0 0.0
  outer loop
    vertex -17.100013732910156 7.911978721618652 7.353041172027588
    vertex -17.190622329711914 9.911977767944336 6.991304397583008
    vertex -17.190622329711914 7.911978721618652 6.991304397583008
  endloop
endfacet
facet normal 0.0 0.0 0.0
  outer loop
    vertex -17.100013732910156 9.911977767944336 7.353041172027588
    vertex -16.974382400512695 7.911978721618652 7.704161167144775
    vertex -16.974382400512695 9.911977767944336 7.704161167144775
  endloop
endfacet
facet normal 0.0 0.0 0.0
  outer loop
    vertex -16.974382400512695 7.911978721618652 7.704161167144775
    vertex -17.100013732910156 9.911977767944336 7.353041172027588
    vertex -17.100013732910156 7.911978721618652 7.353041172027588
  endloop
endfacet
facet normal 0.0 0.0 0.0
  outer loop
    vertex -16.40108299255371 9.911977767944336 8.660651206970215
    vertex -16.150653839111328 7.911978721618652 8.936970710754395
    vertex -16.150653839111328 9.911977767944336 8.936970710754395
  endloop
endfacet
facet normal 0.0 0.0 0.0
  outer loop
    vertex -16.150653839111328 7.911978721618652 8.936970710754395
    vertex -16.40108299255371 9.911977767944336 8.660651206970215
    vertex -16.40108299255371 7.911978721618652 8.660651206970215
  endloop
endfacet
facet normal 0.0 0.0 0.0
  outer loop
    vertex -16.62322235107422 9.911977767944336 8.361130714416504
    vertex -16.40108299255371 7.911978721618652 8.660651206970215
    vertex -16.40108299255371 9.911977767944336 8.660651206970215
  endloop
endfacet
facet normal 0.0 0.0 0.0
  outer loop
    vertex -16.40108299255371 7.911978721618652 8.660651206970215
    vertex -16.62322235107422 9.911977767944336 8.361130714416504
    vertex -16.62322235107422 7.911978721618652 8.361130714416504
  endloop
endfacet
facet normal 0.0 0.0 0.0
  outer loop
    vertex -16.150653839111328 7.911978721618652 8.936970710754395
    vertex -15.874334335327148 9.911977767944336 9.187400817871094
    vertex -16.150653839111328 9.911977767944336 8.936970710754395
  endloop
endfacet
facet normal 0.0 0.0 0.0
  outer loop
    vertex -15.874334335327148 9.911977767944336 9.187400817871094
    vertex -16.150653839111328 7.911978721618652 8.936970710754395
    vertex -15.874335289001465 7.911978721618652 9.187400817871094
  endloop
endfacet
facet normal 0.0 0.0 0.0
  outer loop
    vertex -15.574814796447754 7.911978721618652 9.409541130065918
    vertex -15.25495433807373 9.911977767944336 9.601261138916016
    vertex -15.574813842773438 9.911977767944336 9.409541130065918
  endloop
endfacet
facet normal 0.0 0.0 0.0
  outer loop
    vertex -15.25495433807373 9.911977767944336 9.601261138916016
    vertex -15.574814796447754 7.911978721618652 9.409541130065918
    vertex -15.254955291748047 7.911978721618652 9.601261138916016
  endloop
endfacet
facet normal 0.0 0.0 0.0
  outer loop
    vertex -13.83611011505127 7.911978721618652 10.031661033630371
    vertex -13.463644981384277 9.911977767944336 10.04996109008789
    vertex -13.836109161376953 9.911977767944336 10.031661033630371
  endloop
endfacet
facet normal 0.0 0.0 0.0
  outer loop
    vertex -13.463644981384277 9.911977767944336 10.04996109008789
    vertex -13.83611011505127 7.911978721618652 10.031661033630371
    vertex -13.463645935058594 7.911978721618652 10.04996109008789
  endloop
endfacet
facet normal 0.0 0.0 0.0
  outer loop
    vertex -14.917845726013184 7.911978721618652 9.760701179504395
    vertex -14.56672477722168 9.911977767944336 9.886330604553223
    vertex -14.917844772338867 9.911977767944336 9.760701179504395
  endloop
endfacet
facet normal 0.0 0.0 0.0
  outer loop
    vertex -14.56672477722168 9.911977767944336 9.886330604553223
    vertex -14.917845726013184 7.911978721618652 9.760701179504395
    vertex -14.566725730895996 7.911978721618652 9.886330604553223
  endloop
endfacet
facet normal 0.0 0.0 0.0
  outer loop
    vertex -14.566725730895996 7.911978721618652 9.886330604553223
    vertex -14.204988479614258 9.911977767944336 9.976941108703613
    vertex -14.56672477722168 9.911977767944336 9.886330604553223
  endloop
endfacet
facet normal 0.0 0.0 0.0
  outer loop
    vertex -14.204988479614258 9.911977767944336 9.976941108703613
    vertex -14.566725730895996 7.911978721618652 9.886330604553223
    vertex -14.204989433288574 7.911978721618652 9.976941108703613
  endloop
endfacet
facet normal 0.0 0.0 0.0
  outer loop
    vertex -9.663646697998047 7.911978721618652 6.249960899353027
    vertex -9.681946754455566 9.911978721618652 6.622425079345703
    vertex -9.681946754455566 7.911978721618652 6.622425079345703
  endloop
endfacet
facet normal 0.0 0.0 0.0
  outer loop
    vertex -9.681946754455566 9.911978721618652 6.622425079345703
    vertex -9.663646697998047 7.911978721618652 6.249960899353027
    vertex -9.663646697998047 9.911978721618652 6.249960899353027
  endloop
endfacet
facet normal 0.0 0.0 0.0
  outer loop
    vertex -9.827277183532715 7.911978721618652 7.35304069519043
    vertex -9.952906608581543 9.911977767944336 7.704160690307617
    vertex -9.952906608581543 7.911978721618652 7.704160690307617
  endloop
endfacet
facet normal 0.0 0.0 0.0
  outer loop
    vertex -9.952906608581543 9.911977767944336 7.704160690307617
    vertex -9.827277183532715 7.911978721618652 7.35304069519043
    vertex -9.827277183532715 9.911978721618652 7.35304069519043
  endloop
endfacet
facet normal 0.0 0.0 0.0
  outer loop
    vertex -9.736666679382324 7.911978721618652 6.991304397583008
    vertex -9.827277183532715 9.911978721618652 7.35304069519043
    vertex -9.827277183532715 7.911978721618652 7.35304069519043
  endloop
endfacet
facet normal 0.0 0.0 0.0
  outer loop
    vertex -9.827277183532715 9.911978721618652 7.35304069519043
    vertex -9.736666679382324 7.911978721618652 6.991304397583008
    vertex -9.736666679382324 9.911978721618652 6.991304397583008
  endloop
endfacet
facet normal 0.0 0.0 0.0
  outer loop
    vertex -10.112346649169922 7.911978721618652 8.041271209716797
    vertex -10.30406665802002 9.911977767944336 8.361130714416504
    vertex -10.30406665802002 7.911978721618652 8.361130714416504
  endloop
endfacet
facet normal 0.0 0.0 0.0
  outer loop
    vertex -10.30406665802002 9.911977767944336 8.361130714416504
    vertex -10.112346649169922 7.911978721618652 8.041271209716797
    vertex -10.112346649169922 9.911977767944336 8.041271209716797
  endloop
endfacet
facet normal 0.0 0.0 0.0
  outer loop
    vertex -10.30406665802002 7.911978721618652 8.361130714416504
    vertex -10.526206016540527 9.911977767944336 8.660651206970215
    vertex -10.526206970214844 7.911978721618652 8.660651206970215
  endloop
endfacet
facet normal 0.0 0.0 0.0
  outer loop
    vertex -10.526206016540527 9.911977767944336 8.660651206970215
    vertex -10.30406665802002 7.911978721618652 8.361130714416504
    vertex -10.30406665802002 9.911977767944336 8.361130714416504
  endloop
endfacet
facet normal 0.0 0.0 0.0
  outer loop
    vertex -12.72230339050293 7.911978721618652 9.976941108703613
    vertex -12.360565185546875 9.911977767944336 9.886330604553223
    vertex -12.722302436828613 9.911977767944336 9.976941108703613
  endloop
endfacet
facet normal 0.0 0.0 0.0
  outer loop
    vertex -12.360565185546875 9.911977767944336 9.886330604553223
    vertex -12.72230339050293 7.911978721618652 9.976941108703613
    vertex -12.360566139221191 7.911978721618652 9.886330604553223
  endloop
endfacet
facet normal 0.0 0.0 0.0
  outer loop
    vertex -13.463645935058594 7.911978721618652 10.04996109008789
    vertex -13.091180801391602 9.911977767944336 10.031661033630371
    vertex -13.463644981384277 9.911977767944336 10.04996109008789
  endloop
endfacet
facet normal 0.0 0.0 0.0
  outer loop
    vertex -13.091180801391602 9.911977767944336 10.031661033630371
    vertex -13.463645935058594 7.911978721618652 10.04996109008789
    vertex -13.091181755065918 7.911978721618652 10.031661033630371
  endloop
endfacet
facet normal 0.0 0.0 0.0
  outer loop
    vertex -11.672337532043457 7.911978721618652 9.601261138916016
    vertex -11.352476119995117 9.911977767944336 9.409541130065918
    vertex -11.67233657836914 9.911977767944336 9.601261138916016
  endloop
endfacet
facet normal 0.0 0.0 0.0
  outer loop
    vertex -11.352476119995117 9.911977767944336 9.409541130065918
    vertex -11.672337532043457 7.911978721618652 9.601261138916016
    vertex -11.352477073669434 7.911978721618652 9.409541130065918
  endloop
endfacet
facet normal 0.0 0.0 0.0
  outer loop
    vertex -11.352477073669434 7.911978721618652 9.409541130065918
    vertex -11.052956581115723 9.911977767944336 9.187400817871094
    vertex -11.352476119995117 9.911977767944336 9.409541130065918
  endloop
endfacet
facet normal 0.0 0.0 0.0
  outer loop
    vertex -11.052956581115723 9.911977767944336 9.187400817871094
    vertex -11.352477073669434 7.911978721618652 9.409541130065918
    vertex -11.052957534790039 7.911978721618652 9.187400817871094
  endloop
endfacet
facet normal 0.0 0.0 0.0
  outer loop
    vertex -12.00944709777832 7.911978721618652 9.760701179504395
    vertex -11.67233657836914 9.911977767944336 9.601261138916016
    vertex -12.009446144104004 9.911977767944336 9.760701179504395
  endloop
endfacet
facet normal 0.0 0.0 0.0
  outer loop
    vertex -11.67233657836914 9.911977767944336 9.601261138916016
    vertex -12.00944709777832 7.911978721618652 9.760701179504395
    vertex -11.672337532043457 7.911978721618652 9.601261138916016
  endloop
endfacet
facet normal 0.0 0.0 0.0
  outer loop
    vertex -11.052957534790039 7.911978721618652 9.187400817871094
    vertex -10.776636123657227 9.911977767944336 8.936970710754395
    vertex -11.052956581115723 9.911977767944336 9.187400817871094
  endloop
endfacet
facet normal 0.0 0.0 0.0
  outer loop
    vertex -10.776636123657227 9.911977767944336 8.936970710754395
    vertex -11.052957534790039 7.911978721618652 9.187400817871094
    vertex -10.776637077331543 7.911978721618652 8.936970710754395
  endloop
endfacet
facet normal 0.0 0.0 0.0
  outer loop
    vertex -17.263643264770508 9.911977767944336 6.249961853027344
    vertex -17.245344161987305 7.911978721618652 6.6224260330200195
    vertex -17.245344161987305 9.911977767944336 6.6224260330200195
  endloop
endfacet
facet normal 0.0 0.0 0.0
  outer loop
    vertex -17.245344161987305 7.911978721618652 6.6224260330200195
    vertex -17.263643264770508 9.911977767944336 6.249961853027344
    vertex -17.263643264770508 7.911978721618652 6.249961853027344
  endloop
endfacet
facet normal 0.0 0.0 0.0
  outer loop
    vertex -13.463645935058594 7.911978721618652 2.4499621391296387
    vertex -13.83611011505127 9.911977767944336 2.468262195587158
    vertex -13.463645935058594 9.911977767944336 2.4499621391296387
  endloop
endfacet
facet normal 0.0 0.0 0.0
  outer loop
    vertex -13.83611011505127 9.911977767944336 2.468262195587158
    vertex -13.463645935058594 7.911978721618652 2.4499621391296387
    vertex -13.83611011505127 7.911978721618652 2.468262195587158
  endloop
endfacet
facet normal 0.0 0.0 0.0
  outer loop
    vertex -17.100013732910156 9.911977767944336 5.146882057189941
    vertex -17.190622329711914 7.911978721618652 5.5086188316345215
    vertex -17.190622329711914 9.911977767944336 5.5086188316345215
  endloop
endfacet
facet normal 0.0 0.0 0.0
  outer loop
    vertex -17.190622329711914 7.911978721618652 5.5086188316345215
    vertex -17.100013732910156 9.911977767944336 5.146882057189941
    vertex -17.100013732910156 7.911978721618652 5.146882057189941
  endloop
endfacet
facet normal 0.0 0.0 0.0
  outer loop
    vertex -16.814943313598633 9.911977767944336 4.458652496337891
    vertex -16.974382400512695 7.911978721618652 4.795762062072754
    vertex -16.974382400512695 9.911977767944336 4.795762062072754
  endloop
endfacet
facet normal 0.0 0.0 0.0
  outer loop
    vertex -16.974382400512695 7.911978721618652 4.795762062072754
    vertex -16.814943313598633 9.911977767944336 4.458652496337891
    vertex -16.814943313598633 7.911978721618652 4.458652496337891
  endloop
endfacet
facet normal 0.0 0.0 0.0
  outer loop
    vertex -13.83611011505127 7.911978721618652 2.468262195587158
    vertex -14.204989433288574 9.911977767944336 2.522982120513916
    vertex -13.83611011505127 9.911977767944336 2.468262195587158
  endloop
endfacet
facet normal 0.0 0.0 0.0
  outer loop
    vertex -14.204989433288574 9.911977767944336 2.522982120513916
    vertex -13.83611011505127 7.911978721618652 2.468262195587158
    vertex -14.204989433288574 7.911978721618652 2.522982120513916
  endloop
endfacet
facet normal 0.0 0.0 0.0
  outer loop
    vertex -14.204989433288574 7.911978721618652 2.522982120513916
    vertex -14.566725730895996 9.911977767944336 2.6135926246643066
    vertex -14.204989433288574 9.911977767944336 2.522982120513916
  endloop
endfacet
facet normal 0.0 0.0 0.0
  outer loop
    vertex -14.566725730895996 9.911977767944336 2.6135926246643066
    vertex -14.204989433288574 7.911978721618652 2.522982120513916
    vertex -14.566725730895996 7.911978721618652 2.6135926246643066
  endloop
endfacet
facet normal 0.0 0.0 0.0
  outer loop
    vertex -15.874335289001465 7.911978721618652 3.3125224113464355
    vertex -16.150653839111328 9.911977767944336 3.5629525184631348
    vertex -15.874335289001465 9.911977767944336 3.3125224113464355
  endloop
endfacet
facet normal 0.0 0.0 0.0
  outer loop
    vertex -16.150653839111328 9.911977767944336 3.5629525184631348
    vertex -15.874335289001465 7.911978721618652 3.3125224113464355
    vertex -16.150653839111328 7.911978721618652 3.5629525184631348
  endloop
endfacet
facet normal 0.0 0.0 0.0
  outer loop
    vertex -15.574814796447754 7.911978721618652 3.0903820991516113
    vertex -15.874335289001465 9.911977767944336 3.3125224113464355
    vertex -15.574814796447754 9.911977767944336 3.0903820991516113
  endloop
endfacet
facet normal 0.0 0.0 0.0
  outer loop
    vertex -15.874335289001465 9.911977767944336 3.3125224113464355
    vertex -15.574814796447754 7.911978721618652 3.0903820991516113
    vertex -15.874335289001465 7.911978721618652 3.3125224113464355
  endloop
endfacet
facet normal 0.0 0.0 0.0
  outer loop
    vertex -14.917845726013184 7.911978721618652 2.7392220497131348
    vertex -15.254955291748047 9.911977767944336 2.8986620903015137
    vertex -14.917845726013184 9.911977767944336 2.7392220497131348
  endloop
endfacet
facet normal 0.0 0.0 0.0
  outer loop
    vertex -15.254955291748047 9.911977767944336 2.8986620903015137
    vertex -14.917845726013184 7.911978721618652 2.7392220497131348
    vertex -15.254955291748047 7.911978721618652 2.8986620903015137
  endloop
endfacet
facet normal 0.0 0.0 0.0
  outer loop
    vertex -13.091181755065918 7.911978721618652 2.468262195587158
    vertex -13.463645935058594 9.911977767944336 2.4499621391296387
    vertex -13.091181755065918 9.911977767944336 2.468262195587158
  endloop
endfacet
facet normal 0.0 0.0 0.0
  outer loop
    vertex -13.463645935058594 9.911977767944336 2.4499621391296387
    vertex -13.091181755065918 7.911978721618652 2.468262195587158
    vertex -13.463645935058594 7.911978721618652 2.4499621391296387
  endloop
endfacet
facet normal 0.0 0.0 0.0
  outer loop
    vertex -12.00944709777832 7.911978721618652 2.7392220497131348
    vertex -12.360566139221191 9.911977767944336 2.6135926246643066
    vertex -12.00944709777832 9.911977767944336 2.7392220497131348
  endloop
endfacet
facet normal 0.0 0.0 0.0
  outer loop
    vertex -12.360566139221191 9.911977767944336 2.6135926246643066
    vertex -12.00944709777832 7.911978721618652 2.7392220497131348
    vertex -12.360566139221191 7.911978721618652 2.6135926246643066
  endloop
endfacet
facet normal 0.0 0.0 0.0
  outer loop
    vertex -11.352477073669434 7.911978721618652 3.0903820991516113
    vertex -11.672337532043457 9.911977767944336 2.8986620903015137
    vertex -11.352477073669434 9.911977767944336 3.0903820991516113
  endloop
endfacet
facet normal 0.0 0.0 0.0
  outer loop
    vertex -11.672337532043457 9.911977767944336 2.8986620903015137
    vertex -11.352477073669434 7.911978721618652 3.0903820991516113
    vertex -11.672337532043457 7.911978721618652 2.8986620903015137
  endloop
endfacet
facet normal 0.0 0.0 0.0
  outer loop
    vertex -9.827277183532715 7.911978721618652 5.146882057189941
    vertex -9.736666679382324 9.911978721618652 5.508618354797363
    vertex -9.736666679382324 7.911978721618652 5.508618354797363
  endloop
endfacet
facet normal 0.0 0.0 0.0
  outer loop
    vertex -9.736666679382324 9.911978721618652 5.508618354797363
    vertex -9.827277183532715 7.911978721618652 5.146882057189941
    vertex -9.827277183532715 9.911978721618652 5.146882057189941
  endloop
endfacet
facet normal 0.0 0.0 0.0
  outer loop
    vertex -9.681946754455566 7.911978721618652 5.87749719619751
    vertex -9.663646697998047 9.911978721618652 6.249960899353027
    vertex -9.663646697998047 7.911978721618652 6.249960899353027
  endloop
endfacet
facet normal 0.0 0.0 0.0
  outer loop
    vertex -9.663646697998047 9.911978721618652 6.249960899353027
    vertex -9.681946754455566 7.911978721618652 5.87749719619751
    vertex -9.681946754455566 9.911978721618652 5.87749719619751
  endloop
endfacet
facet normal 0.0 0.0 0.0
  outer loop
    vertex -16.26364517211914 7.911978721618652 6.249961853027344
    vertex -17.263643264770508 7.911978721618652 6.249961853027344
    vertex -17.245344161987305 7.911978721618652 5.877497673034668
  endloop
endfacet
facet normal 0.0 0.0 0.0
  outer loop
    vertex -16.250164031982422 7.911978721618652 5.975514888763428
    vertex -17.245344161987305 7.911978721618652 5.877497673034668
    vertex -17.190622329711914 7.911978721618652 5.5086188316345215
  endloop
endfacet
facet normal 0.0 0.0 0.0
  outer loop
    vertex -17.263643264770508 7.911978721618652 6.249961853027344
    vertex -16.26364517211914 7.911978721618652 6.249961853027344
    vertex -17.245344161987305 7.911978721618652 6.6224260330200195
  endloop
endfacet
facet normal 0.0 0.0 0.0
  outer loop
    vertex -16.2098445892334 7.911978721618652 5.703710079193115
    vertex -17.190622329711914 7.911978721618652 5.5086188316345215
    vertex -17.100013732910156 7.911978721618652 5.146882057189941
  endloop
endfacet
facet normal 0.0 0.0 0.0
  outer loop
    vertex -16.250164031982422 7.911978721618652 6.524408340454102
    vertex -17.245344161987305 7.911978721618652 6.6224260330200195
    vertex -16.26364517211914 7.911978721618652 6.249961853027344
  endloop
endfacet
facet normal 0.0 0.0 0.0
  outer loop
    vertex -16.14307403564453 7.911978721618652 5.437164783477783
    vertex -17.100013732910156 7.911978721618652 5.146882057189941
    vertex -16.974382400512695 7.911978721618652 4.795762062072754
  endloop
endfacet
facet normal 0.0 0.0 0.0
  outer loop
    vertex -17.245344161987305 7.911978721618652 6.6224260330200195
    vertex -16.250164031982422 7.911978721618652 6.524408340454102
    vertex -17.190622329711914 7.911978721618652 6.991304397583008
  endloop
endfacet
facet normal 0.0 0.0 0.0
  outer loop
    vertex -16.050504684448242 7.911978721618652 5.178452491760254
    vertex -16.974382400512695 7.911978721618652 4.795762062072754
    vertex -16.814943313598633 7.911978721618652 4.458652496337891
  endloop
endfacet
facet normal 0.0 0.0 0.0
  outer loop
    vertex -16.2098445892334 7.911978721618652 6.796213150024414
    vertex -17.190622329711914 7.911978721618652 6.991304397583008
    vertex -16.250164031982422 7.911978721618652 6.524408340454102
  endloop
endfacet
facet normal 0.0 0.0 0.0
  outer loop
    vertex -15.933025360107422 7.911978721618652 4.930051803588867
    vertex -16.814943313598633 7.911978721618652 4.458652496337891
    vertex -16.62322235107422 7.911978721618652 4.138792514801025
  endloop
endfacet
facet normal 0.0 0.0 0.0
  outer loop
    vertex -17.190622329711914 7.911978721618652 6.991304397583008
    vertex -16.2098445892334 7.911978721618652 6.796213150024414
    vertex -17.100013732910156 7.911978721618652 7.353041172027588
  endloop
endfacet
facet normal 0.0 0.0 0.0
  outer loop
    vertex -15.791754722595215 7.911978721618652 4.694361686706543
    vertex -16.62322235107422 7.911978721618652 4.138792514801025
    vertex -16.40108299255371 7.911978721618652 3.8392715454101562
  endloop
endfacet
facet normal 0.0 0.0 0.0
  outer loop
    vertex -16.14307403564453 7.911978721618652 7.062758445739746
    vertex -17.100013732910156 7.911978721618652 7.353041172027588
    vertex -16.2098445892334 7.911978721618652 6.796213150024414
  endloop
endfacet
facet normal 0.0 0.0 0.0
  outer loop
    vertex -17.100013732910156 7.911978721618652 7.353041172027588
    vertex -16.14307403564453 7.911978721618652 7.062758445739746
    vertex -16.974382400512695 7.911978721618652 7.704161167144775
  endloop
endfacet
facet normal 0.0 0.0 0.0
  outer loop
    vertex -17.245344161987305 7.911978721618652 5.877497673034668
    vertex -16.250164031982422 7.911978721618652 5.975514888763428
    vertex -16.26364517211914 7.911978721618652 6.249961853027344
  endloop
endfacet
facet normal 0.0 0.0 0.0
  outer loop
    vertex -17.190622329711914 7.911978721618652 5.5086188316345215
    vertex -16.2098445892334 7.911978721618652 5.703710079193115
    vertex -16.250164031982422 7.911978721618652 5.975514888763428
  endloop
endfacet
facet normal 0.0 0.0 0.0
  outer loop
    vertex -15.62807559967041 7.911978721618652 4.47366189956665
    vertex -16.40108299255371 7.911978721618652 3.8392715454101562
    vertex -16.150653839111328 7.911978721618652 3.5629525184631348
  endloop
endfacet
facet normal 0.0 0.0 0.0
  outer loop
    vertex -17.100013732910156 7.911978721618652 5.146882057189941
    vertex -16.14307403564453 7.911978721618652 5.437164783477783
    vertex -16.2098445892334 7.911978721618652 5.703710079193115
  endloop
endfacet
facet normal 0.0 0.0 0.0
  outer loop
    vertex -16.974382400512695 7.911978721618652 4.795762062072754
    vertex -16.050504684448242 7.911978721618652 5.178452491760254
    vertex -16.14307403564453 7.911978721618652 5.437164783477783
  endloop
endfacet
facet normal 0.0 0.0 0.0
  outer loop
    vertex -16.814943313598633 7.911978721618652 4.458652496337891
    vertex -15.933025360107422 7.911978721618652 4.930051803588867
    vertex -16.050504684448242 7.911978721618652 5.178452491760254
  endloop
endfacet
facet normal 0.0 0.0 0.0
  outer loop
    vertex -15.4435453414917 7.911978721618652 4.27006196975708
    vertex -16.150653839111328 7.911978721618652 3.5629525184631348
    vertex -15.874335289001465 7.911978721618652 3.3125224113464355
  endloop
endfacet
facet normal 0.0 0.0 0.0
  outer loop
    vertex -16.62322235107422 7.911978721618652 4.138792514801025
    vertex -15.791754722595215 7.911978721618652 4.694361686706543
    vertex -15.933025360107422 7.911978721618652 4.930051803588867
  endloop
endfacet
facet normal 0.0 0.0 0.0
  outer loop
    vertex -16.40108299255371 7.911978721618652 3.8392715454101562
    vertex -15.62807559967041 7.911978721618652 4.47366189956665
    vertex -15.791754722595215 7.911978721618652 4.694361686706543
  endloop
endfacet
facet normal 0.0 0.0 0.0
  outer loop
    vertex -15.239945411682129 7.911978721618652 4.085531711578369
    vertex -15.874335289001465 7.911978721618652 3.3125224113464355
    vertex -15.574814796447754 7.911978721618652 3.0903820991516113
  endloop
endfacet
facet normal 0.0 0.0 0.0
  outer loop
    vertex -16.150653839111328 7.911978721618652 3.5629525184631348
    vertex -15.4435453414917 7.911978721618652 4.27006196975708
    vertex -15.62807559967041 7.911978721618652 4.47366189956665
  endloop
endfacet
facet normal 0.0 0.0 0.0
  outer loop
    vertex -15.019245147705078 7.911978721618652 3.9218521118164062
    vertex -15.574814796447754 7.911978721618652 3.0903820991516113
    vertex -15.254955291748047 7.911978721618652 2.8986620903015137
  endloop
endfacet
facet normal 0.0 0.0 0.0
  outer loop
    vertex -15.874335289001465 7.911978721618652 3.3125224113464355
    vertex -15.239945411682129 7.911978721618652 4.085531711578369
    vertex -15.4435453414917 7.911978721618652 4.27006196975708
  endloop
endfacet
facet normal 0.0 0.0 0.0
  outer loop
    vertex -15.574814796447754 7.911978721618652 3.0903820991516113
    vertex -15.019245147705078 7.911978721618652 3.9218521118164062
    vertex -15.239945411682129 7.911978721618652 4.085531711578369
  endloop
endfacet
facet normal 0.0 0.0 0.0
  outer loop
    vertex -14.78355598449707 7.911978721618652 3.7805819511413574
    vertex -15.254955291748047 7.911978721618652 2.8986620903015137
    vertex -14.917845726013184 7.911978721618652 2.7392220497131348
  endloop
endfacet
facet normal 0.0 0.0 0.0
  outer loop
    vertex -15.254955291748047 7.911978721618652 2.8986620903015137
    vertex -14.78355598449707 7.911978721618652 3.7805819511413574
    vertex -15.019245147705078 7.911978721618652 3.9218521118164062
  endloop
endfacet
facet normal 0.0 0.0 0.0
  outer loop
    vertex -14.53515625 7.911978721618652 3.663102626800537
    vertex -14.917845726013184 7.911978721618652 2.7392220497131348
    vertex -14.566725730895996 7.911978721618652 2.6135926246643066
  endloop
endfacet
facet normal 0.0 0.0 0.0
  outer loop
    vertex -14.917845726013184 7.911978721618652 2.7392220497131348
    vertex -14.53515625 7.911978721618652 3.663102626800537
    vertex -14.78355598449707 7.911978721618652 3.7805819511413574
  endloop
endfacet
facet normal 0.0 0.0 0.0
  outer loop
    vertex -14.566725730895996 7.911978721618652 2.6135926246643066
    vertex -14.276443481445312 7.911978721618652 3.5705323219299316
    vertex -14.53515625 7.911978721618652 3.663102626800537
  endloop
endfacet
facet normal 0.0 0.0 0.0
  outer loop
    vertex -14.204989433288574 7.911978721618652 2.522982120513916
    vertex -14.276443481445312 7.911978721618652 3.5705323219299316
    vertex -14.566725730895996 7.911978721618652 2.6135926246643066
  endloop
endfacet
facet normal 0.0 0.0 0.0
  outer loop
    vertex -14.204989433288574 7.911978721618652 2.522982120513916
    vertex -14.00989818572998 7.911978721618652 3.5037622451782227
    vertex -14.276443481445312 7.911978721618652 3.5705323219299316
  endloop
endfacet
facet normal 0.0 0.0 0.0
  outer loop
    vertex -13.83611011505127 7.911978721618652 2.468262195587158
    vertex -14.00989818572998 7.911978721618652 3.5037622451782227
    vertex -14.204989433288574 7.911978721618652 2.522982120513916
  endloop
endfacet
facet normal 0.0 0.0 0.0
  outer loop
    vertex -13.83611011505127 7.911978721618652 2.468262195587158
    vertex -13.738093376159668 7.911978721618652 3.463442325592041
    vertex -14.00989818572998 7.911978721618652 3.5037622451782227
  endloop
endfacet
facet normal 0.0 0.0 0.0
  outer loop
    vertex -13.463645935058594 7.911978721618652 2.4499621391296387
    vertex -13.738093376159668 7.911978721618652 3.463442325592041
    vertex -13.83611011505127 7.911978721618652 2.468262195587158
  endloop
endfacet
facet normal 0.0 0.0 0.0
  outer loop
    vertex -13.463645935058594 7.911978721618652 2.4499621391296387
    vertex -13.463645935058594 7.911978721618652 3.4499621391296387
    vertex -13.738093376159668 7.911978721618652 3.463442325592041
  endloop
endfacet
facet normal 0.0 0.0 0.0
  outer loop
    vertex -13.463645935058594 7.911978721618652 2.4499621391296387
    vertex -13.189199447631836 7.911978721618652 3.463442325592041
    vertex -13.463645935058594 7.911978721618652 3.4499621391296387
  endloop
endfacet
facet normal 0.0 0.0 0.0
  outer loop
    vertex -13.091181755065918 7.911978721618652 2.468262195587158
    vertex -13.189199447631836 7.911978721618652 3.463442325592041
    vertex -13.463645935058594 7.911978721618652 2.4499621391296387
  endloop
endfacet
facet normal 0.0 0.0 0.0
  outer loop
    vertex -13.091181755065918 7.911978721618652 2.468262195587158
    vertex -12.917393684387207 7.911978721618652 3.5037622451782227
    vertex -13.189199447631836 7.911978721618652 3.463442325592041
  endloop
endfacet
facet normal 0.0 0.0 0.0
  outer loop
    vertex -12.72230339050293 7.911978721618652 2.522982120513916
    vertex -12.917393684387207 7.911978721618652 3.5037622451782227
    vertex -13.091181755065918 7.911978721618652 2.468262195587158
  endloop
endfacet
facet normal 0.0 0.0 0.0
  outer loop
    vertex -12.72230339050293 7.911978721618652 2.522982120513916
    vertex -12.650849342346191 7.911978721618652 3.5705323219299316
    vertex -12.917393684387207 7.911978721618652 3.5037622451782227
  endloop
endfacet
facet normal 0.0 0.0 0.0
  outer loop
    vertex -12.360566139221191 7.911978721618652 2.6135926246643066
    vertex -12.650849342346191 7.911978721618652 3.5705323219299316
    vertex -12.72230339050293 7.911978721618652 2.522982120513916
  endloop
endfacet
facet normal 0.0 0.0 0.0
  outer loop
    vertex -12.650849342346191 7.911978721618652 3.5705323219299316
    vertex -12.360566139221191 7.911978721618652 2.6135926246643066
    vertex -12.392136573791504 7.911978721618652 3.663102626800537
  endloop
endfacet
facet normal 0.0 0.0 0.0
  outer loop
    vertex -12.00944709777832 7.911978721618652 2.7392220497131348
    vertex -12.392136573791504 7.911978721618652 3.663102626800537
    vertex -12.360566139221191 7.911978721618652 2.6135926246643066
  endloop
endfacet
facet normal 0.0 0.0 0.0
  outer loop
    vertex -12.392136573791504 7.911978721618652 3.663102626800537
    vertex -12.00944709777832 7.911978721618652 2.7392220497131348
    vertex -12.143736839294434 7.911978721618652 3.7805819511413574
  endloop
endfacet
facet normal 0.0 0.0 0.0
  outer loop
    vertex -11.672337532043457 7.911978721618652 2.8986620903015137
    vertex -12.143736839294434 7.911978721618652 3.7805819511413574
    vertex -12.00944709777832 7.911978721618652 2.7392220497131348
  endloop
endfacet
facet normal 0.0 0.0 0.0
  outer loop
    vertex -12.143736839294434 7.911978721618652 3.7805819511413574
    vertex -11.672337532043457 7.911978721618652 2.8986620903015137
    vertex -11.90804672241211 7.911978721618652 3.9218521118164062
  endloop
endfacet
facet normal 0.0 0.0 0.0
  outer loop
    vertex -11.352477073669434 7.911978721618652 3.0903820991516113
    vertex -11.90804672241211 7.911978721618652 3.9218521118164062
    vertex -11.672337532043457 7.911978721618652 2.8986620903015137
  endloop
endfacet
facet normal 0.0 0.0 0.0
  outer loop
    vertex -11.90804672241211 7.911978721618652 3.9218521118164062
    vertex -11.352477073669434 7.911978721618652 3.0903820991516113
    vertex -11.687347412109375 7.911978721618652 4.085531711578369
  endloop
endfacet
facet normal 0.0 0.0 0.0
  outer loop
    vertex -11.052957534790039 7.911978721618652 3.3125224113464355
    vertex -11.687347412109375 7.911978721618652 4.085531711578369
    vertex -11.352477073669434 7.911978721618652 3.0903820991516113
  endloop
endfacet
facet normal 0.0 0.0 0.0
  outer loop
    vertex -11.687347412109375 7.911978721618652 4.085531711578369
    vertex -11.052957534790039 7.911978721618652 3.3125224113464355
    vertex -11.483747482299805 7.911978721618652 4.27006196975708
  endloop
endfacet
facet normal 0.0 0.0 0.0
  outer loop
    vertex -10.776637077331543 7.911978721618652 3.5629525184631348
    vertex -11.483747482299805 7.911978721618652 4.27006196975708
    vertex -11.052957534790039 7.911978721618652 3.3125224113464355
  endloop
endfacet
facet normal 0.0 0.0 0.0
  outer loop
    vertex -11.483747482299805 7.911978721618652 4.27006196975708
    vertex -10.776637077331543 7.911978721618652 3.5629525184631348
    vertex -11.299217224121094 7.911978721618652 4.47366189956665
  endloop
endfacet
facet normal 0.0 0.0 0.0
  outer loop
    vertex -10.526206970214844 7.911978721618652 3.8392715454101562
    vertex -11.299217224121094 7.911978721618652 4.47366189956665
    vertex -10.776637077331543 7.911978721618652 3.5629525184631348
  endloop
endfacet
facet normal 0.0 0.0 0.0
  outer loop
    vertex -11.299217224121094 7.911978721618652 4.47366189956665
    vertex -10.526206970214844 7.911978721618652 3.8392715454101562
    vertex -11.135537147521973 7.911978721618652 4.694361686706543
  endloop
endfacet
facet normal 0.0 0.0 0.0
  outer loop
    vertex -10.30406665802002 7.911978721618652 4.138792037963867
    vertex -11.135537147521973 7.911978721618652 4.694361686706543
    vertex -10.526206970214844 7.911978721618652 3.8392715454101562
  endloop
endfacet
facet normal 0.0 0.0 0.0
  outer loop
    vertex -11.135537147521973 7.911978721618652 4.694361686706543
    vertex -10.30406665802002 7.911978721618652 4.138792037963867
    vertex -10.994267463684082 7.911978721618652 4.930051803588867
  endloop
endfacet
facet normal 0.0 0.0 0.0
  outer loop
    vertex -10.112346649169922 7.911978721618652 4.458652019500732
    vertex -10.994267463684082 7.911978721618652 4.930051803588867
    vertex -10.30406665802002 7.911978721618652 4.138792037963867
  endloop
endfacet
facet normal 0.0 0.0 0.0
  outer loop
    vertex -10.994267463684082 7.911978721618652 4.930051803588867
    vertex -10.112346649169922 7.911978721618652 4.458652019500732
    vertex -10.876787185668945 7.911978721618652 5.1784515380859375
  endloop
endfacet
facet normal 0.0 0.0 0.0
  outer loop
    vertex -9.952906608581543 7.911978721618652 4.795762062072754
    vertex -10.876787185668945 7.911978721618652 5.1784515380859375
    vertex -10.112346649169922 7.911978721618652 4.458652019500732
  endloop
endfacet
facet normal 0.0 0.0 0.0
  outer loop
    vertex -10.876787185668945 7.911978721618652 5.1784515380859375
    vertex -9.952906608581543 7.911978721618652 4.795762062072754
    vertex -10.78421688079834 7.911978721618652 5.437164306640625
  endloop
endfacet
facet normal 0.0 0.0 0.0
  outer loop
    vertex -16.050504684448242 7.911978721618652 7.321471214294434
    vertex -16.974382400512695 7.911978721618652 7.704161167144775
    vertex -16.14307403564453 7.911978721618652 7.062758445739746
  endloop
endfacet
facet normal 0.0 0.0 0.0
  outer loop
    vertex -16.974382400512695 7.911978721618652 7.704161167144775
    vertex -16.050504684448242 7.911978721618652 7.321471214294434
    vertex -16.814943313598633 7.911978721618652 8.041271209716797
  endloop
endfacet
facet normal 0.0 0.0 0.0
  outer loop
    vertex -15.933025360107422 7.911978721618652 7.569871425628662
    vertex -16.814943313598633 7.911978721618652 8.041271209716797
    vertex -16.050504684448242 7.911978721618652 7.321471214294434
  endloop
endfacet
facet normal 0.0 0.0 0.0
  outer loop
    vertex -16.814943313598633 7.911978721618652 8.041271209716797
    vertex -15.933025360107422 7.911978721618652 7.569871425628662
    vertex -16.62322235107422 7.911978721618652 8.361130714416504
  endloop
endfacet
facet normal 0.0 0.0 0.0
  outer loop
    vertex -15.791754722595215 7.911978721618652 7.805561542510986
    vertex -16.62322235107422 7.911978721618652 8.361130714416504
    vertex -15.933025360107422 7.911978721618652 7.569871425628662
  endloop
endfacet
facet normal 0.0 0.0 0.0
  outer loop
    vertex -16.62322235107422 7.911978721618652 8.361130714416504
    vertex -15.791754722595215 7.911978721618652 7.805561542510986
    vertex -16.40108299255371 7.911978721618652 8.660651206970215
  endloop
endfacet
facet normal 0.0 0.0 0.0
  outer loop
    vertex -15.62807559967041 7.911978721618652 8.026261329650879
    vertex -16.40108299255371 7.911978721618652 8.660651206970215
    vertex -15.791754722595215 7.911978721618652 7.805561542510986
  endloop
endfacet
facet normal 0.0 0.0 0.0
  outer loop
    vertex -16.40108299255371 7.911978721618652 8.660651206970215
    vertex -15.62807559967041 7.911978721618652 8.026261329650879
    vertex -16.150653839111328 7.911978721618652 8.936970710754395
  endloop
endfacet
facet normal 0.0 0.0 0.0
  outer loop
    vertex -15.4435453414917 7.911978721618652 8.22986125946045
    vertex -16.150653839111328 7.911978721618652 8.936970710754395
    vertex -15.62807559967041 7.911978721618652 8.026261329650879
  endloop
endfacet
facet normal 0.0 0.0 0.0
  outer loop
    vertex -16.150653839111328 7.911978721618652 8.936970710754395
    vertex -15.4435453414917 7.911978721618652 8.22986125946045
    vertex -15.874335289001465 7.911978721618652 9.187400817871094
  endloop
endfacet
facet normal 0.0 0.0 0.0
  outer loop
    vertex -15.239945411682129 7.911978721618652 8.414390563964844
    vertex -15.874335289001465 7.911978721618652 9.187400817871094
    vertex -15.4435453414917 7.911978721618652 8.22986125946045
  endloop
endfacet
facet normal 0.0 0.0 0.0
  outer loop
    vertex -15.874335289001465 7.911978721618652 9.187400817871094
    vertex -15.239945411682129 7.911978721618652 8.414390563964844
    vertex -15.574814796447754 7.911978721618652 9.409541130065918
  endloop
endfacet
facet normal 0.0 0.0 0.0
  outer loop
    vertex -15.019245147705078 7.911978721618652 8.578070640563965
    vertex -15.574814796447754 7.911978721618652 9.409541130065918
    vertex -15.239945411682129 7.911978721618652 8.414390563964844
  endloop
endfacet
facet normal 0.0 0.0 0.0
  outer loop
    vertex -15.574814796447754 7.911978721618652 9.409541130065918
    vertex -15.019245147705078 7.911978721618652 8.578070640563965
    vertex -15.254955291748047 7.911978721618652 9.601261138916016
  endloop
endfacet
facet normal 0.0 0.0 0.0
  outer loop
    vertex -14.78355598449707 7.911978721618652 8.719341278076172
    vertex -15.254955291748047 7.911978721618652 9.601261138916016
    vertex -15.019245147705078 7.911978721618652 8.578070640563965
  endloop
endfacet
facet normal 0.0 0.0 0.0
  outer loop
    vertex -15.254955291748047 7.911978721618652 9.601261138916016
    vertex -14.78355598449707 7.911978721618652 8.719341278076172
    vertex -14.917845726013184 7.911978721618652 9.760701179504395
  endloop
endfacet
facet normal 0.0 0.0 0.0
  outer loop
    vertex -14.53515625 7.911978721618652 8.836820602416992
    vertex -14.917845726013184 7.911978721618652 9.760701179504395
    vertex -14.78355598449707 7.911978721618652 8.719341278076172
  endloop
endfacet
facet normal 0.0 0.0 0.0
  outer loop
    vertex -14.917845726013184 7.911978721618652 9.760701179504395
    vertex -14.53515625 7.911978721618652 8.836820602416992
    vertex -14.566725730895996 7.911978721618652 9.886330604553223
  endloop
endfacet
facet normal 0.0 0.0 0.0
  outer loop
    vertex -14.276443481445312 7.911978721618652 8.929390907287598
    vertex -14.566725730895996 7.911978721618652 9.886330604553223
    vertex -14.53515625 7.911978721618652 8.836820602416992
  endloop
endfacet
facet normal 0.0 0.0 0.0
  outer loop
    vertex -14.276443481445312 7.911978721618652 8.929390907287598
    vertex -14.204989433288574 7.911978721618652 9.976941108703613
    vertex -14.566725730895996 7.911978721618652 9.886330604553223
  endloop
endfacet
facet normal 0.0 0.0 0.0
  outer loop
    vertex -14.00989818572998 7.911978721618652 8.996160507202148
    vertex -14.204989433288574 7.911978721618652 9.976941108703613
    vertex -14.276443481445312 7.911978721618652 8.929390907287598
  endloop
endfacet
facet normal 0.0 0.0 0.0
  outer loop
    vertex -14.00989818572998 7.911978721618652 8.996160507202148
    vertex -13.83611011505127 7.911978721618652 10.031661033630371
    vertex -14.204989433288574 7.911978721618652 9.976941108703613
  endloop
endfacet
facet normal 0.0 0.0 0.0
  outer loop
    vertex -13.738093376159668 7.911978721618652 9.036480903625488
    vertex -13.83611011505127 7.911978721618652 10.031661033630371
    vertex -14.00989818572998 7.911978721618652 8.996160507202148
  endloop
endfacet
facet normal 0.0 0.0 0.0
  outer loop
    vertex -13.463645935058594 7.911978721618652 9.04996109008789
    vertex -13.83611011505127 7.911978721618652 10.031661033630371
    vertex -13.738093376159668 7.911978721618652 9.036480903625488
  endloop
endfacet
facet normal 0.0 0.0 0.0
  outer loop
    vertex -13.463645935058594 7.911978721618652 9.04996109008789
    vertex -13.463645935058594 7.911978721618652 10.04996109008789
    vertex -13.83611011505127 7.911978721618652 10.031661033630371
  endloop
endfacet
facet normal 0.0 0.0 0.0
  outer loop
    vertex -13.189199447631836 7.911978721618652 9.036480903625488
    vertex -13.463645935058594 7.911978721618652 10.04996109008789
    vertex -13.463645935058594 7.911978721618652 9.04996109008789
  endloop
endfacet
facet normal 0.0 0.0 0.0
  outer loop
    vertex -13.189199447631836 7.911978721618652 9.036480903625488
    vertex -13.091181755065918 7.911978721618652 10.031661033630371
    vertex -13.463645935058594 7.911978721618652 10.04996109008789
  endloop
endfacet
facet normal 0.0 0.0 0.0
  outer loop
    vertex -12.917393684387207 7.911978721618652 8.996160507202148
    vertex -13.091181755065918 7.911978721618652 10.031661033630371
    vertex -13.189199447631836 7.911978721618652 9.036480903625488
  endloop
endfacet
facet normal 0.0 0.0 0.0
  outer loop
    vertex -12.917393684387207 7.911978721618652 8.996160507202148
    vertex -12.72230339050293 7.911978721618652 9.976941108703613
    vertex -13.091181755065918 7.911978721618652 10.031661033630371
  endloop
endfacet
facet normal 0.0 0.0 0.0
  outer loop
    vertex -12.650849342346191 7.911978721618652 8.929390907287598
    vertex -12.72230339050293 7.911978721618652 9.976941108703613
    vertex -12.917393684387207 7.911978721618652 8.996160507202148
  endloop
endfacet
facet normal 0.0 0.0 0.0
  outer loop
    vertex -12.360566139221191 7.911978721618652 9.886330604553223
    vertex -12.650849342346191 7.911978721618652 8.929390907287598
    vertex -12.392136573791504 7.911978721618652 8.836820602416992
  endloop
endfacet
facet normal 0.0 0.0 0.0
  outer loop
    vertex -12.650849342346191 7.911978721618652 8.929390907287598
    vertex -12.360566139221191 7.911978721618652 9.886330604553223
    vertex -12.72230339050293 7.911978721618652 9.976941108703613
  endloop
endfacet
facet normal 0.0 0.0 0.0
  outer loop
    vertex -12.00944709777832 7.911978721618652 9.760701179504395
    vertex -12.392136573791504 7.911978721618652 8.836820602416992
    vertex -12.143736839294434 7.911978721618652 8.719341278076172
  endloop
endfacet
facet normal 0.0 0.0 0.0
  outer loop
    vertex -12.392136573791504 7.911978721618652 8.836820602416992
    vertex -12.00944709777832 7.911978721618652 9.760701179504395
    vertex -12.360566139221191 7.911978721618652 9.886330604553223
  endloop
endfacet
facet normal 0.0 0.0 0.0
  outer loop
    vertex -11.672337532043457 7.911978721618652 9.601261138916016
    vertex -12.143736839294434 7.911978721618652 8.719341278076172
    vertex -11.90804672241211 7.911978721618652 8.578070640563965
  endloop
endfacet
facet normal 0.0 0.0 0.0
  outer loop
    vertex -11.352477073669434 7.911978721618652 9.409541130065918
    vertex -11.90804672241211 7.911978721618652 8.578070640563965
    vertex -11.687347412109375 7.911978721618652 8.414390563964844
  endloop
endfacet
facet normal 0.0 0.0 0.0
  outer loop
    vertex -12.143736839294434 7.911978721618652 8.719341278076172
    vertex -11.672337532043457 7.911978721618652 9.601261138916016
    vertex -12.00944709777832 7.911978721618652 9.760701179504395
  endloop
endfacet
facet normal 0.0 0.0 0.0
  outer loop
    vertex -11.052957534790039 7.911978721618652 9.187400817871094
    vertex -11.687347412109375 7.911978721618652 8.414390563964844
    vertex -11.483747482299805 7.911978721618652 8.22986125946045
  endloop
endfacet
facet normal 0.0 0.0 0.0
  outer loop
    vertex -11.90804672241211 7.911978721618652 8.578070640563965
    vertex -11.352477073669434 7.911978721618652 9.409541130065918
    vertex -11.672337532043457 7.911978721618652 9.601261138916016
  endloop
endfacet
facet normal 0.0 0.0 0.0
  outer loop
    vertex -10.776637077331543 7.911978721618652 8.936970710754395
    vertex -11.483747482299805 7.911978721618652 8.22986125946045
    vertex -11.299217224121094 7.911978721618652 8.026261329650879
  endloop
endfacet
facet normal 0.0 0.0 0.0
  outer loop
    vertex -10.526206970214844 7.911978721618652 8.660651206970215
    vertex -11.299217224121094 7.911978721618652 8.026261329650879
    vertex -11.135537147521973 7.911978721618652 7.805561065673828
  endloop
endfacet
facet normal 0.0 0.0 0.0
  outer loop
    vertex -11.687347412109375 7.911978721618652 8.414390563964844
    vertex -11.052957534790039 7.911978721618652 9.187400817871094
    vertex -11.352477073669434 7.911978721618652 9.409541130065918
  endloop
endfacet
facet normal 0.0 0.0 0.0
  outer loop
    vertex -10.30406665802002 7.911978721618652 8.361130714416504
    vertex -11.135537147521973 7.911978721618652 7.805561065673828
    vertex -10.994267463684082 7.911978721618652 7.569870948791504
  endloop
endfacet
facet normal 0.0 0.0 0.0
  outer loop
    vertex -10.112346649169922 7.911978721618652 8.041271209716797
    vertex -10.994267463684082 7.911978721618652 7.569870948791504
    vertex -10.876787185668945 7.911978721618652 7.321471214294434
  endloop
endfacet
facet normal 0.0 0.0 0.0
  outer loop
    vertex -9.952906608581543 7.911978721618652 7.704160690307617
    vertex -10.876787185668945 7.911978721618652 7.321471214294434
    vertex -10.78421688079834 7.911978721618652 7.062757968902588
  endloop
endfacet
facet normal 0.0 0.0 0.0
  outer loop
    vertex -11.483747482299805 7.911978721618652 8.22986125946045
    vertex -10.776637077331543 7.911978721618652 8.936970710754395
    vertex -11.052957534790039 7.911978721618652 9.187400817871094
  endloop
endfacet
facet normal 0.0 0.0 0.0
  outer loop
    vertex -9.827277183532715 7.911978721618652 7.35304069519043
    vertex -10.78421688079834 7.911978721618652 7.062757968902588
    vertex -10.717447280883789 7.911978721618652 6.796213150024414
  endloop
endfacet
facet normal 0.0 0.0 0.0
  outer loop
    vertex -9.736666679382324 7.911978721618652 6.991304397583008
    vertex -10.717447280883789 7.911978721618652 6.796213150024414
    vertex -10.67712688446045 7.911978721618652 6.524408340454102
  endloop
endfacet
facet normal 0.0 0.0 0.0
  outer loop
    vertex -9.681946754455566 7.911978721618652 6.622425079345703
    vertex -10.67712688446045 7.911978721618652 6.524408340454102
    vertex -10.663646697998047 7.911978721618652 6.249960899353027
  endloop
endfacet
facet normal 0.0 0.0 0.0
  outer loop
    vertex -9.827277183532715 7.911978721618652 5.146882057189941
    vertex -10.78421688079834 7.911978721618652 5.437164306640625
    vertex -9.952906608581543 7.911978721618652 4.795762062072754
  endloop
endfacet
facet normal 0.0 0.0 0.0
  outer loop
    vertex -11.299217224121094 7.911978721618652 8.026261329650879
    vertex -10.526206970214844 7.911978721618652 8.660651206970215
    vertex -10.776637077331543 7.911978721618652 8.936970710754395
  endloop
endfacet
facet normal 0.0 0.0 0.0
  outer loop
    vertex -10.78421688079834 7.911978721618652 5.437164306640625
    vertex -9.827277183532715 7.911978721618652 5.146882057189941
    vertex -10.717447280883789 7.911978721618652 5.703709602355957
  endloop
endfacet
facet normal 0.0 0.0 0.0
  outer loop
    vertex -11.135537147521973 7.911978721618652 7.805561065673828
    vertex -10.30406665802002 7.911978721618652 8.361130714416504
    vertex -10.526206970214844 7.911978721618652 8.660651206970215
  endloop
endfacet
facet normal 0.0 0.0 0.0
  outer loop
    vertex -9.736666679382324 7.911978721618652 5.508618354797363
    vertex -10.717447280883789 7.911978721618652 5.703709602355957
    vertex -9.827277183532715 7.911978721618652 5.146882057189941
  endloop
endfacet
facet normal 0.0 0.0 0.0
  outer loop
    vertex -10.994267463684082 7.911978721618652 7.569870948791504
    vertex -10.112346649169922 7.911978721618652 8.041271209716797
    vertex -10.30406665802002 7.911978721618652 8.361130714416504
  endloop
endfacet
facet normal 0.0 0.0 0.0
  outer loop
    vertex -10.717447280883789 7.911978721618652 5.703709602355957
    vertex -9.736666679382324 7.911978721618652 5.508618354797363
    vertex -10.67712688446045 7.911978721618652 5.9755144119262695
  endloop
endfacet
facet normal 0.0 0.0 0.0
  outer loop
    vertex -10.876787185668945 7.911978721618652 7.321471214294434
    vertex -9.952906608581543 7.911978721618652 7.704160690307617
    vertex -10.112346649169922 7.911978721618652 8.041271209716797
  endloop
endfacet
facet normal 0.0 0.0 0.0
  outer loop
    vertex -9.681946754455566 7.911978721618652 5.87749719619751
    vertex -10.67712688446045 7.911978721618652 5.9755144119262695
    vertex -9.736666679382324 7.911978721618652 5.508618354797363
  endloop
endfacet
facet normal 0.0 0.0 0.0
  outer loop
    vertex -10.78421688079834 7.911978721618652 7.062757968902588
    vertex -9.827277183532715 7.911978721618652 7.35304069519043
    vertex -9.952906608581543 7.911978721618652 7.704160690307617
  endloop
endfacet
facet normal 0.0 0.0 0.0
  outer loop
    vertex -10.67712688446045 7.911978721618652 5.9755144119262695
    vertex -9.681946754455566 7.911978721618652 5.87749719619751
    vertex -10.663646697998047 7.911978721618652 6.249960899353027
  endloop
endfacet
facet normal 0.0 0.0 0.0
  outer loop
    vertex -10.717447280883789 7.911978721618652 6.796213150024414
    vertex -9.736666679382324 7.911978721618652 6.991304397583008
    vertex -9.827277183532715 7.911978721618652 7.35304069519043
  endloop
endfacet
facet normal 0.0 0.0 0.0
  outer loop
    vertex -9.663646697998047 7.911978721618652 6.249960899353027
    vertex -10.663646697998047 7.911978721618652 6.249960899353027
    vertex -9.681946754455566 7.911978721618652 5.87749719619751
  endloop
endfacet
facet normal 0.0 0.0 0.0
  outer loop
    vertex -10.67712688446045 7.911978721618652 6.524408340454102
    vertex -9.681946754455566 7.911978721618652 6.622425079345703
    vertex -9.736666679382324 7.911978721618652 6.991304397583008
  endloop
endfacet
facet normal 0.0 0.0 0.0
  outer loop
    vertex -10.663646697998047 7.911978721618652 6.249960899353027
    vertex -9.663646697998047 7.911978721618652 6.249960899353027
    vertex -9.681946754455566 7.911978721618652 6.622425079345703
  endloop
endfacet
facet normal 0.0 0.0 0.0
  outer loop
    vertex -10.526206970214844 7.911978721618652 3.8392715454101562
    vertex -10.30406665802002 9.911977767944336 4.138792037963867
    vertex -10.30406665802002 7.911978721618652 4.138792037963867
  endloop
endfacet
facet normal 0.0 0.0 0.0
  outer loop
    vertex -10.30406665802002 9.911977767944336 4.138792037963867
    vertex -10.526206970214844 7.911978721618652 3.8392715454101562
    vertex -10.526206970214844 9.911977767944336 3.8392715454101562
  endloop
endfacet
facet normal 0.0 0.0 0.0
  outer loop
    vertex -10.30406665802002 7.911978721618652 4.138792037963867
    vertex -10.112346649169922 9.911977767944336 4.458652019500732
    vertex -10.112346649169922 7.911978721618652 4.458652019500732
  endloop
endfacet
facet normal 0.0 0.0 0.0
  outer loop
    vertex -10.112346649169922 9.911977767944336 4.458652019500732
    vertex -10.30406665802002 7.911978721618652 4.138792037963867
    vertex -10.30406665802002 9.911977767944336 4.138792037963867
  endloop
endfacet
facet normal 0.0 0.0 0.0
  outer loop
    vertex -10.112346649169922 7.911978721618652 4.458652019500732
    vertex -9.952906608581543 9.911977767944336 4.795762062072754
    vertex -9.952906608581543 7.911978721618652 4.795762062072754
  endloop
endfacet
facet normal 0.0 0.0 0.0
  outer loop
    vertex -9.952906608581543 9.911977767944336 4.795762062072754
    vertex -10.112346649169922 7.911978721618652 4.458652019500732
    vertex -10.112346649169922 9.911977767944336 4.458652019500732
  endloop
endfacet
facet normal 0.0 0.0 0.0
  outer loop
    vertex -16.26364517211914 9.911977767944336 6.249961853027344
    vertex -17.263643264770508 9.911977767944336 6.249961853027344
    vertex -17.245344161987305 9.911977767944336 6.6224260330200195
  endloop
endfacet
facet normal 0.0 0.0 0.0
  outer loop
    vertex -16.250164031982422 9.911977767944336 6.524408340454102
    vertex -17.245344161987305 9.911977767944336 6.6224260330200195
    vertex -17.190622329711914 9.911977767944336 6.991304397583008
  endloop
endfacet
facet normal 0.0 0.0 0.0
  outer loop
    vertex -17.263643264770508 9.911977767944336 6.249961853027344
    vertex -16.26364517211914 9.911977767944336 6.249961853027344
    vertex -17.245344161987305 9.911977767944336 5.877497673034668
  endloop
endfacet
facet normal 0.0 0.0 0.0
  outer loop
    vertex -16.2098445892334 9.911977767944336 6.796213150024414
    vertex -17.190622329711914 9.911977767944336 6.991304397583008
    vertex -17.100013732910156 9.911977767944336 7.353041172027588
  endloop
endfacet
facet normal 0.0 0.0 0.0
  outer loop
    vertex -16.250164031982422 9.911977767944336 5.975514888763428
    vertex -17.245344161987305 9.911977767944336 5.877497673034668
    vertex -16.26364517211914 9.911977767944336 6.249961853027344
  endloop
endfacet
facet normal 0.0 0.0 0.0
  outer loop
    vertex -16.14307403564453 9.911977767944336 7.062758445739746
    vertex -17.100013732910156 9.911977767944336 7.353041172027588
    vertex -16.974382400512695 9.911977767944336 7.704161167144775
  endloop
endfacet
facet normal 0.0 0.0 0.0
  outer loop
    vertex -17.245344161987305 9.911977767944336 5.877497673034668
    vertex -16.250164031982422 9.911977767944336 5.975514888763428
    vertex -17.190622329711914 9.911977767944336 5.5086188316345215
  endloop
endfacet
facet normal 0.0 0.0 0.0
  outer loop
    vertex -16.050504684448242 9.911977767944336 7.321471214294434
    vertex -16.974382400512695 9.911977767944336 7.704161167144775
    vertex -16.814943313598633 9.911977767944336 8.041271209716797
  endloop
endfacet
facet normal 0.0 0.0 0.0
  outer loop
    vertex -16.2098445892334 9.911977767944336 5.703710079193115
    vertex -17.190622329711914 9.911977767944336 5.5086188316345215
    vertex -16.250164031982422 9.911977767944336 5.975514888763428
  endloop
endfacet
facet normal 0.0 0.0 0.0
  outer loop
    vertex -15.933025360107422 9.911977767944336 7.569871425628662
    vertex -16.814943313598633 9.911977767944336 8.041271209716797
    vertex -16.62322235107422 9.911977767944336 8.361130714416504
  endloop
endfacet
facet normal 0.0 0.0 0.0
  outer loop
    vertex -17.190622329711914 9.911977767944336 5.5086188316345215
    vertex -16.2098445892334 9.911977767944336 5.703710079193115
    vertex -17.100013732910156 9.911977767944336 5.146882057189941
  endloop
endfacet
facet normal 0.0 0.0 0.0
  outer loop
    vertex -15.791754722595215 9.911977767944336 7.805561542510986
    vertex -16.62322235107422 9.911977767944336 8.361130714416504
    vertex -16.40108299255371 9.911977767944336 8.660651206970215
  endloop
endfacet
facet normal 0.0 0.0 0.0
  outer loop
    vertex -16.14307403564453 9.911977767944336 5.437164783477783
    vertex -17.100013732910156 9.911977767944336 5.146882057189941
    vertex -16.2098445892334 9.911977767944336 5.703710079193115
  endloop
endfacet
facet normal 0.0 0.0 0.0
  outer loop
    vertex -17.100013732910156 9.911977767944336 5.146882057189941
    vertex -16.14307403564453 9.911977767944336 5.437164783477783
    vertex -16.974382400512695 9.911977767944336 4.795762062072754
  endloop
endfacet
facet normal 0.0 0.0 0.0
  outer loop
    vertex -17.245344161987305 9.911977767944336 6.6224260330200195
    vertex -16.250164031982422 9.911977767944336 6.524408340454102
    vertex -16.26364517211914 9.911977767944336 6.249961853027344
  endloop
endfacet
facet normal 0.0 0.0 0.0
  outer loop
    vertex -17.190622329711914 9.911977767944336 6.991304397583008
    vertex -16.2098445892334 9.911977767944336 6.796213150024414
    vertex -16.250164031982422 9.911977767944336 6.524408340454102
  endloop
endfacet
facet normal 0.0 0.0 0.0
  outer loop
    vertex -15.62807559967041 9.911977767944336 8.026261329650879
    vertex -16.40108299255371 9.911977767944336 8.660651206970215
    vertex -16.150653839111328 9.911977767944336 8.936970710754395
  endloop
endfacet
facet normal 0.0 0.0 0.0
  outer loop
    vertex -17.100013732910156 9.911977767944336 7.353041172027588
    vertex -16.14307403564453 9.911977767944336 7.062758445739746
    vertex -16.2098445892334 9.911977767944336 6.796213150024414
  endloop
endfacet
facet normal 0.0 0.0 0.0
  outer loop
    vertex -16.974382400512695 9.911977767944336 7.704161167144775
    vertex -16.050504684448242 9.911977767944336 7.321471214294434
    vertex -16.14307403564453 9.911977767944336 7.062758445739746
  endloop
endfacet
facet normal 0.0 0.0 0.0
  outer loop
    vertex -16.814943313598633 9.911977767944336 8.041271209716797
    vertex -15.933025360107422 9.911977767944336 7.569871425628662
    vertex -16.050504684448242 9.911977767944336 7.321471214294434
  endloop
endfacet
facet normal 0.0 0.0 0.0
  outer loop
    vertex -15.4435453414917 9.911977767944336 8.22986125946045
    vertex -16.150653839111328 9.911977767944336 8.936970710754395
    vertex -15.874334335327148 9.911977767944336 9.187400817871094
  endloop
endfacet
facet normal 0.0 0.0 0.0
  outer loop
    vertex -16.62322235107422 9.911977767944336 8.361130714416504
    vertex -15.791754722595215 9.911977767944336 7.805561542510986
    vertex -15.933025360107422 9.911977767944336 7.569871425628662
  endloop
endfacet
facet normal 0.0 0.0 0.0
  outer loop
    vertex -16.40108299255371 9.911977767944336 8.660651206970215
    vertex -15.62807559967041 9.911977767944336 8.026261329650879
    vertex -15.791754722595215 9.911977767944336 7.805561542510986
  endloop
endfacet
facet normal 0.0 0.0 0.0
  outer loop
    vertex -15.239945411682129 9.911977767944336 8.414390563964844
    vertex -15.874334335327148 9.911977767944336 9.187400817871094
    vertex -15.574813842773438 9.911977767944336 9.409541130065918
  endloop
endfacet
facet normal 0.0 0.0 0.0
  outer loop
    vertex -16.150653839111328 9.911977767944336 8.936970710754395
    vertex -15.4435453414917 9.911977767944336 8.22986125946045
    vertex -15.62807559967041 9.911977767944336 8.026261329650879
  endloop
endfacet
facet normal 0.0 0.0 0.0
  outer loop
    vertex -15.019245147705078 9.911977767944336 8.578070640563965
    vertex -15.574813842773438 9.911977767944336 9.409541130065918
    vertex -15.25495433807373 9.911977767944336 9.601261138916016
  endloop
endfacet
facet normal 0.0 0.0 0.0
  outer loop
    vertex -15.874334335327148 9.911977767944336 9.187400817871094
    vertex -15.239945411682129 9.911977767944336 8.414390563964844
    vertex -15.4435453414917 9.911977767944336 8.22986125946045
  endloop
endfacet
facet normal 0.0 0.0 0.0
  outer loop
    vertex -15.574813842773438 9.911977767944336 9.409541130065918
    vertex -15.019245147705078 9.911977767944336 8.578070640563965
    vertex -15.239945411682129 9.911977767944336 8.414390563964844
  endloop
endfacet
facet normal 0.0 0.0 0.0
  outer loop
    vertex -14.783555030822754 9.911977767944336 8.719341278076172
    vertex -15.25495433807373 9.911977767944336 9.601261138916016
    vertex -14.917844772338867 9.911977767944336 9.760701179504395
  endloop
endfacet
facet normal 0.0 0.0 0.0
  outer loop
    vertex -15.25495433807373 9.911977767944336 9.601261138916016
    vertex -14.783555030822754 9.911977767944336 8.719341278076172
    vertex -15.019245147705078 9.911977767944336 8.578070640563965
  endloop
endfacet
facet normal 0.0 0.0 0.0
  outer loop
    vertex -14.535155296325684 9.911977767944336 8.836820602416992
    vertex -14.917844772338867 9.911977767944336 9.760701179504395
    vertex -14.56672477722168 9.911977767944336 9.886330604553223
  endloop
endfacet
facet normal 0.0 0.0 0.0
  outer loop
    vertex -14.917844772338867 9.911977767944336 9.760701179504395
    vertex -14.535155296325684 9.911977767944336 8.836820602416992
    vertex -14.783555030822754 9.911977767944336 8.719341278076172
  endloop
endfacet
facet normal 0.0 0.0 0.0
  outer loop
    vertex -14.56672477722168 9.911977767944336 9.886330604553223
    vertex -14.276442527770996 9.911977767944336 8.929390907287598
    vertex -14.535155296325684 9.911977767944336 8.836820602416992
  endloop
endfacet
facet normal 0.0 0.0 0.0
  outer loop
    vertex -14.204988479614258 9.911977767944336 9.976941108703613
    vertex -14.276442527770996 9.911977767944336 8.929390907287598
    vertex -14.56672477722168 9.911977767944336 9.886330604553223
  endloop
endfacet
facet normal 0.0 0.0 0.0
  outer loop
    vertex -14.204988479614258 9.911977767944336 9.976941108703613
    vertex -14.009897232055664 9.911977767944336 8.996160507202148
    vertex -14.276442527770996 9.911977767944336 8.929390907287598
  endloop
endfacet
facet normal 0.0 0.0 0.0
  outer loop
    vertex -13.836109161376953 9.911977767944336 10.031661033630371
    vertex -14.009897232055664 9.911977767944336 8.996160507202148
    vertex -14.204988479614258 9.911977767944336 9.976941108703613
  endloop
endfacet
facet normal 0.0 0.0 0.0
  outer loop
    vertex -13.836109161376953 9.911977767944336 10.031661033630371
    vertex -13.738092422485352 9.911977767944336 9.036480903625488
    vertex -14.009897232055664 9.911977767944336 8.996160507202148
  endloop
endfacet
facet normal 0.0 0.0 0.0
  outer loop
    vertex -13.463644981384277 9.911977767944336 10.04996109008789
    vertex -13.738092422485352 9.911977767944336 9.036480903625488
    vertex -13.836109161376953 9.911977767944336 10.031661033630371
  endloop
endfacet
facet normal 0.0 0.0 0.0
  outer loop
    vertex -13.463644981384277 9.911977767944336 10.04996109008789
    vertex -13.463644981384277 9.911977767944336 9.04996109008789
    vertex -13.738092422485352 9.911977767944336 9.036480903625488
  endloop
endfacet
facet normal 0.0 0.0 0.0
  outer loop
    vertex -13.463644981384277 9.911977767944336 10.04996109008789
    vertex -13.18919849395752 9.911977767944336 9.036480903625488
    vertex -13.463644981384277 9.911977767944336 9.04996109008789
  endloop
endfacet
facet normal 0.0 0.0 0.0
  outer loop
    vertex -13.091180801391602 9.911977767944336 10.031661033630371
    vertex -13.18919849395752 9.911977767944336 9.036480903625488
    vertex -13.463644981384277 9.911977767944336 10.04996109008789
  endloop
endfacet
facet normal 0.0 0.0 0.0
  outer loop
    vertex -13.091180801391602 9.911977767944336 10.031661033630371
    vertex -12.91739273071289 9.911977767944336 8.996160507202148
    vertex -13.18919849395752 9.911977767944336 9.036480903625488
  endloop
endfacet
facet normal 0.0 0.0 0.0
  outer loop
    vertex -12.722302436828613 9.911977767944336 9.976941108703613
    vertex -12.91739273071289 9.911977767944336 8.996160507202148
    vertex -13.091180801391602 9.911977767944336 10.031661033630371
  endloop
endfacet
facet normal 0.0 0.0 0.0
  outer loop
    vertex -12.722302436828613 9.911977767944336 9.976941108703613
    vertex -12.650848388671875 9.911977767944336 8.929390907287598
    vertex -12.91739273071289 9.911977767944336 8.996160507202148
  endloop
endfacet
facet normal 0.0 0.0 0.0
  outer loop
    vertex -12.360565185546875 9.911977767944336 9.886330604553223
    vertex -12.650848388671875 9.911977767944336 8.929390907287598
    vertex -12.722302436828613 9.911977767944336 9.976941108703613
  endloop
endfacet
facet normal 0.0 0.0 0.0
  outer loop
    vertex -12.650848388671875 9.911977767944336 8.929390907287598
    vertex -12.360565185546875 9.911977767944336 9.886330604553223
    vertex -12.392135620117188 9.911977767944336 8.836820602416992
  endloop
endfacet
facet normal 0.0 0.0 0.0
  outer loop
    vertex -12.009446144104004 9.911977767944336 9.760701179504395
    vertex -12.392135620117188 9.911977767944336 8.836820602416992
    vertex -12.360565185546875 9.911977767944336 9.886330604553223
  endloop
endfacet
facet normal 0.0 0.0 0.0
  outer loop
    vertex -12.392135620117188 9.911977767944336 8.836820602416992
    vertex -12.009446144104004 9.911977767944336 9.760701179504395
    vertex -12.143735885620117 9.911977767944336 8.719341278076172
  endloop
endfacet
facet normal 0.0 0.0 0.0
  outer loop
    vertex -11.67233657836914 9.911977767944336 9.601261138916016
    vertex -12.143735885620117 9.911977767944336 8.719341278076172
    vertex -12.009446144104004 9.911977767944336 9.760701179504395
  endloop
endfacet
facet normal 0.0 0.0 0.0
  outer loop
    vertex -12.143735885620117 9.911977767944336 8.719341278076172
    vertex -11.67233657836914 9.911977767944336 9.601261138916016
    vertex -11.90804672241211 9.911977767944336 8.578070640563965
  endloop
endfacet
facet normal 0.0 0.0 0.0
  outer loop
    vertex -11.352476119995117 9.911977767944336 9.409541130065918
    vertex -11.90804672241211 9.911977767944336 8.578070640563965
    vertex -11.67233657836914 9.911977767944336 9.601261138916016
  endloop
endfacet
facet normal 0.0 0.0 0.0
  outer loop
    vertex -11.90804672241211 9.911977767944336 8.578070640563965
    vertex -11.352476119995117 9.911977767944336 9.409541130065918
    vertex -11.687347412109375 9.911977767944336 8.414390563964844
  endloop
endfacet
facet normal 0.0 0.0 0.0
  outer loop
    vertex -11.052956581115723 9.911977767944336 9.187400817871094
    vertex -11.687347412109375 9.911977767944336 8.414390563964844
    vertex -11.352476119995117 9.911977767944336 9.409541130065918
  endloop
endfacet
facet normal 0.0 0.0 0.0
  outer loop
    vertex -11.687347412109375 9.911977767944336 8.414390563964844
    vertex -11.052956581115723 9.911977767944336 9.187400817871094
    vertex -11.483747482299805 9.911977767944336 8.22986125946045
  endloop
endfacet
facet normal 0.0 0.0 0.0
  outer loop
    vertex -10.776636123657227 9.911977767944336 8.936970710754395
    vertex -11.483747482299805 9.911977767944336 8.22986125946045
    vertex -11.052956581115723 9.911977767944336 9.187400817871094
  endloop
endfacet
facet normal 0.0 0.0 0.0
  outer loop
    vertex -11.483747482299805 9.911977767944336 8.22986125946045
    vertex -10.776636123657227 9.911977767944336 8.936970710754395
    vertex -11.299217224121094 9.911977767944336 8.026261329650879
  endloop
endfacet
facet normal 0.0 0.0 0.0
  outer loop
    vertex -10.526206016540527 9.911977767944336 8.660651206970215
    vertex -11.299217224121094 9.911977767944336 8.026261329650879
    vertex -10.776636123657227 9.911977767944336 8.936970710754395
  endloop
endfacet
facet normal 0.0 0.0 0.0
  outer loop
    vertex -11.299217224121094 9.911977767944336 8.026261329650879
    vertex -10.526206016540527 9.911977767944336 8.660651206970215
    vertex -11.135537147521973 9.911977767944336 7.805561065673828
  endloop
endfacet
facet normal 0.0 0.0 0.0
  outer loop
    vertex -10.30406665802002 9.911977767944336 8.361130714416504
    vertex -11.135537147521973 9.911977767944336 7.805561065673828
    vertex -10.526206016540527 9.911977767944336 8.660651206970215
  endloop
endfacet
facet normal 0.0 0.0 0.0
  outer loop
    vertex -11.135537147521973 9.911977767944336 7.805561065673828
    vertex -10.30406665802002 9.911977767944336 8.361130714416504
    vertex -10.994267463684082 9.911977767944336 7.569870948791504
  endloop
endfacet
facet normal 0.0 0.0 0.0
  outer loop
    vertex -10.112346649169922 9.911977767944336 8.041271209716797
    vertex -10.994267463684082 9.911977767944336 7.569870948791504
    vertex -10.30406665802002 9.911977767944336 8.361130714416504
  endloop
endfacet
facet normal 0.0 0.0 0.0
  outer loop
    vertex -10.994267463684082 9.911977767944336 7.569870948791504
    vertex -10.112346649169922 9.911977767944336 8.041271209716797
    vertex -10.876787185668945 9.911977767944336 7.321471214294434
  endloop
endfacet
facet normal 0.0 0.0 0.0
  outer loop
    vertex -9.952906608581543 9.911977767944336 7.704160690307617
    vertex -10.876787185668945 9.911977767944336 7.321471214294434
    vertex -10.112346649169922 9.911977767944336 8.041271209716797
  endloop
endfacet
facet normal 0.0 0.0 0.0
  outer loop
    vertex -10.876787185668945 9.911977767944336 7.321471214294434
    vertex -9.952906608581543 9.911977767944336 7.704160690307617
    vertex -10.78421688079834 9.911977767944336 7.062757968902588
  endloop
endfacet
facet normal 0.0 0.0 0.0
  outer loop
    vertex -16.050504684448242 9.911977767944336 5.178452491760254
    vertex -16.974382400512695 9.911977767944336 4.795762062072754
    vertex -16.14307403564453 9.911977767944336 5.437164783477783
  endloop
endfacet
facet normal 0.0 0.0 0.0
  outer loop
    vertex -16.974382400512695 9.911977767944336 4.795762062072754
    vertex -16.050504684448242 9.911977767944336 5.178452491760254
    vertex -16.814943313598633 9.911977767944336 4.458652496337891
  endloop
endfacet
facet normal 0.0 0.0 0.0
  outer loop
    vertex -15.933025360107422 9.911977767944336 4.930051803588867
    vertex -16.814943313598633 9.911977767944336 4.458652496337891
    vertex -16.050504684448242 9.911977767944336 5.178452491760254
  endloop
endfacet
facet normal 0.0 0.0 0.0
  outer loop
    vertex -16.814943313598633 9.911977767944336 4.458652496337891
    vertex -15.933025360107422 9.911977767944336 4.930051803588867
    vertex -16.62322235107422 9.911977767944336 4.138792514801025
  endloop
endfacet
facet normal 0.0 0.0 0.0
  outer loop
    vertex -15.791754722595215 9.911977767944336 4.694361686706543
    vertex -16.62322235107422 9.911977767944336 4.138792514801025
    vertex -15.933025360107422 9.911977767944336 4.930051803588867
  endloop
endfacet
facet normal 0.0 0.0 0.0
  outer loop
    vertex -16.62322235107422 9.911977767944336 4.138792514801025
    vertex -15.791754722595215 9.911977767944336 4.694361686706543
    vertex -16.40108299255371 9.911977767944336 3.8392715454101562
  endloop
endfacet
facet normal 0.0 0.0 0.0
  outer loop
    vertex -15.62807559967041 9.911977767944336 4.47366189956665
    vertex -16.40108299255371 9.911977767944336 3.8392715454101562
    vertex -15.791754722595215 9.911977767944336 4.694361686706543
  endloop
endfacet
facet normal 0.0 0.0 0.0
  outer loop
    vertex -16.40108299255371 9.911977767944336 3.8392715454101562
    vertex -15.62807559967041 9.911977767944336 4.47366189956665
    vertex -16.150653839111328 9.911977767944336 3.5629525184631348
  endloop
endfacet
facet normal 0.0 0.0 0.0
  outer loop
    vertex -15.4435453414917 9.911977767944336 4.27006196975708
    vertex -16.150653839111328 9.911977767944336 3.5629525184631348
    vertex -15.62807559967041 9.911977767944336 4.47366189956665
  endloop
endfacet
facet normal 0.0 0.0 0.0
  outer loop
    vertex -16.150653839111328 9.911977767944336 3.5629525184631348
    vertex -15.4435453414917 9.911977767944336 4.27006196975708
    vertex -15.874335289001465 9.911977767944336 3.3125224113464355
  endloop
endfacet
facet normal 0.0 0.0 0.0
  outer loop
    vertex -15.239945411682129 9.911977767944336 4.085531711578369
    vertex -15.874335289001465 9.911977767944336 3.3125224113464355
    vertex -15.4435453414917 9.911977767944336 4.27006196975708
  endloop
endfacet
facet normal 0.0 0.0 0.0
  outer loop
    vertex -15.874335289001465 9.911977767944336 3.3125224113464355
    vertex -15.239945411682129 9.911977767944336 4.085531711578369
    vertex -15.574814796447754 9.911977767944336 3.0903820991516113
  endloop
endfacet
facet normal 0.0 0.0 0.0
  outer loop
    vertex -15.019245147705078 9.911977767944336 3.9218521118164062
    vertex -15.574814796447754 9.911977767944336 3.0903820991516113
    vertex -15.239945411682129 9.911977767944336 4.085531711578369
  endloop
endfacet
facet normal 0.0 0.0 0.0
  outer loop
    vertex -15.574814796447754 9.911977767944336 3.0903820991516113
    vertex -15.019245147705078 9.911977767944336 3.9218521118164062
    vertex -15.254955291748047 9.911977767944336 2.8986620903015137
  endloop
endfacet
facet normal 0.0 0.0 0.0
  outer loop
    vertex -14.78355598449707 9.911977767944336 3.7805819511413574
    vertex -15.254955291748047 9.911977767944336 2.8986620903015137
    vertex -15.019245147705078 9.911977767944336 3.9218521118164062
  endloop
endfacet
facet normal 0.0 0.0 0.0
  outer loop
    vertex -15.254955291748047 9.911977767944336 2.8986620903015137
    vertex -14.78355598449707 9.911977767944336 3.7805819511413574
    vertex -14.917845726013184 9.911977767944336 2.7392220497131348
  endloop
endfacet
facet normal 0.0 0.0 0.0
  outer loop
    vertex -14.53515625 9.911977767944336 3.663102626800537
    vertex -14.917845726013184 9.911977767944336 2.7392220497131348
    vertex -14.78355598449707 9.911977767944336 3.7805819511413574
  endloop
endfacet
facet normal 0.0 0.0 0.0
  outer loop
    vertex -14.917845726013184 9.911977767944336 2.7392220497131348
    vertex -14.53515625 9.911977767944336 3.663102626800537
    vertex -14.566725730895996 9.911977767944336 2.6135926246643066
  endloop
endfacet
facet normal 0.0 0.0 0.0
  outer loop
    vertex -14.276443481445312 9.911977767944336 3.5705323219299316
    vertex -14.566725730895996 9.911977767944336 2.6135926246643066
    vertex -14.53515625 9.911977767944336 3.663102626800537
  endloop
endfacet
facet normal 0.0 0.0 0.0
  outer loop
    vertex -14.276443481445312 9.911977767944336 3.5705323219299316
    vertex -14.204989433288574 9.911977767944336 2.522982120513916
    vertex -14.566725730895996 9.911977767944336 2.6135926246643066
  endloop
endfacet
facet normal 0.0 0.0 0.0
  outer loop
    vertex -14.00989818572998 9.911977767944336 3.5037622451782227
    vertex -14.204989433288574 9.911977767944336 2.522982120513916
    vertex -14.276443481445312 9.911977767944336 3.5705323219299316
  endloop
endfacet
facet normal 0.0 0.0 0.0
  outer loop
    vertex -14.00989818572998 9.911977767944336 3.5037622451782227
    vertex -13.83611011505127 9.911977767944336 2.468262195587158
    vertex -14.204989433288574 9.911977767944336 2.522982120513916
  endloop
endfacet
facet normal 0.0 0.0 0.0
  outer loop
    vertex -13.738093376159668 9.911977767944336 3.463442325592041
    vertex -13.83611011505127 9.911977767944336 2.468262195587158
    vertex -14.00989818572998 9.911977767944336 3.5037622451782227
  endloop
endfacet
facet normal 0.0 0.0 0.0
  outer loop
    vertex -13.463645935058594 9.911977767944336 3.4499621391296387
    vertex -13.83611011505127 9.911977767944336 2.468262195587158
    vertex -13.738093376159668 9.911977767944336 3.463442325592041
  endloop
endfacet
facet normal 0.0 0.0 0.0
  outer loop
    vertex -13.463645935058594 9.911977767944336 3.4499621391296387
    vertex -13.463645935058594 9.911977767944336 2.4499621391296387
    vertex -13.83611011505127 9.911977767944336 2.468262195587158
  endloop
endfacet
facet normal 0.0 0.0 0.0
  outer loop
    vertex -13.189199447631836 9.911977767944336 3.463442325592041
    vertex -13.463645935058594 9.911977767944336 2.4499621391296387
    vertex -13.463645935058594 9.911977767944336 3.4499621391296387
  endloop
endfacet
facet normal 0.0 0.0 0.0
  outer loop
    vertex -13.189199447631836 9.911977767944336 3.463442325592041
    vertex -13.091181755065918 9.911977767944336 2.468262195587158
    vertex -13.463645935058594 9.911977767944336 2.4499621391296387
  endloop
endfacet
facet normal 0.0 0.0 0.0
  outer loop
    vertex -12.917393684387207 9.911977767944336 3.5037622451782227
    vertex -13.091181755065918 9.911977767944336 2.468262195587158
    vertex -13.189199447631836 9.911977767944336 3.463442325592041
  endloop
endfacet
facet normal 0.0 0.0 0.0
  outer loop
    vertex -12.917393684387207 9.911977767944336 3.5037622451782227
    vertex -12.72230339050293 9.911977767944336 2.522982120513916
    vertex -13.091181755065918 9.911977767944336 2.468262195587158
  endloop
endfacet
facet normal 0.0 0.0 0.0
  outer loop
    vertex -12.650849342346191 9.911977767944336 3.5705323219299316
    vertex -12.72230339050293 9.911977767944336 2.522982120513916
    vertex -12.917393684387207 9.911977767944336 3.5037622451782227
  endloop
endfacet
facet normal 0.0 0.0 0.0
  outer loop
    vertex -12.360566139221191 9.911977767944336 2.6135926246643066
    vertex -12.650849342346191 9.911977767944336 3.5705323219299316
    vertex -12.392136573791504 9.911977767944336 3.663102626800537
  endloop
endfacet
facet normal 0.0 0.0 0.0
  outer loop
    vertex -12.650849342346191 9.911977767944336 3.5705323219299316
    vertex -12.360566139221191 9.911977767944336 2.6135926246643066
    vertex -12.72230339050293 9.911977767944336 2.522982120513916
  endloop
endfacet
facet normal 0.0 0.0 0.0
  outer loop
    vertex -12.00944709777832 9.911977767944336 2.7392220497131348
    vertex -12.392136573791504 9.911977767944336 3.663102626800537
    vertex -12.143736839294434 9.911977767944336 3.7805819511413574
  endloop
endfacet
facet normal 0.0 0.0 0.0
  outer loop
    vertex -12.392136573791504 9.911977767944336 3.663102626800537
    vertex -12.00944709777832 9.911977767944336 2.7392220497131348
    vertex -12.360566139221191 9.911977767944336 2.6135926246643066
  endloop
endfacet
facet normal 0.0 0.0 0.0
  outer loop
    vertex -11.672337532043457 9.911977767944336 2.8986620903015137
    vertex -12.143736839294434 9.911977767944336 3.7805819511413574
    vertex -11.90804672241211 9.911977767944336 3.9218521118164062
  endloop
endfacet
facet normal 0.0 0.0 0.0
  outer loop
    vertex -11.352477073669434 9.911977767944336 3.0903820991516113
    vertex -11.90804672241211 9.911977767944336 3.9218521118164062
    vertex -11.687347412109375 9.911977767944336 4.085531711578369
  endloop
endfacet
facet normal 0.0 0.0 0.0
  outer loop
    vertex -12.143736839294434 9.911977767944336 3.7805819511413574
    vertex -11.672337532043457 9.911977767944336 2.8986620903015137
    vertex -12.00944709777832 9.911977767944336 2.7392220497131348
  endloop
endfacet
facet normal 0.0 0.0 0.0
  outer loop
    vertex -11.052957534790039 9.911977767944336 3.3125224113464355
    vertex -11.687347412109375 9.911977767944336 4.085531711578369
    vertex -11.483747482299805 9.911977767944336 4.27006196975708
  endloop
endfacet
facet normal 0.0 0.0 0.0
  outer loop
    vertex -11.90804672241211 9.911977767944336 3.9218521118164062
    vertex -11.352477073669434 9.911977767944336 3.0903820991516113
    vertex -11.672337532043457 9.911977767944336 2.8986620903015137
  endloop
endfacet
facet normal 0.0 0.0 0.0
  outer loop
    vertex -10.776637077331543 9.911977767944336 3.5629525184631348
    vertex -11.483747482299805 9.911977767944336 4.27006196975708
    vertex -11.299217224121094 9.911977767944336 4.47366189956665
  endloop
endfacet
facet normal 0.0 0.0 0.0
  outer loop
    vertex -10.526206970214844 9.911977767944336 3.8392715454101562
    vertex -11.299217224121094 9.911977767944336 4.47366189956665
    vertex -11.135537147521973 9.911977767944336 4.694361686706543
  endloop
endfacet
facet normal 0.0 0.0 0.0
  outer loop
    vertex -11.687347412109375 9.911977767944336 4.085531711578369
    vertex -11.052957534790039 9.911977767944336 3.3125224113464355
    vertex -11.352477073669434 9.911977767944336 3.0903820991516113
  endloop
endfacet
facet normal 0.0 0.0 0.0
  outer loop
    vertex -10.30406665802002 9.911977767944336 4.138792037963867
    vertex -11.135537147521973 9.911977767944336 4.694361686706543
    vertex -10.994267463684082 9.911977767944336 4.930051803588867
  endloop
endfacet
facet normal 0.0 0.0 0.0
  outer loop
    vertex -10.112346649169922 9.911977767944336 4.458652019500732
    vertex -10.994267463684082 9.911977767944336 4.930051803588867
    vertex -10.876787185668945 9.911977767944336 5.1784515380859375
  endloop
endfacet
facet normal 0.0 0.0 0.0
  outer loop
    vertex -9.952906608581543 9.911977767944336 4.795762062072754
    vertex -10.876787185668945 9.911977767944336 5.1784515380859375
    vertex -10.78421688079834 9.911977767944336 5.437164306640625
  endloop
endfacet
facet normal 0.0 0.0 0.0
  outer loop
    vertex -11.483747482299805 9.911977767944336 4.27006196975708
    vertex -10.776637077331543 9.911977767944336 3.5629525184631348
    vertex -11.052957534790039 9.911977767944336 3.3125224113464355
  endloop
endfacet
facet normal 0.0 0.0 0.0
  outer loop
    vertex -9.827277183532715 9.911978721618652 5.146882057189941
    vertex -10.78421688079834 9.911977767944336 5.437164306640625
    vertex -10.717447280883789 9.911977767944336 5.703709602355957
  endloop
endfacet
facet normal 0.0 0.0 0.0
  outer loop
    vertex -9.736666679382324 9.911978721618652 5.508618354797363
    vertex -10.717447280883789 9.911977767944336 5.703709602355957
    vertex -10.67712688446045 9.911977767944336 5.9755144119262695
  endloop
endfacet
facet normal 0.0 0.0 0.0
  outer loop
    vertex -9.681946754455566 9.911978721618652 5.87749719619751
    vertex -10.67712688446045 9.911977767944336 5.9755144119262695
    vertex -10.663646697998047 9.911977767944336 6.249960899353027
  endloop
endfacet
facet normal 0.0 0.0 0.0
  outer loop
    vertex -9.827277183532715 9.911978721618652 7.35304069519043
    vertex -10.78421688079834 9.911977767944336 7.062757968902588
    vertex -9.952906608581543 9.911977767944336 7.704160690307617
  endloop
endfacet
facet normal 0.0 0.0 0.0
  outer loop
    vertex -11.299217224121094 9.911977767944336 4.47366189956665
    vertex -10.526206970214844 9.911977767944336 3.8392715454101562
    vertex -10.776637077331543 9.911977767944336 3.5629525184631348
  endloop
endfacet
facet normal 0.0 0.0 0.0
  outer loop
    vertex -10.78421688079834 9.911977767944336 7.062757968902588
    vertex -9.827277183532715 9.911978721618652 7.35304069519043
    vertex -10.717447280883789 9.911977767944336 6.796213150024414
  endloop
endfacet
facet normal 0.0 0.0 0.0
  outer loop
    vertex -11.135537147521973 9.911977767944336 4.694361686706543
    vertex -10.30406665802002 9.911977767944336 4.138792037963867
    vertex -10.526206970214844 9.911977767944336 3.8392715454101562
  endloop
endfacet
facet normal 0.0 0.0 0.0
  outer loop
    vertex -9.736666679382324 9.911978721618652 6.991304397583008
    vertex -10.717447280883789 9.911977767944336 6.796213150024414
    vertex -9.827277183532715 9.911978721618652 7.35304069519043
  endloop
endfacet
facet normal 0.0 0.0 0.0
  outer loop
    vertex -10.994267463684082 9.911977767944336 4.930051803588867
    vertex -10.112346649169922 9.911977767944336 4.458652019500732
    vertex -10.30406665802002 9.911977767944336 4.138792037963867
  endloop
endfacet
facet normal 0.0 0.0 0.0
  outer loop
    vertex -10.717447280883789 9.911977767944336 6.796213150024414
    vertex -9.736666679382324 9.911978721618652 6.991304397583008
    vertex -10.67712688446045 9.911977767944336 6.524408340454102
  endloop
endfacet
facet normal 0.0 0.0 0.0
  outer loop
    vertex -10.876787185668945 9.911977767944336 5.1784515380859375
    vertex -9.952906608581543 9.911977767944336 4.795762062072754
    vertex -10.112346649169922 9.911977767944336 4.458652019500732
  endloop
endfacet
facet normal 0.0 0.0 0.0
  outer loop
    vertex -9.681946754455566 9.911978721618652 6.622425079345703
    vertex -10.67712688446045 9.911977767944336 6.524408340454102
    vertex -9.736666679382324 9.911978721618652 6.991304397583008
  endloop
endfacet
facet normal 0.0 0.0 0.0
  outer loop
    vertex -10.78421688079834 9.911977767944336 5.437164306640625
    vertex -9.827277183532715 9.911978721618652 5.146882057189941
    vertex -9.952906608581543 9.911977767944336 4.795762062072754
  endloop
endfacet
facet normal 0.0 0.0 0.0
  outer loop
    vertex -10.67712688446045 9.911977767944336 6.524408340454102
    vertex -9.681946754455566 9.911978721618652 6.622425079345703
    vertex -10.663646697998047 9.911977767944336 6.249960899353027
  endloop
endfacet
facet normal 0.0 0.0 0.0
  outer loop
    vertex -10.717447280883789 9.911977767944336 5.703709602355957
    vertex -9.736666679382324 9.911978721618652 5.508618354797363
    vertex -9.827277183532715 9.911978721618652 5.146882057189941
  endloop
endfacet
facet normal 0.0 0.0 0.0
  outer loop
    vertex -9.663646697998047 9.911978721618652 6.249960899353027
    vertex -10.663646697998047 9.911977767944336 6.249960899353027
    vertex -9.681946754455566 9.911978721618652 6.622425079345703
  endloop
endfacet
facet normal 0.0 0.0 0.0
  outer loop
    vertex -10.67712688446045 9.911977767944336 5.9755144119262695
    vertex -9.681946754455566 9.911978721618652 5.87749719619751
    vertex -9.736666679382324 9.911978721618652 5.508618354797363
  endloop
endfacet
facet normal 0.0 0.0 0.0
  outer loop
    vertex -10.663646697998047 9.911977767944336 6.249960899353027
    vertex -9.663646697998047 9.911978721618652 6.249960899353027
    vertex -9.681946754455566 9.911978721618652 5.87749719619751
  endloop
endfacet
facet normal 0.0 0.0 0.0
  outer loop
    vertex -17.190622329711914 9.911977767944336 5.5086188316345215
    vertex -17.245344161987305 7.911978721618652 5.877497673034668
    vertex -17.245344161987305 9.911977767944336 5.877497673034668
  endloop
endfacet
facet normal 0.0 0.0 0.0
  outer loop
    vertex -17.245344161987305 7.911978721618652 5.877497673034668
    vertex -17.190622329711914 9.911977767944336 5.5086188316345215
    vertex -17.190622329711914 7.911978721618652 5.5086188316345215
  endloop
endfacet
facet normal 0.0 0.0 0.0
  outer loop
    vertex -16.40108299255371 9.911977767944336 3.8392715454101562
    vertex -16.62322235107422 7.911978721618652 4.138792514801025
    vertex -16.62322235107422 9.911977767944336 4.138792514801025
  endloop
endfacet
facet normal 0.0 0.0 0.0
  outer loop
    vertex -16.62322235107422 7.911978721618652 4.138792514801025
    vertex -16.40108299255371 9.911977767944336 3.8392715454101562
    vertex -16.40108299255371 7.911978721618652 3.8392715454101562
  endloop
endfacet
facet normal 0.0 0.0 0.0
  outer loop
    vertex -16.62322235107422 9.911977767944336 4.138792514801025
    vertex -16.814943313598633 7.911978721618652 4.458652496337891
    vertex -16.814943313598633 9.911977767944336 4.458652496337891
  endloop
endfacet
facet normal 0.0 0.0 0.0
  outer loop
    vertex -16.814943313598633 7.911978721618652 4.458652496337891
    vertex -16.62322235107422 9.911977767944336 4.138792514801025
    vertex -16.62322235107422 7.911978721618652 4.138792514801025
  endloop
endfacet
facet normal 0.0 0.0 0.0
  outer loop
    vertex -14.566725730895996 7.911978721618652 2.6135926246643066
    vertex -14.917845726013184 9.911977767944336 2.7392220497131348
    vertex -14.566725730895996 9.911977767944336 2.6135926246643066
  endloop
endfacet
facet normal 0.0 0.0 0.0
  outer loop
    vertex -14.917845726013184 9.911977767944336 2.7392220497131348
    vertex -14.566725730895996 7.911978721618652 2.6135926246643066
    vertex -14.917845726013184 7.911978721618652 2.7392220497131348
  endloop
endfacet
facet normal 0.0 0.0 0.0
  outer loop
    vertex -16.150653839111328 9.911977767944336 3.5629525184631348
    vertex -16.40108299255371 7.911978721618652 3.8392715454101562
    vertex -16.40108299255371 9.911977767944336 3.8392715454101562
  endloop
endfacet
facet normal 0.0 0.0 0.0
  outer loop
    vertex -16.40108299255371 7.911978721618652 3.8392715454101562
    vertex -16.150653839111328 9.911977767944336 3.5629525184631348
    vertex -16.150653839111328 7.911978721618652 3.5629525184631348
  endloop
endfacet
facet normal 0.0 0.0 0.0
  outer loop
    vertex -15.254955291748047 7.911978721618652 2.8986620903015137
    vertex -15.574814796447754 9.911977767944336 3.0903820991516113
    vertex -15.254955291748047 9.911977767944336 2.8986620903015137
  endloop
endfacet
facet normal 0.0 0.0 0.0
  outer loop
    vertex -15.574814796447754 9.911977767944336 3.0903820991516113
    vertex -15.254955291748047 7.911978721618652 2.8986620903015137
    vertex -15.574814796447754 7.911978721618652 3.0903820991516113
  endloop
endfacet
facet normal 0.0 0.0 0.0
  outer loop
    vertex -12.360566139221191 7.911978721618652 2.6135926246643066
    vertex -12.72230339050293 9.911977767944336 2.522982120513916
    vertex -12.360566139221191 9.911977767944336 2.6135926246643066
  endloop
endfacet
facet normal 0.0 0.0 0.0
  outer loop
    vertex -12.72230339050293 9.911977767944336 2.522982120513916
    vertex -12.360566139221191 7.911978721618652 2.6135926246643066
    vertex -12.72230339050293 7.911978721618652 2.522982120513916
  endloop
endfacet
facet normal 0.0 0.0 0.0
  outer loop
    vertex -11.672337532043457 7.911978721618652 2.8986620903015137
    vertex -12.00944709777832 9.911977767944336 2.7392220497131348
    vertex -11.672337532043457 9.911977767944336 2.8986620903015137
  endloop
endfacet
facet normal 0.0 0.0 0.0
  outer loop
    vertex -12.00944709777832 9.911977767944336 2.7392220497131348
    vertex -11.672337532043457 7.911978721618652 2.8986620903015137
    vertex -12.00944709777832 7.911978721618652 2.7392220497131348
  endloop
endfacet
facet normal 0.0 0.0 0.0
  outer loop
    vertex -11.052957534790039 7.911978721618652 3.3125224113464355
    vertex -11.352477073669434 9.911977767944336 3.0903820991516113
    vertex -11.052957534790039 9.911977767944336 3.3125224113464355
  endloop
endfacet
facet normal 0.0 0.0 0.0
  outer loop
    vertex -11.352477073669434 9.911977767944336 3.0903820991516113
    vertex -11.052957534790039 7.911978721618652 3.3125224113464355
    vertex -11.352477073669434 7.911978721618652 3.0903820991516113
  endloop
endfacet
facet normal 0.0 0.0 0.0
  outer loop
    vertex -9.952906608581543 7.911978721618652 4.795762062072754
    vertex -9.827277183532715 9.911978721618652 5.146882057189941
    vertex -9.827277183532715 7.911978721618652 5.146882057189941
  endloop
endfacet
facet normal 0.0 0.0 0.0
  outer loop
    vertex -9.827277183532715 9.911978721618652 5.146882057189941
    vertex -9.952906608581543 7.911978721618652 4.795762062072754
    vertex -9.952906608581543 9.911977767944336 4.795762062072754
  endloop
endfacet
facet normal 0.0 0.0 0.0
  outer loop
    vertex -16.974382400512695 9.911977767944336 4.795762062072754
    vertex -17.100013732910156 7.911978721618652 5.146882057189941
    vertex -17.100013732910156 9.911977767944336 5.146882057189941
  endloop
endfacet
facet normal 0.0 0.0 0.0
  outer loop
    vertex -17.100013732910156 7.911978721618652 5.146882057189941
    vertex -16.974382400512695 9.911977767944336 4.795762062072754
    vertex -16.974382400512695 7.911978721618652 4.795762062072754
  endloop
endfacet
facet normal 0.0 0.0 0.0
  outer loop
    vertex -15.933025360107422 7.911978721618652 7.569871425628662
    vertex -15.791754722595215 9.911977767944336 7.805561542510986
    vertex -15.791754722595215 7.911978721618652 7.805561542510986
  endloop
endfacet
facet normal 0.0 0.0 0.0
  outer loop
    vertex -15.791754722595215 9.911977767944336 7.805561542510986
    vertex -15.933025360107422 7.911978721618652 7.569871425628662
    vertex -15.933025360107422 9.911977767944336 7.569871425628662
  endloop
endfacet
facet normal 0.0 0.0 0.0
  outer loop
    vertex -14.276443481445312 7.911978721618652 8.929390907287598
    vertex -14.535155296325684 9.911977767944336 8.836820602416992
    vertex -14.276442527770996 9.911977767944336 8.929390907287598
  endloop
endfacet
facet normal 0.0 0.0 0.0
  outer loop
    vertex -14.535155296325684 9.911977767944336 8.836820602416992
    vertex -14.276443481445312 7.911978721618652 8.929390907287598
    vertex -14.53515625 7.911978721618652 8.836820602416992
  endloop
endfacet
facet normal 0.0 0.0 0.0
  outer loop
    vertex -12.392136573791504 7.911978721618652 8.836820602416992
    vertex -12.650848388671875 9.911977767944336 8.929390907287598
    vertex -12.392135620117188 9.911977767944336 8.836820602416992
  endloop
endfacet
facet normal 0.0 0.0 0.0
  outer loop
    vertex -12.650848388671875 9.911977767944336 8.929390907287598
    vertex -12.392136573791504 7.911978721618652 8.836820602416992
    vertex -12.650849342346191 7.911978721618652 8.929390907287598
  endloop
endfacet
facet normal 0.0 0.0 0.0
  outer loop
    vertex -10.876787185668945 9.911977767944336 7.321471214294434
    vertex -10.994267463684082 7.911978721618652 7.569870948791504
    vertex -10.994267463684082 9.911977767944336 7.569870948791504
  endloop
endfacet
facet normal 0.0 0.0 0.0
  outer loop
    vertex -10.994267463684082 7.911978721618652 7.569870948791504
    vertex -10.876787185668945 9.911977767944336 7.321471214294434
    vertex -10.876787185668945 7.911978721618652 7.321471214294434
  endloop
endfacet
facet normal 0.0 0.0 0.0
  outer loop
    vertex -14.78355598449707 7.911978721618652 3.7805819511413574
    vertex -14.53515625 9.911977767944336 3.663102626800537
    vertex -14.78355598449707 9.911977767944336 3.7805819511413574
  endloop
endfacet
facet normal 0.0 0.0 0.0
  outer loop
    vertex -14.53515625 9.911977767944336 3.663102626800537
    vertex -14.78355598449707 7.911978721618652 3.7805819511413574
    vertex -14.53515625 7.911978721618652 3.663102626800537
  endloop
endfacet
facet normal 0.0 0.0 0.0
  outer loop
    vertex -11.687347412109375 7.911978721618652 8.414390563964844
    vertex -11.90804672241211 9.911977767944336 8.578070640563965
    vertex -11.687347412109375 9.911977767944336 8.414390563964844
  endloop
endfacet
facet normal 0.0 0.0 0.0
  outer loop
    vertex -11.90804672241211 9.911977767944336 8.578070640563965
    vertex -11.687347412109375 7.911978721618652 8.414390563964844
    vertex -11.90804672241211 7.911978721618652 8.578070640563965
  endloop
endfacet
facet normal 0.0 0.0 0.0
  outer loop
    vertex -13.463645935058594 7.911978721618652 3.4499621391296387
    vertex -13.189199447631836 9.911977767944336 3.463442325592041
    vertex -13.463645935058594 9.911977767944336 3.4499621391296387
  endloop
endfacet
facet normal 0.0 0.0 0.0
  outer loop
    vertex -13.189199447631836 9.911977767944336 3.463442325592041
    vertex -13.463645935058594 7.911978721618652 3.4499621391296387
    vertex -13.189199447631836 7.911978721618652 3.463442325592041
  endloop
endfacet
facet normal 0.0 0.0 0.0
  outer loop
    vertex -14.53515625 7.911978721618652 3.663102626800537
    vertex -14.276443481445312 9.911977767944336 3.5705323219299316
    vertex -14.53515625 9.911977767944336 3.663102626800537
  endloop
endfacet
facet normal 0.0 0.0 0.0
  outer loop
    vertex -14.276443481445312 9.911977767944336 3.5705323219299316
    vertex -14.53515625 7.911978721618652 3.663102626800537
    vertex -14.276443481445312 7.911978721618652 3.5705323219299316
  endloop
endfacet
facet normal 0.0 0.0 0.0
  outer loop
    vertex -15.019245147705078 7.911978721618652 3.9218521118164062
    vertex -14.78355598449707 9.911977767944336 3.7805819511413574
    vertex -15.019245147705078 9.911977767944336 3.9218521118164062
  endloop
endfacet
facet normal 0.0 0.0 0.0
  outer loop
    vertex -14.78355598449707 9.911977767944336 3.7805819511413574
    vertex -15.019245147705078 7.911978721618652 3.9218521118164062
    vertex -14.78355598449707 7.911978721618652 3.7805819511413574
  endloop
endfacet
facet normal 0.0 0.0 0.0
  outer loop
    vertex -16.250164031982422 7.911978721618652 6.524408340454102
    vertex -16.2098445892334 9.911977767944336 6.796213150024414
    vertex -16.2098445892334 7.911978721618652 6.796213150024414
  endloop
endfacet
facet normal 0.0 0.0 0.0
  outer loop
    vertex -16.2098445892334 9.911977767944336 6.796213150024414
    vertex -16.250164031982422 7.911978721618652 6.524408340454102
    vertex -16.250164031982422 9.911977767944336 6.524408340454102
  endloop
endfacet
facet normal 0.0 0.0 0.0
  outer loop
    vertex -15.791754722595215 7.911978721618652 7.805561542510986
    vertex -15.62807559967041 9.911977767944336 8.026261329650879
    vertex -15.62807559967041 7.911978721618652 8.026261329650879
  endloop
endfacet
facet normal 0.0 0.0 0.0
  outer loop
    vertex -15.62807559967041 9.911977767944336 8.026261329650879
    vertex -15.791754722595215 7.911978721618652 7.805561542510986
    vertex -15.791754722595215 9.911977767944336 7.805561542510986
  endloop
endfacet
facet normal 0.0 0.0 0.0
  outer loop
    vertex -15.239945411682129 7.911978721618652 8.414390563964844
    vertex -15.4435453414917 9.911977767944336 8.22986125946045
    vertex -15.239945411682129 9.911977767944336 8.414390563964844
  endloop
endfacet
facet normal 0.0 0.0 0.0
  outer loop
    vertex -15.4435453414917 9.911977767944336 8.22986125946045
    vertex -15.239945411682129 7.911978721618652 8.414390563964844
    vertex -15.4435453414917 7.911978721618652 8.22986125946045
  endloop
endfacet
facet normal 0.0 0.0 0.0
  outer loop
    vertex -13.189199447631836 7.911978721618652 9.036480903625488
    vertex -13.463644981384277 9.911977767944336 9.04996109008789
    vertex -13.18919849395752 9.911977767944336 9.036480903625488
  endloop
endfacet
facet normal 0.0 0.0 0.0
  outer loop
    vertex -13.463644981384277 9.911977767944336 9.04996109008789
    vertex -13.189199447631836 7.911978721618652 9.036480903625488
    vertex -13.463645935058594 7.911978721618652 9.04996109008789
  endloop
endfacet
facet normal 0.0 0.0 0.0
  outer loop
    vertex -13.738093376159668 7.911978721618652 9.036480903625488
    vertex -14.009897232055664 9.911977767944336 8.996160507202148
    vertex -13.738092422485352 9.911977767944336 9.036480903625488
  endloop
endfacet
facet normal 0.0 0.0 0.0
  outer loop
    vertex -14.009897232055664 9.911977767944336 8.996160507202148
    vertex -13.738093376159668 7.911978721618652 9.036480903625488
    vertex -14.00989818572998 7.911978721618652 8.996160507202148
  endloop
endfacet
facet normal 0.0 0.0 0.0
  outer loop
    vertex -13.463645935058594 7.911978721618652 9.04996109008789
    vertex -13.738092422485352 9.911977767944336 9.036480903625488
    vertex -13.463644981384277 9.911977767944336 9.04996109008789
  endloop
endfacet
facet normal 0.0 0.0 0.0
  outer loop
    vertex -13.738092422485352 9.911977767944336 9.036480903625488
    vertex -13.463645935058594 7.911978721618652 9.04996109008789
    vertex -13.738093376159668 7.911978721618652 9.036480903625488
  endloop
endfacet
facet normal 0.0 0.0 0.0
  outer loop
    vertex -15.019245147705078 7.911978721618652 8.578070640563965
    vertex -15.239945411682129 9.911977767944336 8.414390563964844
    vertex -15.019245147705078 9.911977767944336 8.578070640563965
  endloop
endfacet
facet normal 0.0 0.0 0.0
  outer loop
    vertex -15.239945411682129 9.911977767944336 8.414390563964844
    vertex -15.019245147705078 7.911978721618652 8.578070640563965
    vertex -15.239945411682129 7.911978721618652 8.414390563964844
  endloop
endfacet
facet normal 0.0 0.0 0.0
  outer loop
    vertex -14.78355598449707 7.911978721618652 8.719341278076172
    vertex -15.019245147705078 9.911977767944336 8.578070640563965
    vertex -14.783555030822754 9.911977767944336 8.719341278076172
  endloop
endfacet
facet normal 0.0 0.0 0.0
  outer loop
    vertex -15.019245147705078 9.911977767944336 8.578070640563965
    vertex -14.78355598449707 7.911978721618652 8.719341278076172
    vertex -15.019245147705078 7.911978721618652 8.578070640563965
  endloop
endfacet
facet normal 0.0 0.0 0.0
  outer loop
    vertex -10.663646697998047 9.911977767944336 6.249960899353027
    vertex -10.67712688446045 7.911978721618652 6.524408340454102
    vertex -10.67712688446045 9.911977767944336 6.524408340454102
  endloop
endfacet
facet normal 0.0 0.0 0.0
  outer loop
    vertex -10.67712688446045 7.911978721618652 6.524408340454102
    vertex -10.663646697998047 9.911977767944336 6.249960899353027
    vertex -10.663646697998047 7.911978721618652 6.249960899353027
  endloop
endfacet
facet normal 0.0 0.0 0.0
  outer loop
    vertex -10.78421688079834 9.911977767944336 7.062757968902588
    vertex -10.876787185668945 7.911978721618652 7.321471214294434
    vertex -10.876787185668945 9.911977767944336 7.321471214294434
  endloop
endfacet
facet normal 0.0 0.0 0.0
  outer loop
    vertex -10.876787185668945 7.911978721618652 7.321471214294434
    vertex -10.78421688079834 9.911977767944336 7.062757968902588
    vertex -10.78421688079834 7.911978721618652 7.062757968902588
  endloop
endfacet
facet normal 0.0 0.0 0.0
  outer loop
    vertex -10.717447280883789 9.911977767944336 6.796213150024414
    vertex -10.78421688079834 7.911978721618652 7.062757968902588
    vertex -10.78421688079834 9.911977767944336 7.062757968902588
  endloop
endfacet
facet normal 0.0 0.0 0.0
  outer loop
    vertex -10.78421688079834 7.911978721618652 7.062757968902588
    vertex -10.717447280883789 9.911977767944336 6.796213150024414
    vertex -10.717447280883789 7.911978721618652 6.796213150024414
  endloop
endfacet
facet normal 0.0 0.0 0.0
  outer loop
    vertex -11.299217224121094 9.911977767944336 8.026261329650879
    vertex -11.483747482299805 7.911978721618652 8.22986125946045
    vertex -11.483747482299805 9.911977767944336 8.22986125946045
  endloop
endfacet
facet normal 0.0 0.0 0.0
  outer loop
    vertex -11.483747482299805 7.911978721618652 8.22986125946045
    vertex -11.299217224121094 9.911977767944336 8.026261329650879
    vertex -11.299217224121094 7.911978721618652 8.026261329650879
  endloop
endfacet
facet normal 0.0 0.0 0.0
  outer loop
    vertex -10.994267463684082 9.911977767944336 7.569870948791504
    vertex -11.135537147521973 7.911978721618652 7.805561065673828
    vertex -11.135537147521973 9.911977767944336 7.805561065673828
  endloop
endfacet
facet normal 0.0 0.0 0.0
  outer loop
    vertex -11.135537147521973 7.911978721618652 7.805561065673828
    vertex -10.994267463684082 9.911977767944336 7.569870948791504
    vertex -10.994267463684082 7.911978721618652 7.569870948791504
  endloop
endfacet
facet normal 0.0 0.0 0.0
  outer loop
    vertex -11.135537147521973 9.911977767944336 7.805561065673828
    vertex -11.299217224121094 7.911978721618652 8.026261329650879
    vertex -11.299217224121094 9.911977767944336 8.026261329650879
  endloop
endfacet
facet normal 0.0 0.0 0.0
  outer loop
    vertex -11.299217224121094 7.911978721618652 8.026261329650879
    vertex -11.135537147521973 9.911977767944336 7.805561065673828
    vertex -11.135537147521973 7.911978721618652 7.805561065673828
  endloop
endfacet
facet normal 0.0 0.0 0.0
  outer loop
    vertex -12.917393684387207 7.911978721618652 8.996160507202148
    vertex -13.18919849395752 9.911977767944336 9.036480903625488
    vertex -12.91739273071289 9.911977767944336 8.996160507202148
  endloop
endfacet
facet normal 0.0 0.0 0.0
  outer loop
    vertex -13.18919849395752 9.911977767944336 9.036480903625488
    vertex -12.917393684387207 7.911978721618652 8.996160507202148
    vertex -13.189199447631836 7.911978721618652 9.036480903625488
  endloop
endfacet
facet normal 0.0 0.0 0.0
  outer loop
    vertex -12.650849342346191 7.911978721618652 8.929390907287598
    vertex -12.91739273071289 9.911977767944336 8.996160507202148
    vertex -12.650848388671875 9.911977767944336 8.929390907287598
  endloop
endfacet
facet normal 0.0 0.0 0.0
  outer loop
    vertex -12.91739273071289 9.911977767944336 8.996160507202148
    vertex -12.650849342346191 7.911978721618652 8.929390907287598
    vertex -12.917393684387207 7.911978721618652 8.996160507202148
  endloop
endfacet
facet normal 0.0 0.0 0.0
  outer loop
    vertex -12.143736839294434 7.911978721618652 8.719341278076172
    vertex -12.392135620117188 9.911977767944336 8.836820602416992
    vertex -12.143735885620117 9.911977767944336 8.719341278076172
  endloop
endfacet
facet normal 0.0 0.0 0.0
  outer loop
    vertex -12.392135620117188 9.911977767944336 8.836820602416992
    vertex -12.143736839294434 7.911978721618652 8.719341278076172
    vertex -12.392136573791504 7.911978721618652 8.836820602416992
  endloop
endfacet
facet normal 0.0 0.0 0.0
  outer loop
    vertex -11.90804672241211 7.911978721618652 8.578070640563965
    vertex -12.143735885620117 9.911977767944336 8.719341278076172
    vertex -11.90804672241211 9.911977767944336 8.578070640563965
  endloop
endfacet
facet normal 0.0 0.0 0.0
  outer loop
    vertex -12.143735885620117 9.911977767944336 8.719341278076172
    vertex -11.90804672241211 7.911978721618652 8.578070640563965
    vertex -12.143736839294434 7.911978721618652 8.719341278076172
  endloop
endfacet
facet normal 0.0 0.0 0.0
  outer loop
    vertex -11.483747482299805 7.911978721618652 8.22986125946045
    vertex -11.687347412109375 9.911977767944336 8.414390563964844
    vertex -11.483747482299805 9.911977767944336 8.22986125946045
  endloop
endfacet
facet normal 0.0 0.0 0.0
  outer loop
    vertex -11.687347412109375 9.911977767944336 8.414390563964844
    vertex -11.483747482299805 7.911978721618652 8.22986125946045
    vertex -11.687347412109375 7.911978721618652 8.414390563964844
  endloop
endfacet
facet normal 0.0 0.0 0.0
  outer loop
    vertex -16.26364517211914 7.911978721618652 6.249961853027344
    vertex -16.250164031982422 9.911977767944336 6.524408340454102
    vertex -16.250164031982422 7.911978721618652 6.524408340454102
  endloop
endfacet
facet normal 0.0 0.0 0.0
  outer loop
    vertex -16.250164031982422 9.911977767944336 6.524408340454102
    vertex -16.26364517211914 7.911978721618652 6.249961853027344
    vertex -16.26364517211914 9.911977767944336 6.249961853027344
  endloop
endfacet
facet normal 0.0 0.0 0.0
  outer loop
    vertex -15.791754722595215 7.911978721618652 4.694361686706543
    vertex -15.933025360107422 9.911977767944336 4.930051803588867
    vertex -15.933025360107422 7.911978721618652 4.930051803588867
  endloop
endfacet
facet normal 0.0 0.0 0.0
  outer loop
    vertex -15.933025360107422 9.911977767944336 4.930051803588867
    vertex -15.791754722595215 7.911978721618652 4.694361686706543
    vertex -15.791754722595215 9.911977767944336 4.694361686706543
  endloop
endfacet
facet normal 0.0 0.0 0.0
  outer loop
    vertex -11.299217224121094 9.911977767944336 4.47366189956665
    vertex -11.135537147521973 7.911978721618652 4.694361686706543
    vertex -11.135537147521973 9.911977767944336 4.694361686706543
  endloop
endfacet
facet normal 0.0 0.0 0.0
  outer loop
    vertex -11.135537147521973 7.911978721618652 4.694361686706543
    vertex -11.299217224121094 9.911977767944336 4.47366189956665
    vertex -11.299217224121094 7.911978721618652 4.47366189956665
  endloop
endfacet
facet normal 0.0 0.0 0.0
  outer loop
    vertex -10.78421688079834 9.911977767944336 5.437164306640625
    vertex -10.717447280883789 7.911978721618652 5.703709602355957
    vertex -10.717447280883789 9.911977767944336 5.703709602355957
  endloop
endfacet
facet normal 0.0 0.0 0.0
  outer loop
    vertex -10.717447280883789 7.911978721618652 5.703709602355957
    vertex -10.78421688079834 9.911977767944336 5.437164306640625
    vertex -10.78421688079834 7.911978721618652 5.437164306640625
  endloop
endfacet
facet normal 0.0 0.0 0.0
  outer loop
    vertex -14.00989818572998 7.911978721618652 3.5037622451782227
    vertex -13.738093376159668 9.911977767944336 3.463442325592041
    vertex -14.00989818572998 9.911977767944336 3.5037622451782227
  endloop
endfacet
facet normal 0.0 0.0 0.0
  outer loop
    vertex -13.738093376159668 9.911977767944336 3.463442325592041
    vertex -14.00989818572998 7.911978721618652 3.5037622451782227
    vertex -13.738093376159668 7.911978721618652 3.463442325592041
  endloop
endfacet
facet normal 0.0 0.0 0.0
  outer loop
    vertex -16.050504684448242 7.911978721618652 7.321471214294434
    vertex -15.933025360107422 9.911977767944336 7.569871425628662
    vertex -15.933025360107422 7.911978721618652 7.569871425628662
  endloop
endfacet
facet normal 0.0 0.0 0.0
  outer loop
    vertex -15.933025360107422 9.911977767944336 7.569871425628662
    vertex -16.050504684448242 7.911978721618652 7.321471214294434
    vertex -16.050504684448242 9.911977767944336 7.321471214294434
  endloop
endfacet
facet normal 0.0 0.0 0.0
  outer loop
    vertex -16.14307403564453 7.911978721618652 7.062758445739746
    vertex -16.050504684448242 9.911977767944336 7.321471214294434
    vertex -16.050504684448242 7.911978721618652 7.321471214294434
  endloop
endfacet
facet normal 0.0 0.0 0.0
  outer loop
    vertex -16.050504684448242 9.911977767944336 7.321471214294434
    vertex -16.14307403564453 7.911978721618652 7.062758445739746
    vertex -16.14307403564453 9.911977767944336 7.062758445739746
  endloop
endfacet
facet normal 0.0 0.0 0.0
  outer loop
    vertex -16.2098445892334 7.911978721618652 6.796213150024414
    vertex -16.14307403564453 9.911977767944336 7.062758445739746
    vertex -16.14307403564453 7.911978721618652 7.062758445739746
  endloop
endfacet
facet normal 0.0 0.0 0.0
  outer loop
    vertex -16.14307403564453 9.911977767944336 7.062758445739746
    vertex -16.2098445892334 7.911978721618652 6.796213150024414
    vertex -16.2098445892334 9.911977767944336 6.796213150024414
  endloop
endfacet
facet normal 0.0 0.0 0.0
  outer loop
    vertex -15.62807559967041 7.911978721618652 8.026261329650879
    vertex -15.4435453414917 9.911977767944336 8.22986125946045
    vertex -15.4435453414917 7.911978721618652 8.22986125946045
  endloop
endfacet
facet normal 0.0 0.0 0.0
  outer loop
    vertex -15.4435453414917 9.911977767944336 8.22986125946045
    vertex -15.62807559967041 7.911978721618652 8.026261329650879
    vertex -15.62807559967041 9.911977767944336 8.026261329650879
  endloop
endfacet
facet normal 0.0 0.0 0.0
  outer loop
    vertex -14.00989818572998 7.911978721618652 8.996160507202148
    vertex -14.276442527770996 9.911977767944336 8.929390907287598
    vertex -14.009897232055664 9.911977767944336 8.996160507202148
  endloop
endfacet
facet normal 0.0 0.0 0.0
  outer loop
    vertex -14.276442527770996 9.911977767944336 8.929390907287598
    vertex -14.00989818572998 7.911978721618652 8.996160507202148
    vertex -14.276443481445312 7.911978721618652 8.929390907287598
  endloop
endfacet
facet normal 0.0 0.0 0.0
  outer loop
    vertex -14.53515625 7.911978721618652 8.836820602416992
    vertex -14.783555030822754 9.911977767944336 8.719341278076172
    vertex -14.535155296325684 9.911977767944336 8.836820602416992
  endloop
endfacet
facet normal 0.0 0.0 0.0
  outer loop
    vertex -14.783555030822754 9.911977767944336 8.719341278076172
    vertex -14.53515625 7.911978721618652 8.836820602416992
    vertex -14.78355598449707 7.911978721618652 8.719341278076172
  endloop
endfacet
facet normal 0.0 0.0 0.0
  outer loop
    vertex -10.67712688446045 9.911977767944336 6.524408340454102
    vertex -10.717447280883789 7.911978721618652 6.796213150024414
    vertex -10.717447280883789 9.911977767944336 6.796213150024414
  endloop
endfacet
facet normal 0.0 0.0 0.0
  outer loop
    vertex -10.717447280883789 7.911978721618652 6.796213150024414
    vertex -10.67712688446045 9.911977767944336 6.524408340454102
    vertex -10.67712688446045 7.911978721618652 6.524408340454102
  endloop
endfacet
facet normal 0.0 0.0 0.0
  outer loop
    vertex -16.2098445892334 7.911978721618652 5.703710079193115
    vertex -16.250164031982422 9.911977767944336 5.975514888763428
    vertex -16.250164031982422 7.911978721618652 5.975514888763428
  endloop
endfacet
facet normal 0.0 0.0 0.0
  outer loop
    vertex -16.250164031982422 9.911977767944336 5.975514888763428
    vertex -16.2098445892334 7.911978721618652 5.703710079193115
    vertex -16.2098445892334 9.911977767944336 5.703710079193115
  endloop
endfacet
facet normal 0.0 0.0 0.0
  outer loop
    vertex -16.250164031982422 7.911978721618652 5.975514888763428
    vertex -16.26364517211914 9.911977767944336 6.249961853027344
    vertex -16.26364517211914 7.911978721618652 6.249961853027344
  endloop
endfacet
facet normal 0.0 0.0 0.0
  outer loop
    vertex -16.26364517211914 9.911977767944336 6.249961853027344
    vertex -16.250164031982422 7.911978721618652 5.975514888763428
    vertex -16.250164031982422 9.911977767944336 5.975514888763428
  endloop
endfacet
facet normal 0.0 0.0 0.0
  outer loop
    vertex -16.14307403564453 7.911978721618652 5.437164783477783
    vertex -16.2098445892334 9.911977767944336 5.703710079193115
    vertex -16.2098445892334 7.911978721618652 5.703710079193115
  endloop
endfacet
facet normal 0.0 0.0 0.0
  outer loop
    vertex -16.2098445892334 9.911977767944336 5.703710079193115
    vertex -16.14307403564453 7.911978721618652 5.437164783477783
    vertex -16.14307403564453 9.911977767944336 5.437164783477783
  endloop
endfacet
facet normal 0.0 0.0 0.0
  outer loop
    vertex -15.933025360107422 7.911978721618652 4.930051803588867
    vertex -16.050504684448242 9.911977767944336 5.178452491760254
    vertex -16.050504684448242 7.911978721618652 5.178452491760254
  endloop
endfacet
facet normal 0.0 0.0 0.0
  outer loop
    vertex -16.050504684448242 9.911977767944336 5.178452491760254
    vertex -15.933025360107422 7.911978721618652 4.930051803588867
    vertex -15.933025360107422 9.911977767944336 4.930051803588867
  endloop
endfacet
facet normal 0.0 0.0 0.0
  outer loop
    vertex -10.67712688446045 9.911977767944336 5.9755144119262695
    vertex -10.663646697998047 7.911978721618652 6.249960899353027
    vertex -10.663646697998047 9.911977767944336 6.249960899353027
  endloop
endfacet
facet normal 0.0 0.0 0.0
  outer loop
    vertex -10.663646697998047 7.911978721618652 6.249960899353027
    vertex -10.67712688446045 9.911977767944336 5.9755144119262695
    vertex -10.67712688446045 7.911978721618652 5.9755144119262695
  endloop
endfacet
facet normal 0.0 0.0 0.0
  outer loop
    vertex -10.876787185668945 9.911977767944336 5.1784515380859375
    vertex -10.78421688079834 7.911978721618652 5.437164306640625
    vertex -10.78421688079834 9.911977767944336 5.437164306640625
  endloop
endfacet
facet normal 0.0 0.0 0.0
  outer loop
    vertex -10.78421688079834 7.911978721618652 5.437164306640625
    vertex -10.876787185668945 9.911977767944336 5.1784515380859375
    vertex -10.876787185668945 7.911978721618652 5.1784515380859375
  endloop
endfacet
facet normal 0.0 0.0 0.0
  outer loop
    vertex -15.62807559967041 7.911978721618652 4.47366189956665
    vertex -15.791754722595215 9.911977767944336 4.694361686706543
    vertex -15.791754722595215 7.911978721618652 4.694361686706543
  endloop
endfacet
facet normal 0.0 0.0 0.0
  outer loop
    vertex -15.791754722595215 9.911977767944336 4.694361686706543
    vertex -15.62807559967041 7.911978721618652 4.47366189956665
    vertex -15.62807559967041 9.911977767944336 4.47366189956665
  endloop
endfacet
facet normal 0.0 0.0 0.0
  outer loop
    vertex -16.050504684448242 7.911978721618652 5.178452491760254
    vertex -16.14307403564453 9.911977767944336 5.437164783477783
    vertex -16.14307403564453 7.911978721618652 5.437164783477783
  endloop
endfacet
facet normal 0.0 0.0 0.0
  outer loop
    vertex -16.14307403564453 9.911977767944336 5.437164783477783
    vertex -16.050504684448242 7.911978721618652 5.178452491760254
    vertex -16.050504684448242 9.911977767944336 5.178452491760254
  endloop
endfacet
facet normal 0.0 0.0 0.0
  outer loop
    vertex -11.687347412109375 7.911978721618652 4.085531711578369
    vertex -11.483747482299805 9.911977767944336 4.27006196975708
    vertex -11.687347412109375 9.911977767944336 4.085531711578369
  endloop
endfacet
facet normal 0.0 0.0 0.0
  outer loop
    vertex -11.483747482299805 9.911977767944336 4.27006196975708
    vertex -11.687347412109375 7.911978721618652 4.085531711578369
    vertex -11.483747482299805 7.911978721618652 4.27006196975708
  endloop
endfacet
facet normal 0.0 0.0 0.0
  outer loop
    vertex -13.738093376159668 7.911978721618652 3.463442325592041
    vertex -13.463645935058594 9.911977767944336 3.4499621391296387
    vertex -13.738093376159668 9.911977767944336 3.463442325592041
  endloop
endfacet
facet normal 0.0 0.0 0.0
  outer loop
    vertex -13.463645935058594 9.911977767944336 3.4499621391296387
    vertex -13.738093376159668 7.911978721618652 3.463442325592041
    vertex -13.463645935058594 7.911978721618652 3.4499621391296387
  endloop
endfacet
facet normal 0.0 0.0 0.0
  outer loop
    vertex -12.650849342346191 7.911978721618652 3.5705323219299316
    vertex -12.392136573791504 9.911977767944336 3.663102626800537
    vertex -12.650849342346191 9.911977767944336 3.5705323219299316
  endloop
endfacet
facet normal 0.0 0.0 0.0
  outer loop
    vertex -12.392136573791504 9.911977767944336 3.663102626800537
    vertex -12.650849342346191 7.911978721618652 3.5705323219299316
    vertex -12.392136573791504 7.911978721618652 3.663102626800537
  endloop
endfacet
facet normal 0.0 0.0 0.0
  outer loop
    vertex -13.189199447631836 7.911978721618652 3.463442325592041
    vertex -12.917393684387207 9.911977767944336 3.5037622451782227
    vertex -13.189199447631836 9.911977767944336 3.463442325592041
  endloop
endfacet
facet normal 0.0 0.0 0.0
  outer loop
    vertex -12.917393684387207 9.911977767944336 3.5037622451782227
    vertex -13.189199447631836 7.911978721618652 3.463442325592041
    vertex -12.917393684387207 7.911978721618652 3.5037622451782227
  endloop
endfacet
facet normal 0.0 0.0 0.0
  outer loop
    vertex -11.90804672241211 7.911978721618652 3.9218521118164062
    vertex -11.687347412109375 9.911977767944336 4.085531711578369
    vertex -11.90804672241211 9.911977767944336 3.9218521118164062
  endloop
endfacet
facet normal 0.0 0.0 0.0
  outer loop
    vertex -11.687347412109375 9.911977767944336 4.085531711578369
    vertex -11.90804672241211 7.911978721618652 3.9218521118164062
    vertex -11.687347412109375 7.911978721618652 4.085531711578369
  endloop
endfacet
facet normal 0.0 0.0 0.0
  outer loop
    vertex -12.143736839294434 7.911978721618652 3.7805819511413574
    vertex -11.90804672241211 9.911977767944336 3.9218521118164062
    vertex -12.143736839294434 9.911977767944336 3.7805819511413574
  endloop
endfacet
facet normal 0.0 0.0 0.0
  outer loop
    vertex -11.90804672241211 9.911977767944336 3.9218521118164062
    vertex -12.143736839294434 7.911978721618652 3.7805819511413574
    vertex -11.90804672241211 7.911978721618652 3.9218521118164062
  endloop
endfacet
facet normal 0.0 0.0 0.0
  outer loop
    vertex -10.717447280883789 9.911977767944336 5.703709602355957
    vertex -10.67712688446045 7.911978721618652 5.9755144119262695
    vertex -10.67712688446045 9.911977767944336 5.9755144119262695
  endloop
endfacet
facet normal 0.0 0.0 0.0
  outer loop
    vertex -10.67712688446045 7.911978721618652 5.9755144119262695
    vertex -10.717447280883789 9.911977767944336 5.703709602355957
    vertex -10.717447280883789 7.911978721618652 5.703709602355957
  endloop
endfacet
facet normal 0.0 0.0 0.0
  outer loop
    vertex -11.483747482299805 9.911977767944336 4.27006196975708
    vertex -11.299217224121094 7.911978721618652 4.47366189956665
    vertex -11.299217224121094 9.911977767944336 4.47366189956665
  endloop
endfacet
facet normal 0.0 0.0 0.0
  outer loop
    vertex -11.299217224121094 7.911978721618652 4.47366189956665
    vertex -11.483747482299805 9.911977767944336 4.27006196975708
    vertex -11.483747482299805 7.911978721618652 4.27006196975708
  endloop
endfacet
facet normal 0.0 0.0 0.0
  outer loop
    vertex -11.135537147521973 9.911977767944336 4.694361686706543
    vertex -10.994267463684082 7.911978721618652 4.930051803588867
    vertex -10.994267463684082 9.911977767944336 4.930051803588867
  endloop
endfacet
facet normal 0.0 0.0 0.0
  outer loop
    vertex -10.994267463684082 7.911978721618652 4.930051803588867
    vertex -11.135537147521973 9.911977767944336 4.694361686706543
    vertex -11.135537147521973 7.911978721618652 4.694361686706543
  endloop
endfacet
facet normal 0.0 0.0 0.0
  outer loop
    vertex -10.994267463684082 9.911977767944336 4.930051803588867
    vertex -10.876787185668945 7.911978721618652 5.1784515380859375
    vertex -10.876787185668945 9.911977767944336 5.1784515380859375
  endloop
endfacet
facet normal 0.0 0.0 0.0
  outer loop
    vertex -10.876787185668945 7.911978721618652 5.1784515380859375
    vertex -10.994267463684082 9.911977767944336 4.930051803588867
    vertex -10.994267463684082 7.911978721618652 4.930051803588867
  endloop
endfacet
facet normal 0.0 0.0 0.0
  outer loop
    vertex -14.276443481445312 7.911978721618652 3.5705323219299316
    vertex -14.00989818572998 9.911977767944336 3.5037622451782227
    vertex -14.276443481445312 9.911977767944336 3.5705323219299316
  endloop
endfacet
facet normal 0.0 0.0 0.0
  outer loop
    vertex -14.00989818572998 9.911977767944336 3.5037622451782227
    vertex -14.276443481445312 7.911978721618652 3.5705323219299316
    vertex -14.00989818572998 7.911978721618652 3.5037622451782227
  endloop
endfacet
facet normal 0.0 0.0 0.0
  outer loop
    vertex -15.4435453414917 7.911978721618652 4.27006196975708
    vertex -15.239945411682129 9.911977767944336 4.085531711578369
    vertex -15.4435453414917 9.911977767944336 4.27006196975708
  endloop
endfacet
facet normal 0.0 0.0 0.0
  outer loop
    vertex -15.239945411682129 9.911977767944336 4.085531711578369
    vertex -15.4435453414917 7.911978721618652 4.27006196975708
    vertex -15.239945411682129 7.911978721618652 4.085531711578369
  endloop
endfacet
facet normal 0.0 0.0 0.0
  outer loop
    vertex -15.239945411682129 7.911978721618652 4.085531711578369
    vertex -15.019245147705078 9.911977767944336 3.9218521118164062
    vertex -15.239945411682129 9.911977767944336 4.085531711578369
  endloop
endfacet
facet normal 0.0 0.0 0.0
  outer loop
    vertex -15.019245147705078 9.911977767944336 3.9218521118164062
    vertex -15.239945411682129 7.911978721618652 4.085531711578369
    vertex -15.019245147705078 7.911978721618652 3.9218521118164062
  endloop
endfacet
facet normal 0.0 0.0 0.0
  outer loop
    vertex -15.4435453414917 7.911978721618652 4.27006196975708
    vertex -15.62807559967041 9.911977767944336 4.47366189956665
    vertex -15.62807559967041 7.911978721618652 4.47366189956665
  endloop
endfacet
facet normal 0.0 0.0 0.0
  outer loop
    vertex -15.62807559967041 9.911977767944336 4.47366189956665
    vertex -15.4435453414917 7.911978721618652 4.27006196975708
    vertex -15.4435453414917 9.911977767944336 4.27006196975708
  endloop
endfacet
facet normal 0.0 0.0 0.0
  outer loop
    vertex -12.917393684387207 7.911978721618652 3.5037622451782227
    vertex -12.650849342346191 9.911977767944336 3.5705323219299316
    vertex -12.917393684387207 9.911977767944336 3.5037622451782227
  endloop
endfacet
facet normal 0.0 0.0 0.0
  outer loop
    vertex -12.650849342346191 9.911977767944336 3.5705323219299316
    vertex -12.917393684387207 7.911978721618652 3.5037622451782227
    vertex -12.650849342346191 7.911978721618652 3.5705323219299316
  endloop
endfacet
facet normal 0.0 0.0 0.0
  outer loop
    vertex -12.392136573791504 7.911978721618652 3.663102626800537
    vertex -12.143736839294434 9.911977767944336 3.7805819511413574
    vertex -12.392136573791504 9.911977767944336 3.663102626800537
  endloop
endfacet
facet normal 0.0 0.0 0.0
  outer loop
    vertex -12.143736839294434 9.911977767944336 3.7805819511413574
    vertex -12.392136573791504 7.911978721618652 3.663102626800537
    vertex -12.143736839294434 7.911978721618652 3.7805819511413574
  endloop
endfacet
facet normal 0.0 0.0 0.0
  outer loop
    vertex -62.23780822753906 64.80455780029297 4.76837158203125e-07
    vertex -60.23780822753906 64.80455780029297 8.5
    vertex -60.23780822753906 64.80455780029297 4.76837158203125e-07
  endloop
endfacet
facet normal 0.0 0.0 0.0
  outer loop
    vertex -62.23780822753906 64.80455780029297 4.76837158203125e-07
    vertex -62.23780822753906 64.80455780029297 8.5
    vertex -60.23780822753906 64.80455780029297 8.5
  endloop
endfacet
facet normal 0.0 0.0 0.0
  outer loop
    vertex -62.23780822753906 64.80455780029297 4.76837158203125e-07
    vertex -62.23780822753906 52.30455780029297 8.5
    vertex -62.23780822753906 64.80455780029297 8.5
  endloop
endfacet
facet normal 0.0 0.0 0.0
  outer loop
    vertex -62.23780822753906 64.80455780029297 4.76837158203125e-07
    vertex -62.23780822753906 52.30455780029297 4.76837158203125e-07
    vertex -62.23780822753906 52.30455780029297 8.5
  endloop
endfacet
facet normal 0.0 0.0 0.0
  outer loop
    vertex -62.23780822753906 64.80455780029297 8.5
    vertex -60.23780822753906 52.30455780029297 8.5
    vertex -60.23780822753906 64.80455780029297 8.5
  endloop
endfacet
facet normal 0.0 0.0 0.0
  outer loop
    vertex -62.23780822753906 64.80455780029297 8.5
    vertex -62.23780822753906 52.30455780029297 8.5
    vertex -60.23780822753906 52.30455780029297 8.5
  endloop
endfacet
facet normal 0.0 0.0 0.0
  outer loop
    vertex -60.23780822753906 64.80455780029297 4.76837158203125e-07
    vertex -60.23780822753906 64.80455780029297 8.5
    vertex -60.23780822753906 52.30455780029297 8.5
  endloop
endfacet
facet normal 0.0 0.0 0.0
  outer loop
    vertex -60.23780822753906 64.80455780029297 4.76837158203125e-07
    vertex -60.23780822753906 52.30455780029297 8.5
    vertex -60.23780822753906 52.30455780029297 4.76837158203125e-07
  endloop
endfacet
facet normal 0.0 0.0 0.0
  outer loop
    vertex -62.23780822753906 64.80455780029297 4.76837158203125e-07
    vertex -60.23780822753906 64.80455780029297 4.76837158203125e-07
    vertex -60.23780822753906 52.30455780029297 4.76837158203125e-07
  endloop
endfacet
facet normal 0.0 0.0 0.0
  outer loop
    vertex -62.23780822753906 64.80455780029297 4.76837158203125e-07
    vertex -60.23780822753906 52.30455780029297 4.76837158203125e-07
    vertex -62.23780822753906 52.30455780029297 4.76837158203125e-07
  endloop
endfacet
facet normal 0.0 0.0 0.0
  outer loop
    vertex -62.23780822753906 52.30455780029297 4.76837158203125e-07
    vertex -60.23780822753906 52.30455780029297 4.76837158203125e-07
    vertex -60.23780822753906 52.30455780029297 8.5
  endloop
endfacet
facet normal 0.0 0.0 0.0
  outer loop
    vertex -62.23780822753906 52.30455780029297 4.76837158203125e-07
    vertex -60.23780822753906 52.30455780029297 8.5
    vertex -62.23780822753906 52.30455780029297 8.5
  endloop
endfacet
facet normal 0.0 0.0 0.0
  outer loop
    vertex -72.23780822753906 64.80455780029297 4.76837158203125e-07
    vertex -62.23780822753906 64.80455780029297 2.0
    vertex -62.23780822753906 64.80455780029297 4.76837158203125e-07
  endloop
endfacet
facet normal 0.0 0.0 0.0
  outer loop
    vertex -72.23780822753906 64.80455780029297 4.76837158203125e-07
    vertex -72.23780822753906 64.80455780029297 2.0
    vertex -62.23780822753906 64.80455780029297 2.0
  endloop
endfacet
facet normal 0.0 0.0 0.0
  outer loop
    vertex -72.23780822753906 64.80455780029297 4.76837158203125e-07
    vertex -72.23780822753906 52.30455780029297 2.000000476837158
    vertex -72.23780822753906 64.80455780029297 2.0
  endloop
endfacet
facet normal 0.0 0.0 0.0
  outer loop
    vertex -72.23780822753906 64.80455780029297 4.76837158203125e-07
    vertex -72.23780822753906 52.30455780029297 4.76837158203125e-07
    vertex -72.23780822753906 52.30455780029297 2.000000476837158
  endloop
endfacet
facet normal 0.0 0.0 0.0
  outer loop
    vertex -72.23780822753906 64.80455780029297 2.0
    vertex -62.23780822753906 52.30455780029297 2.000000476837158
    vertex -62.23780822753906 64.80455780029297 2.0
  endloop
endfacet
facet normal 0.0 0.0 0.0
  outer loop
    vertex -72.23780822753906 64.80455780029297 2.0
    vertex -72.23780822753906 52.30455780029297 2.000000476837158
    vertex -62.23780822753906 52.30455780029297 2.000000476837158
  endloop
endfacet
facet normal 0.0 0.0 0.0
  outer loop
    vertex -62.23780822753906 64.80455780029297 4.76837158203125e-07
    vertex -62.23780822753906 64.80455780029297 2.0
    vertex -62.23780822753906 52.30455780029297 2.000000476837158
  endloop
endfacet
facet normal 0.0 0.0 0.0
  outer loop
    vertex -62.23780822753906 64.80455780029297 4.76837158203125e-07
    vertex -62.23780822753906 52.30455780029297 2.000000476837158
    vertex -62.23780822753906 52.30455780029297 4.76837158203125e-07
  endloop
endfacet
facet normal 0.0 0.0 0.0
  outer loop
    vertex -72.23780822753906 64.80455780029297 4.76837158203125e-07
    vertex -62.23780822753906 64.80455780029297 4.76837158203125e-07
    vertex -62.23780822753906 52.30455780029297 4.76837158203125e-07
  endloop
endfacet
facet normal 0.0 0.0 0.0
  outer loop
    vertex -72.23780822753906 64.80455780029297 4.76837158203125e-07
    vertex -62.23780822753906 52.30455780029297 4.76837158203125e-07
    vertex -72.23780822753906 52.30455780029297 4.76837158203125e-07
  endloop
endfacet
facet normal 0.0 0.0 0.0
  outer loop
    vertex -72.23780822753906 52.30455780029297 4.76837158203125e-07
    vertex -62.23780822753906 52.30455780029297 4.76837158203125e-07
    vertex -62.23780822753906 52.30455780029297 2.000000476837158
  endloop
endfacet
facet normal 0.0 0.0 0.0
  outer loop
    vertex -72.23780822753906 52.30455780029297 4.76837158203125e-07
    vertex -62.23780822753906 52.30455780029297 2.000000476837158
    vertex -72.23780822753906 52.30455780029297 2.000000476837158
  endloop
endfacet
facet normal 0.0 0.0 0.0
  outer loop
    vertex -60.23780822753906 54.30455780029297 4.76837158203125e-07
    vertex -56.23780822753906 54.30455780029297 8.5
    vertex -56.23780822753906 54.30455780029297 4.76837158203125e-07
  endloop
endfacet
facet normal 0.0 0.0 0.0
  outer loop
    vertex -60.23780822753906 54.30455780029297 4.76837158203125e-07
    vertex -60.23780822753906 54.30455780029297 8.5
    vertex -56.23780822753906 54.30455780029297 8.5
  endloop
endfacet
facet normal 0.0 0.0 0.0
  outer loop
    vertex -60.23780822753906 54.30455780029297 4.76837158203125e-07
    vertex -60.23780822753906 52.30455780029297 8.5
    vertex -60.23780822753906 54.30455780029297 8.5
  endloop
endfacet
facet normal 0.0 0.0 0.0
  outer loop
    vertex -60.23780822753906 54.30455780029297 4.76837158203125e-07
    vertex -60.23780822753906 52.30455780029297 4.76837158203125e-07
    vertex -60.23780822753906 52.30455780029297 8.5
  endloop
endfacet
facet normal 0.0 0.0 0.0
  outer loop
    vertex -60.23780822753906 54.30455780029297 8.5
    vertex -56.23780822753906 52.30455780029297 8.5
    vertex -56.23780822753906 54.30455780029297 8.5
  endloop
endfacet
facet normal 0.0 0.0 0.0
  outer loop
    vertex -60.23780822753906 54.30455780029297 8.5
    vertex -60.23780822753906 52.30455780029297 8.5
    vertex -56.23780822753906 52.30455780029297 8.5
  endloop
endfacet
facet normal 0.0 0.0 0.0
  outer loop
    vertex -56.23780822753906 54.30455780029297 4.76837158203125e-07
    vertex -56.23780822753906 54.30455780029297 8.5
    vertex -56.23780822753906 52.30455780029297 8.5
  endloop
endfacet
facet normal 0.0 0.0 0.0
  outer loop
    vertex -56.23780822753906 54.30455780029297 4.76837158203125e-07
    vertex -56.23780822753906 52.30455780029297 8.5
    vertex -56.23780822753906 52.30455780029297 4.76837158203125e-07
  endloop
endfacet
facet normal 0.0 0.0 0.0
  outer loop
    vertex -60.23780822753906 54.30455780029297 4.76837158203125e-07
    vertex -56.23780822753906 54.30455780029297 4.76837158203125e-07
    vertex -56.23780822753906 52.30455780029297 4.76837158203125e-07
  endloop
endfacet
facet normal 0.0 0.0 0.0
  outer loop
    vertex -60.23780822753906 54.30455780029297 4.76837158203125e-07
    vertex -56.23780822753906 52.30455780029297 4.76837158203125e-07
    vertex -60.23780822753906 52.30455780029297 4.76837158203125e-07
  endloop
endfacet
facet normal 0.0 0.0 0.0
  outer loop
    vertex -60.23780822753906 52.30455780029297 4.76837158203125e-07
    vertex -56.23780822753906 52.30455780029297 4.76837158203125e-07
    vertex -56.23780822753906 52.30455780029297 8.5
  endloop
endfacet
facet normal 0.0 0.0 0.0
  outer loop
    vertex -60.23780822753906 52.30455780029297 4.76837158203125e-07
    vertex -56.23780822753906 52.30455780029297 8.5
    vertex -60.23780822753906 52.30455780029297 8.5
  endloop
endfacet
facet normal 0.0 0.0 0.0
  outer loop
    vertex -60.23780822753906 64.80455780029297 4.76837158203125e-07
    vertex -56.23780822753906 64.80455780029297 8.5
    vertex -56.23780822753906 64.80455780029297 4.76837158203125e-07
  endloop
endfacet
facet normal 0.0 0.0 0.0
  outer loop
    vertex -60.23780822753906 64.80455780029297 4.76837158203125e-07
    vertex -60.23780822753906 64.80455780029297 8.5
    vertex -56.23780822753906 64.80455780029297 8.5
  endloop
endfacet
facet normal 0.0 0.0 0.0
  outer loop
    vertex -60.23780822753906 64.80455780029297 4.76837158203125e-07
    vertex -60.23780822753906 62.80455780029297 8.5
    vertex -60.23780822753906 64.80455780029297 8.5
  endloop
endfacet
facet normal 0.0 0.0 0.0
  outer loop
    vertex -60.23780822753906 64.80455780029297 4.76837158203125e-07
    vertex -60.23780822753906 62.80455780029297 4.76837158203125e-07
    vertex -60.23780822753906 62.80455780029297 8.5
  endloop
endfacet
facet normal 0.0 0.0 0.0
  outer loop
    vertex -60.23780822753906 64.80455780029297 8.5
    vertex -56.23780822753906 62.80455780029297 8.5
    vertex -56.23780822753906 64.80455780029297 8.5
  endloop
endfacet
facet normal 0.0 0.0 0.0
  outer loop
    vertex -60.23780822753906 64.80455780029297 8.5
    vertex -60.23780822753906 62.80455780029297 8.5
    vertex -56.23780822753906 62.80455780029297 8.5
  endloop
endfacet
facet normal 0.0 0.0 0.0
  outer loop
    vertex -56.23780822753906 64.80455780029297 4.76837158203125e-07
    vertex -56.23780822753906 64.80455780029297 8.5
    vertex -56.23780822753906 62.80455780029297 8.5
  endloop
endfacet
facet normal 0.0 0.0 0.0
  outer loop
    vertex -56.23780822753906 64.80455780029297 4.76837158203125e-07
    vertex -56.23780822753906 62.80455780029297 8.5
    vertex -56.23780822753906 62.80455780029297 4.76837158203125e-07
  endloop
endfacet
facet normal 0.0 0.0 0.0
  outer loop
    vertex -60.23780822753906 64.80455780029297 4.76837158203125e-07
    vertex -56.23780822753906 64.80455780029297 4.76837158203125e-07
    vertex -56.23780822753906 62.80455780029297 4.76837158203125e-07
  endloop
endfacet
facet normal 0.0 0.0 0.0
  outer loop
    vertex -60.23780822753906 64.80455780029297 4.76837158203125e-07
    vertex -56.23780822753906 62.80455780029297 4.76837158203125e-07
    vertex -60.23780822753906 62.80455780029297 4.76837158203125e-07
  endloop
endfacet
facet normal 0.0 0.0 0.0
  outer loop
    vertex -60.23780822753906 62.80455780029297 4.76837158203125e-07
    vertex -56.23780822753906 62.80455780029297 4.76837158203125e-07
    vertex -56.23780822753906 62.80455780029297 8.5
  endloop
endfacet
facet normal 0.0 0.0 0.0
  outer loop
    vertex -60.23780822753906 62.80455780029297 4.76837158203125e-07
    vertex -56.23780822753906 62.80455780029297 8.5
    vertex -60.23780822753906 62.80455780029297 8.5
  endloop
endfacet
endsolid Uranium STLWriter Thu 28 May 2026 15:25:17
